$MeshFormat
2.2 0 8
$EndMeshFormat
$Nodes
4970
1 -0.09099255856655061 0 0
2 0.09099255856655061 0.5 0
3 0.1511328862968487 0.4781107108271572 0
4 0.147712684863592 0.4687137846192981 0
5 0.1306116776973086 0.4217291535800026 0
6 0.1135106705310252 0.3747445225407072 0
7 -0.02288518112809224 0 0
8 0.1135106705310252 -0.3747445225407072 0
9 0.1306116776973086 -0.4217291535800026 0
10 0.147712684863592 -0.4687137846192981 0
11 0.1511328862968487 -0.4781107108271572 0
12 0.09099255856655061 -0.5 0
13 -20.09099255856655 -12.5 0
14 26.09099255856655 -12.5 0
15 26.09099255856655 12.5 0
16 -20.09099255856655 12.5 0
17 -2.590992558566551 -4 0
18 26.09099255856655 -4 0
19 26.09099255856655 4 0
20 -2.590992558566551 4 0
21 -0.068244418924955 0.06249999999988447 0
22 -0.04549627928338337 0.1249999999997031 0
23 -0.02274813964181284 0.1874999999995187 0
24 -2.402800181044995e-13 0.2499999999993398 0
25 0.02274813964145557 0.3124999999994997 0
26 0.04549627928315564 0.3749999999996712 0
27 0.06824441892485406 0.4374999999998382 0
28 0.1434374330720376 0.4569676268595195 0
29 0.1391621812804798 0.4452214690997313 0
30 0.134886929488882 0.4334753113398335 0
31 0.1263364259057522 0.4099829958202184 0
32 0.1220611741141964 0.3982368380604359 0
33 0.1177859223226111 0.3864906803005724 0
34 0.1081381084211064 0.3599835294590879 0
35 0.1019190577643776 0.3428968282092809 0
36 0.09472014593046431 0.3231179805009596 0
37 0.08638698922885714 0.300222820630517 0
38 0.07674087623776127 0.2737203430019732 0
39 0.06557494270094776 0.243042192742447 0
40 0.05264972875675907 0.2075304592891686 0
41 0.03768804569096176 0.1664235729088539 0
42 0.02036902551502563 0.1188399560483904 0
43 0.0003212626199428359 0.06375918018357024 0
44 0.0003212626197989371 -0.06375918018317486 0
45 0.02036902551476382 -0.1188399560476711 0
46 0.03768804569061876 -0.1664235729079115 0
47 0.05264972875643872 -0.2075304592882884 0
48 0.06557494270071602 -0.2430421927418103 0
49 0.07674087623760067 -0.273720343001532 0
50 0.08638698922875129 -0.3002228206302262 0
51 0.09472014593040157 -0.3231179805007872 0
52 0.1019190577643413 -0.3428968282091813 0
53 0.1081381084210906 -0.3599835294590443 0
54 0.1177859223225807 -0.3864906803004888 0
55 0.1220611741141349 -0.398236838060267 0
56 0.1263364259057217 -0.4099829958201348 0
57 0.1348869294888647 -0.433475311339786 0
58 0.1391621812804313 -0.4452214690995981 0
59 0.1434374330720099 -0.4569676268594433 0
60 0.06824441892483848 -0.4374999999997954 0
61 0.04549627928334463 -0.3750000000001905 0
62 0.02274813964185486 -0.3125000000005967 0
63 3.613220833642572e-13 -0.2500000000009927 0
64 -0.02274813964136348 -0.1875000000007533 0
65 -0.04549627928309424 -0.1250000000004975 0
66 -0.06824441892482339 -0.06250000000024614 0
67 -19.10839713054463 -12.5 0
68 -18.12580170252271 -12.5 0
69 -17.14320627450078 -12.5 0
70 -16.16061084647824 -12.5 0
71 -15.17801541845409 -12.5 0
72 -14.19541999043086 -12.5 0
73 -13.21282456240894 -12.5 0
74 -12.23022913438701 -12.5 0
75 -11.24763370636527 -12.5 0
76 -10.26503827834506 -12.5 0
77 -9.282442850324022 -12.5 0
78 -8.299847422302099 -12.5 0
79 -7.317251994280314 -12.5 0
80 -6.334656566260078 -12.5 0
81 -5.352061138239105 -12.5 0
82 -4.369465710217183 -12.5 0
83 -3.386870282195261 -12.5 0
84 -2.404274854173334 -12.5 0
85 -1.421679426151929 -12.5 0
86 -0.4390839981336114 -12.5 0
87 0.5435114298868768 -12.5 0
88 1.5261068579088 -12.5 0
89 2.508702285930724 -12.5 0
90 3.491297713956428 -12.5 0
91 4.473893141983705 -12.5 0
92 5.456488570009405 -12.5 0
93 6.439083998035105 -12.5 0
94 7.421679426060798 -12.5 0
95 8.404274854086498 -12.5 0
96 9.386870282112191 -12.5 0
97 10.36946571014057 -12.5 0
98 11.35206113816995 -12.5 0
99 12.33465656619815 -12.5 0
100 13.31725199422764 -12.5 0
101 14.29984742225713 -12.5 0
102 15.28244285028656 -12.5 0
103 16.26503827830981 -12.5 0
104 17.24763370633174 -12.5 0
105 18.23022913435366 -12.5 0
106 19.21282456237558 -12.5 0
107 20.19541999039751 -12.5 0
108 21.17801541841996 -12.5 0
109 22.16061084644859 -12.5 0
110 23.14320627447808 -12.5 0
111 24.12580170250758 -12.5 0
112 25.10839713053707 -12.5 0
113 26.09099255856655 -11.57929130910056 0
114 26.09099255856655 -10.71343409090034 0
115 26.09099255856655 -9.899160479934226 0
116 26.09099255856655 -9.133397386924521 0
117 26.09099255856655 -8.413254973857459 0
118 26.09099255856655 -7.736015111154184 0
119 26.09099255856655 -7.099121994724009 0
120 26.09099255856655 -6.50017199311124 0
121 26.09099255856655 -5.936904633330513 0
122 26.09099255856655 -5.407194032242333 0
123 26.09099255856655 -4.909041105728885 0
124 26.09099255856655 -4.440565834518122 0
125 26.09099255856655 -3.555555555556789 0
126 26.09099255856655 -3.111111111113578 0
127 26.09099255856655 -2.666666666670367 0
128 26.09099255856655 -2.222222222227156 0
129 26.09099255856655 -1.777777777783945 0
130 26.09099255856655 -1.333333333340734 0
131 26.09099255856655 -0.8888888888975237 0
132 26.09099255856655 -0.4444444444543127 0
133 26.09099255856655 -1.101430058270125e-11 0
134 26.09099255856655 0.4444444444345779 0
135 26.09099255856655 0.8888888888802553 0
136 26.09099255856655 1.333333333325933 0
137 26.09099255856655 1.77777777777161 0
138 26.09099255856655 2.222222222217288 0
139 26.09099255856655 2.666666666662966 0
140 26.09099255856655 3.111111111108644 0
141 26.09099255856655 3.555555555554323 0
142 26.09099255856655 4.440565834517249 0
143 26.09099255856655 4.909041105722623 0
144 26.09099255856655 5.407194032229319 0
145 26.09099255856655 5.936904633309918 0
146 26.09099255856655 6.500171993082163 0
147 26.09099255856655 7.099121994685447 0
148 26.09099255856655 7.736015111105048 0
149 26.09099255856655 8.413254973799038 0
150 26.09099255856655 9.133397386876499 0
151 26.09099255856655 9.899160479898123 0
152 26.09099255856655 10.71343409087789 0
153 26.09099255856655 11.57929130909361 0
154 25.10839713054465 12.5 0
155 24.12580170252274 12.5 0
156 23.14320627450083 12.5 0
157 22.1606108464783 12.5 0
158 21.17801541845269 12.5 0
159 20.19541999042817 12.5 0
160 19.21282456240626 12.5 0
161 18.23022913438436 12.5 0
162 17.24763370636281 12.5 0
163 16.26503827834426 12.5 0
164 15.28244285032349 12.5 0
165 14.29984742230158 12.5 0
166 13.31725199427981 12.5 0
167 12.33465656625959 12.5 0
168 11.35206113823863 12.5 0
169 10.36946571021673 12.5 0
170 9.386870282194817 12.5 0
171 8.404274854172908 12.5 0
172 7.421679426151513 12.5 0
173 6.43908399813321 12.5 0
174 5.456488570112739 12.5 0
175 4.47389314209083 12.5 0
176 3.491297714068921 12.5 0
177 2.508702286043235 12.5 0
178 1.526106858015964 12.5 0
179 0.5435114299902857 12.5 0
180 -0.4390839980353967 12.5 0
181 -1.421679426061083 12.5 0
182 -2.404274854086761 12.5 0
183 -3.386870282112447 12.5 0
184 -4.369465710140805 12.5 0
185 -5.352061138170164 12.5 0
186 -6.334656566198358 12.5 0
187 -7.317251994227828 12.5 0
188 -8.299847422257304 12.5 0
189 -9.282442850286717 12.5 0
190 -10.26503827830996 12.5 0
191 -11.24763370633186 12.5 0
192 -12.23022913435377 12.5 0
193 -13.21282456237568 12.5 0
194 -14.19541999039759 12.5 0
195 -15.17801541842003 12.5 0
196 -16.16061084644865 12.5 0
197 -17.14320627447812 12.5 0
198 -18.1258017025076 12.5 0
199 -19.10839713053707 12.5 0
200 -20.09099255856655 11.50000000000169 0
201 -20.09099255856655 10.50000000000339 0
202 -20.09099255856655 9.500000000005207 0
203 -20.09099255856655 8.500000000012992 0
204 -20.09099255856655 7.500000000020334 0
205 -20.09099255856655 6.500000000025582 0
206 -20.09099255856655 5.50000000003083 0
207 -20.09099255856655 4.500000000035745 0
208 -20.09099255856655 3.500000000037454 0
209 -20.09099255856655 2.500000000039151 0
210 -20.09099255856655 1.500000000040847 0
211 -20.09099255856655 0.5000000000425437 0
212 -20.09099255856655 -0.4999999999557616 0
213 -20.09099255856655 -1.499999999954063 0
214 -20.09099255856655 -2.499999999952369 0
215 -20.09099255856655 -3.499999999951312 0
216 -20.09099255856655 -4.499999999956668 0
217 -20.09099255856655 -5.499999999962085 0
218 -20.09099255856655 -6.499999999967503 0
219 -20.09099255856655 -7.499999999972921 0
220 -20.09099255856655 -8.499999999978336 0
221 -20.09099255856655 -9.49999999998375 0
222 -20.09099255856655 -10.49999999998916 0
223 -20.09099255856655 -11.49999999999458 0
224 -2.142836541112111 -4 0
225 -1.694680523657801 -4 0
226 -1.246524506203534 -4 0
227 -0.798368488749267 -4 0
228 -0.350212471294697 -4 0
229 0.09794354615991674 -4 0
230 0.54609956361453 -4 0
231 0.9942555810690568 -4 0
232 1.44241159852315 -4 0
233 1.890567615977417 -4 0
234 2.338723633431164 -4 0
235 2.786879650885258 -4 0
236 3.235035668339352 -4 0
237 3.6831916857931 -4 0
238 4.131347703247366 -4 0
239 4.579503720701113 -4 0
240 5.02765973815486 -4 0
241 5.47581575560895 -4 0
242 5.923971773062526 -4 0
243 6.372127790516098 -4 0
244 6.820283807970018 -4 0
245 7.268439825424981 -4 0
246 7.716595842878901 -4 0
247 8.164751860332473 -4 0
248 8.612907877786048 -4 0
249 9.061063895239968 -4 0
250 9.509219912694929 -4 0
251 9.957375930148851 -4 0
252 10.40553194760242 -4 0
253 10.853687965056 -4 0
254 11.30184398250957 -4 0
255 11.74999999996453 -4 0
256 12.19815601742088 -4 0
257 12.64631203487722 -4 0
258 13.09446805233357 -4 0
259 13.54262406978957 -4 0
260 13.99078008724452 -4 0
261 14.43893610469948 -4 0
262 14.88709212215444 -4 0
263 15.33524813961009 -4 0
264 15.78340415706783 -4 0
265 16.23156017452556 -4 0
266 16.67971619198329 -4 0
267 17.12787220944103 -4 0
268 17.57602822689876 -4 0
269 18.02418424435441 -4 0
270 18.47234026180937 -4 0
271 18.92049627926433 -4 0
272 19.36865229671929 -4 0
273 19.81680831417425 -4 0
274 20.26496433162989 -4 0
275 20.71312034908763 -4 0
276 21.16127636654536 -4 0
277 21.6094323840031 -4 0
278 22.05758840146083 -4 0
279 22.50574441891856 -4 0
280 22.95390043637421 -4 0
281 23.40205645382917 -4 0
282 23.85021247128413 -4 0
283 24.29836848873909 -4 0
284 24.74652450619405 -4 0
285 25.19468052365108 -4 0
286 25.64283654110882 -4 0
287 25.64283654111434 4 0
288 25.19468052366004 4 0
289 24.74652450620505 4 0
290 24.29836848875006 4 0
291 23.85021247129508 4 0
292 23.40205645384009 4 0
293 22.9539004363851 4 0
294 22.50574441893011 4 0
295 22.05758840147512 4 0
296 21.60943238402013 4 0
297 21.16127636656722 4 0
298 20.71312034911293 4 0
299 20.26496433165794 4 0
300 19.81680831420295 4 0
301 19.36865229674796 4 0
302 18.92049627929297 4 0
303 18.47234026183798 4 0
304 18.02418424438368 4 0
305 17.57602822693147 4 0
306 17.12787220947926 4 0
307 16.67971619202704 4 0
308 16.23156017457483 4 0
309 15.78340415712227 4 0
310 15.33524813966866 4 0
311 14.88709212221506 4 0
312 14.43893610476111 4 0
313 13.99078008730612 4 0
314 13.54262406985218 4 0
315 13.09446805239857 4 0
316 12.64631203494497 4 0
317 12.19815601749137 4 0
318 11.75000000003638 4 0
319 11.30184398258 4 0
320 10.85368796512363 4 0
321 10.40553194766725 4 0
322 9.957375930211228 4 0
323 9.509219912756244 4 0
324 9.061063895301256 4 0
325 8.612907877846268 4 0
326 8.164751860390588 4 0
327 7.716595842932826 4 0
328 7.268439825475063 4 0
329 6.820283808017304 4 0
330 6.372127790559542 4 0
331 5.92397177310178 4 0
332 5.475815755646099 4 0
333 5.027659738191115 4 0
334 4.579503720736128 4 0
335 4.13134770328114 4 0
336 3.683191685826156 4 0
337 3.235035668370475 4 0
338 2.786879650912713 4 0
339 2.338723633454951 4 0
340 1.890567615997188 4 0
341 1.442411598539426 4 0
342 0.9942555810816671 4 0
343 0.5460995636259867 4 0
344 0.09794354617099899 4 0
345 -0.3502124712839887 4 0
346 -0.7983684887389728 4 0
347 -1.24652450619396 4 0
348 -1.694680523651027 4 0
349 -2.142836541108789 4 0
350 -2.590992558566551 3.555555555556789 0
351 -2.590992558566551 3.111111111113578 0
352 -2.590992558566551 2.666666666670367 0
353 -2.590992558566551 2.222222222227156 0
354 -2.590992558566551 1.777777777783945 0
355 -2.590992558566551 1.333333333340734 0
356 -2.590992558566551 0.8888888888975237 0
357 -2.590992558566551 0.4444444444543127 0
358 -2.590992558566551 1.101430058270125e-11 0
359 -2.590992558566551 -0.4444444444345779 0
360 -2.590992558566551 -0.8888888888802553 0
361 -2.590992558566551 -1.333333333325933 0
362 -2.590992558566551 -1.77777777777161 0
363 -2.590992558566551 -2.222222222217288 0
364 -2.590992558566551 -2.666666666662966 0
365 -2.590992558566551 -3.111111111108644 0
366 -2.590992558566551 -3.555555555554323 0
367 -11.29969485279223 3.74854935152619 0
368 -10.22141718451882 -3.77777777777716 0
369 -7.493510693312598 0.6935507616973032 0
370 -7.130398435644877 5.204162606354758 0
371 22.23326884503988 7.685018744915559 0
372 18.23427909000434 7.907149385773002 0
373 14.18120745335897 8.037023083605902 0
374 10.14791251937181 8.037102385569868 0
375 6.11446173615158 8.037465854625777 0
376 2.090604018886351 8.034938797972968 0
377 -1.918758532379908 8.027174957779193 0
378 22.23326884502057 -7.685018744923675 0
379 18.23427908997412 -7.907149385790984 0
380 14.18120745329683 -8.037023083632619 0
381 10.14791251930642 -8.037102385570655 0
382 6.114461736108992 -8.037465854608136 0
383 2.090604018864514 -8.034938797954597 0
384 -1.848002950695712 -8.095551953701342 0
385 -6.328809685279954 -2.888888888885803 0
386 -14.63089587045124 -0.5571535997878742 0
387 -5.325544126563933 -6.513935962418778 0
388 -14.45957952208627 -6.965558470665034 0
389 -14.96428782186137 7.376257802817037 0
390 -10.32030819806839 8.082845564189737 0
391 -5.366639475917483 2.465243347518793 0
392 -9.501102483419572 -8.088284675200782 0
393 -5.127461484203587 -0.6403618887792891 0
394 -4.324010381785014 6.365587946246343 0
395 -11.07733315820819 0.1343610670827951 0
396 -6.957335616200406 8.699552778892524 0
397 -15.24032261311364 3.335685670903785 0
398 16.45563818330093 6.408982898187143 0
399 20.04088632290207 -6.40898289819816 0
400 20.04088632293042 6.408982898191374 0
401 16.45563818325447 -6.408982898201304 0
402 12.42223402621818 6.406332712408857 0
403 12.42223402614903 -6.406332712425289 0
404 8.388829869059267 -6.406330547521416 0
405 8.388829869118418 6.406330547522521 0
406 4.355425712008633 6.406330547527326 0
407 4.355425711974237 -6.406330547515345 0
408 0.35392677757907 6.4810853481385 0
409 0.3552203803185544 -6.479650610190825 0
410 23.86819256666817 -6.282622738153078 0
411 23.86819256669213 6.282622738137111 0
412 -8.767177592188597 3.198672155422484 0
413 -16.40784503303206 -3.796937419689239 0
414 -4.442740011687636 -2.417204642012155 0
415 -7.967309588745253 -5.168989812445601 0
416 -2.36691454983767 5.969437462258553 0
417 -2.392674667334407 -5.998685537046385 0
418 -8.735673082616863 -1.815039765576799 0
419 -4.592671810664268 -9.46990661841439 0
420 21.78614214802317 5.787810070701264 0
421 21.84479012843951 -5.86954320980343 0
422 18.29110147127539 -5.987802944399259 0
423 14.56836912039527 -5.825451552168936 0
424 14.58656373626871 5.945289677395679 0
425 18.20542303491867 5.987802944388205 0
426 10.53513117437181 -5.825144014017059 0
427 10.53513117443919 5.825144014017044 0
428 6.501764832850485 5.82520093763867 0
429 6.501764832804776 -5.825200937630104 0
430 2.468420381203579 -5.825289181788881 0
431 2.468420381228025 5.825289181798946 0
432 -4.549487101541187 -4.695830262097234 0
433 -4.602457688149856 4.305518687595947 0
434 -9.469165494066262 5.458966154379572 0
435 -4.336799068670357 8.941935077860819 0
436 -13.23048041667796 -3.373232935852159 0
437 -4.289015997000308 1.111111111119129 0
438 20.37051846800247 9.766089226078428 0
439 20.37051846798228 -9.766089226080974 0
440 -12.4575401672676 -9.34736017575959 0
441 0.07685946244936524 -9.819750770831982 0
442 -0.06830514537588656 9.681967153593382 0
443 4.234175588565451 -9.83023564086759 0
444 4.234175588595082 9.830235640878859 0
445 8.268367715151983 9.822731643369904 0
446 8.268367715088489 -9.822731643370405 0
447 12.30207391931665 9.817670731311535 0
448 12.30207391924038 -9.817670731320904 0
449 16.22865551724521 9.810402173572339 0
450 16.22865551720723 -9.810402173574749 0
451 -12.42996562823806 6.390978610528202 0
452 -11.83394225009709 -6.20453379536592 0
453 -13.13250895474836 1.852106563978876 0
454 -16.91566730236405 -9.307231301436872 0
455 -12.90738241561297 9.529533631872392 0
456 -17.14296195560476 1.049991669690185 0
457 23.82043656633443 -9.516278933429369 0
458 23.82043656635365 9.51627893338731 0
459 -17.08856072929568 9.498064874364911 0
460 -17.20385347262047 5.55341098243447 0
461 -6.999884557744195 -8.4415662807203 0
462 -1.0224464974764 -5.448510174459993 0
463 -4.014912212286434 2.882026679316106 0
464 -1.031068971224298 5.446042886122554 0
465 -6.893933335192316 -1.136700191951173 0
466 -17.33715160043353 -6.431528320410976 0
467 -9.431416063589639 1.15705896506756 0
468 -6.884505681074015 3.394634383363593 0
469 -5.908063542535143 0.8156426429181415 0
470 -8.05654825963952 6.853287593443562 0
471 -3.674108976544579 -7.333957278198279 0
472 -8.908020415432235 9.968431708148158 0
473 -6.144246378440874 6.931776484376143 0
474 13.29953217711408 -5.334316320299727 0
475 13.29953217717805 5.334316320291753 0
476 9.266124364030938 -5.334340674362403 0
477 9.266124364091576 5.334340674364544 0
478 5.232720204095189 5.334340694869346 0
479 5.232720204057904 -5.334340694863613 0
480 1.191260886706174 -5.342721227841534 0
481 1.191436407469541 5.342759133427665 0
482 -2.372174974065234 10.22926266471804 0
483 -11.47046236245419 -1.984440263136815 0
484 -3.881795934442702 -0.2222222222117817 0
485 18.35828305692526 -10.147021633803 0
486 18.3582830569558 10.14702163377662 0
487 -2.10915508222767 -10.26927122831491 0
488 -16.93917907378532 -1.398312149053298 0
489 -13.26682525604958 4.328479396843647 0
490 10.12949525394901 10.00176168014506 0
491 10.12949525388051 -10.00176168014344 0
492 14.16087044490229 -9.999816786919149 0
493 14.16087044495658 9.999816786874522 0
494 6.09641399818122 10.00345719264704 0
495 6.096413998132863 -10.00345719261457 0
496 2.063331615442218 10.00523488623956 0
497 2.063331615420036 -10.00523488621555 0
498 24.36932197640601 7.878259443231357 0
499 24.36932197639367 -7.87825944326419 0
500 -8.077193158085873 -3.418480035506592 0
501 -3.451073953152004 5.158908625033614 0
502 24.8413482914214 -5.32227667604512 0
503 24.84134829143409 5.322276676031156 0
504 -8.777303626551998 -10.11157460252743 0
505 19.60390474145726 -5.220768458139835 0
506 20.47786992999822 5.220771963994022 0
507 16.89261976474278 5.22076845813385 0
508 16.01774853156128 -5.220602531647721 0
509 11.98343931591669 -5.217538749627196 0
510 11.98343931598759 5.217538749619454 0
511 7.950035165114375 -5.217537749848124 0
512 7.950035165170326 5.217537749849358 0
513 3.916631008062355 5.217537749851269 0
514 3.916631008028958 -5.217537749845341 0
515 23.22570484504324 -5.227215356644087 0
516 23.22067357215193 5.23695125234384 0
517 -3.58307870376243 -5.158221302539241 0
518 -11.04359372292236 1.963338447425439 0
519 -6.379427121336432 -4.592178956282954 0
520 -17.57893380137598 3.29621813719448 0
521 -0.1793223790578327 -8.128100691300221 0
522 -0.06066020005997733 8.269829395703312 0
523 -14.66032249593572 -10.15680701988654 0
524 3.866297395644457 -8.089457559749727 0
525 3.866297395667651 8.089457559759568 0
526 7.89711917615453 8.085887483522088 0
527 7.897119176109475 -8.085887483522022 0
528 -6.806739525973523 2.056903931229871 0
529 11.92885414511527 8.083582109558762 0
530 11.92885414504621 -8.083582109569827 0
531 15.96075243591329 8.084241418572146 0
532 15.96075243585088 -8.084241418579953 0
533 -9.8072495811533 -5.774574623089633 0
534 20.5518788284085 8.086768761858304 0
535 20.55187882839289 -8.086768761861796 0
536 -3.809852033640663 -1.456362407676814 0
537 -5.733147699571423 10.32322173036867 0
538 -3.750993278833159 -3.402398999708713 0
539 20.93238542163991 -5.198922226538954 0
540 17.34690387440743 -5.205724304571453 0
541 19.14962063178277 5.205724304565878 0
542 15.56511932995182 5.200733525934237 0
543 -5.515996796699821 5.478590464108203 0
544 -1.044837888836742 6.876014480450799 0
545 -15.01029326496214 10.28431597047683 0
546 -1.00677807924206 -6.899628125560644 0
547 -15.09979164607095 1.415790392408413 0
548 -10.7747151600176 10.05886613212355 0
549 -15.10629417279194 5.380676058086281 0
550 -14.71927498624767 -4.972176794946574 0
551 22.17141453235539 9.493449523383426 0
552 22.17141453232921 -9.493449523392089 0
553 -12.77631183875403 -0.5977417867409021 0
554 -6.308601429887874 -10.35971822559651 0
555 0.09422799197519749 -5.129706252772004 0
556 -3.118468168218498 7.212621719401791 0
557 0.09291167465852565 5.165336132164964 0
558 -5.594800258183647 -1.846961503780829 0
559 -8.788954384010735 -0.1611313256279069 0
560 -17.92744107448108 7.553526368876466 0
561 -10.62915017137044 -10.4443579907459 0
562 -7.096154103917076 -6.79975012402276 0
563 -8.302331883340612 4.555451112765618 0
564 -10.08731009863706 -1.045936044618921 0
565 -15.01305189097318 -2.454749947000687 0
566 5.566404304866701 6.51370681543688 0
567 5.566404304825957 -6.513706815424042 0
568 1.542539935264616 6.544406554206283 0
569 1.542539935245575 -6.544406554192993 0
570 9.599870661596253 6.513793450266929 0
571 9.599870661532321 -6.513793450260058 0
572 13.63305414045215 6.513701179976145 0
573 13.63305414038854 -6.513701179988717 0
574 -5.669004485297487 3.6514944867882 0
575 -11.08837448878602 5.383386352523612 0
576 -3.635342226902541 1.978247197814595 0
577 -3.653072345408421 3.649956727005812 0
578 -5.212219629929571 -3.447886303645933 0
579 -8.070258791132567 1.95309252025882 0
580 -1.914584943654045 -4.997368899549044 0
581 -11.97564186318871 -4.442831586253615 0
582 -9.87299111150392 4.002016790980069 0
583 -1.889342032699518 4.997429608808138 0
584 3.200309467016854 -6.983281338189194 0
585 3.200309467048348 6.983281338194493 0
586 7.234655698234357 -6.980187647232768 0
587 7.234655698296047 6.980187647228368 0
588 11.26866762428284 6.978190523809532 0
589 11.26866762420718 -6.978190523820547 0
590 15.35190087387718 6.952328549969075 0
591 15.35192295128131 -6.952317279863999 0
592 24.81214556813558 6.799266632171864 0
593 24.81214556812007 -6.799266632200896 0
594 14.16427204531106 -4.875184331438371 0
595 14.18464882389942 4.863547763953324 0
596 10.13084884153107 -4.87515711275091 0
597 10.13084884159437 4.875157112752717 0
598 6.09744466891667 -4.875157090685881 0
599 6.097444668957873 4.875157090690425 0
600 2.081851557500392 -4.939301317402863 0
601 2.081851557521876 4.939301317409106 0
602 -18.17236487527106 -2.92964476935352 0
603 -12.06657797034 8.01114867539645 0
604 18.85132139994411 -6.924972642241992 0
605 18.85073347128723 6.925855078390626 0
606 17.67756369956327 -6.956719749205778 0
607 17.65507023137605 6.953453667201228 0
608 21.274105898574 6.994147708278806 0
609 21.27498244011591 -6.994899498826718 0
610 -4.11343229811161 10.73108944627081 0
611 22.72769927962831 6.695076250023324 0
612 22.72769927960575 -6.695076250033515 0
613 -3.324622710436512 -8.694011502599794 0
614 21.33581707011574 4.852624607052854 0
615 18.73626596278498 -4.881130711516451 0
616 17.76025854341061 4.881130711511489 0
617 22.37598935919305 -4.854388519571213 0
618 -8.524395073170638 8.495697387558151 0
619 -4.919882423411524 7.650980730556732 0
620 -5.129976500628115 -7.998151573205242 0
621 -11.26646987840206 -7.876546631886151 0
622 -3.434629066928442 -2.545390527143998 0
623 -3.48362798308516 0.6666666666759181 0
624 -12.91109100808829 -7.622703033205728 0
625 -7.465170010299413 -2.288165409714458 0
626 -18.38999669561181 -8.031993429043412 0
627 15.06268007046938 -4.953244005167618 0
628 11.02938061411826 4.952929987762487 0
629 11.02938061404963 -4.952929987762695 0
630 6.995976542535934 4.952929731472408 0
631 6.995976542487057 -4.952929731467385 0
632 2.962572385430194 4.952929731471901 0
633 2.962572385402165 -4.952929731466598 0
634 22.27409843864099 4.888243756010996 0
635 -18.25189724926205 -4.569738121315747 0
636 -4.434145553236317 -5.747762209085773 0
637 -18.31301360480646 -10.78765501744368 0
638 22.96123202025895 10.88997865221388 0
639 24.5003021601683 10.98954536004 0
640 22.96123202021544 -10.8899786522275 0
641 24.50030216015066 -10.98954536008951 0
642 -6.15197300024833 -0.2388282535060983 0
643 21.40767625001731 10.92321671929626 0
644 21.40767624998857 -10.92321671928594 0
645 -4.564605605732763 0.2613910514617784 0
646 -9.96319679881635 2.71622122473301 0
647 -3.637875033684505 -10.92353434497506 0
648 -10.25916951795757 6.607304297641407 0
649 19.40501877007927 8.782772417591501 0
650 19.40501877006183 -8.782772417590749 0
651 -1.363069662866757 9.325535434436359 0
652 -1.062709235648962 10.89565063491247 0
653 -18.25047360966231 -0.1849480789375065 0
654 -1.137567768907547 -9.172060701947395 0
655 -9.884812238435586 -2.333423978871151 0
656 -8.904318035309378 -6.819693032574509 0
657 0.9687795621326183 -8.711492949294817 0
658 1.001033372809871 8.6916913986911 0
659 4.999720920628545 8.706955131070856 0
660 4.999720920597916 -8.70695513105559 0
661 9.031331560537378 8.703593457656089 0
662 9.031331560480842 -8.703593457654664 0
663 13.06356515588414 8.701029022653875 0
664 13.06356515581332 -8.701029022673435 0
665 12.9206485622676 7.464137431974883 0
666 12.92064856220336 -7.464137431990724 0
667 8.887245803267984 7.464003472868961 0
668 8.887245803210611 -7.464003472860457 0
669 4.853862915562004 7.463815372984086 0
670 4.853862915524113 -7.463815372965309 0
671 17.07245199818368 8.755485510848683 0
672 17.07245199813444 -8.755485510848024 0
673 0.8204854269474448 -7.463579637528327 0
674 0.8204854269622925 7.463579637544648 0
675 23.9994570185206 -4.802064447911206 0
676 23.99945701853149 4.802064447908564 0
677 -16.25553277573172 -7.694805026472866 0
678 -13.32084346037304 -5.32587543385023 0
679 -7.354545684657224 10.10381843713636 0
680 -18.38923265717763 10.78946991312013 0
681 -12.63773481882806 3.214330501274771 0
682 -8.979924458296964 -4.498254531162265 0
683 -3.443119651633362 -6.216102202911382 0
684 -3.095144108891208 8.468075664194698 0
685 -5.187272249437673 1.460492815880222 0
686 -3.497420937312725 -4.215194140734086 0
687 -13.39667015295321 7.608126031044579 0
688 -13.64770445108836 -1.741411004610047 0
689 11.02327733425079 9.042866183291915 0
690 11.02327733417943 -9.042866183292888 0
691 6.98948969703695 9.042437881974761 0
692 6.989489696981855 -9.042437881944714 0
693 15.05554035988094 -9.042918182121817 0
694 15.05554035992968 9.042918182078395 0
695 2.955499669911549 9.041873207574277 0
696 2.955499669883995 -9.041873207549028 0
697 -4.502122027823394 2.134276796620377 0
698 -8.031630281654163 5.614491650241609 0
699 -14.20531942209202 8.766861286254107 0
700 -14.21149340188406 -8.60063988898937 0
701 -13.1525024435333 -10.93009860192729 0
702 -5.459545838398037 -5.307894248574092 0
703 -12.24624218672056 0.5927950651787376 0
704 -16.29778541783131 -10.81087381359197 0
705 -16.43927346947237 7.999885964648706 0
706 5.014949523517143 11.08990534619842 0
707 5.01494952349261 -11.08990534617692 0
708 19.5398182820066 11.04693769338708 0
709 19.53981828199298 -11.04693769339241 0
710 -4.717404859960609 -1.553113473416283 0
711 0.9581076939814793 -11.079171330142 0
712 1.118135459638794 11.07870550376272 0
713 -13.69740241034245 0.5219497539116472 0
714 9.045470899909633 11.08018890499093 0
715 9.045470899844336 -11.08018890498876 0
716 -0.8097235117375718 -11.03695803519072 0
717 -18.56904955753607 1.938819763944125 0
718 13.07629347842806 11.07472304059464 0
719 13.0762934783402 -11.07472304061174 0
720 3.441561291497409 -10.93324908390002 0
721 3.441561291529211 10.93324908391218 0
722 7.317988448211372 10.98010466595453 0
723 7.317988448137623 -10.98010466593808 0
724 15.3871920691844 10.98075986057039 0
725 15.38719206915916 -10.98075986059278 0
726 17.12367229936416 11.07565535161359 0
727 17.12367229932758 -11.07565535161679 0
728 11.35636232452305 10.98274970638337 0
729 11.35636232444152 -10.9827497063843 0
730 -16.11591510782472 -0.05903631817228683 0
731 23.30426130222327 -8.432340308808071 0
732 23.30426130224214 8.432340308773487 0
733 -13.54039383993939 5.691834623698294 0
734 -4.431306452839021 5.343473336475713 0
735 -2.614193686501064 -7.1217741668043 0
736 -7.727314017062905 -0.3845567819990287 0
737 -15.86266921181659 -6.180060886240406 0
738 -12.21222603752362 10.93501174057099 0
739 24.89510587876003 -8.965417835037536 0
740 24.89510587876877 8.965417834995874 0
741 15.53039203112698 6.003460582935218 0
742 -4.836133780624281 3.282874198882693 0
743 -18.47634179624582 4.607523965365776 0
744 -5.501845285138335 8.701753123148309 0
745 -13.9735781186786 2.956413901446915 0
746 -6.162755409923559 4.630863542128381 0
747 15.5330433521636 -5.948932723280654 0
748 11.5476704387373 5.990534352357249 0
749 11.54767043866443 -5.990534352366344 0
750 7.514293787668362 5.990683069083353 0
751 7.514293787612993 -5.990683069079592 0
752 3.480930038717207 5.990916555453819 0
753 3.48093003868649 -5.990916555444852 0
754 -16.33683004507149 2.305459318898263 0
755 -2.093142779567874 6.987483372648631 0
756 -16.44788155112917 10.94441011227477 0
757 -3.355910285957469 6.093610526660001 0
758 -6.588953005121884 -5.720872946015218 0
759 -0.5742904800114806 4.744346828931594 0
760 -0.5742904800219819 -4.743708967886607 0
761 12.77632382321323 -4.817912632560103 0
762 12.77632382327971 4.817912632554952 0
763 8.742919454973254 -4.817912189345307 0
764 8.742919455031874 4.817912189346998 0
765 4.709515297923243 4.817912189347382 0
766 4.709515297887274 -4.817912189344121 0
767 -9.829116081599739 0.2140352836684626 0
768 23.65464437693274 -7.206307359455082 0
769 23.65464437695763 7.206307359422086 0
770 -12.08966062435144 4.697427372669939 0
771 -18.58998660198597 8.999664044174555 0
772 -9.195274775874385 7.464314103594734 0
773 20.93232251898793 6.005854537693915 0
774 19.14949475672709 -5.940175640567439 0
775 19.11146759239913 6.062825830160635 0
776 20.95112546287854 -6.048886568456664 0
777 17.38505691379021 -6.062825830170008 0
778 17.34702974947062 5.940175640558124 0
779 -3.359997836398588 -0.7948774522036761 0
780 0.7701775723538266 4.735224362375079 0
781 0.7701775723417933 -4.735224362371418 0
782 -7.026951639789339 -3.73489230718726 0
783 25.36321631295514 -4.748920561052665 0
784 25.36321631296197 4.74892056104476 0
785 -16.05700269416018 6.447242811025629 0
786 -16.30400625772018 4.431473171615953 0
787 -7.105500684273331 6.310660318964539 0
788 -18.58876837609004 6.255509572738394 0
789 -13.72737386789141 11.1059648913149 0
790 20.25736394876725 -4.788927484396105 0
791 19.82440869706689 4.788927484394188 0
792 16.67211580911936 -4.788927484398777 0
793 16.23916055743849 4.78892748439018 0
794 19.7418337496537 -7.541305835590781 0
795 19.74185141599131 7.541343392026669 0
796 -9.892607255121268 11.10690996436876 0
797 -2.653007824685256 4.726372674931532 0
798 16.64254234873343 -7.387650874733783 0
799 16.64255876936186 7.387646898198798 0
800 -6.242616813830781 2.738136538142452 0
801 -3.252030747318206 2.924210362809041 0
802 -11.40690333538722 -3.28114403843396 0
803 -8.311944081177506 -8.847261596194835 0
804 25.27705252095862 -6.01278938705526 0
805 25.2770525209683 6.012789387031604 0
806 -10.28129085492951 -7.099926872506163 0
807 -4.333366722141535 -0.8278442872716927 0
808 -7.690659587488424 2.789320941645582 0
809 -2.675943690765627 -4.779707494053707 0
810 -4.986904827637661 -10.79757547218688 0
811 -5.805181583032684 -9.067298946471883 0
812 -7.360328666545131 4.267452358618447 0
813 -6.182279928612714 -7.576431459475088 0
814 -6.523324959365988 -1.963294292969614 0
815 14.90820504103515 4.738372495709094 0
816 21.61148408413783 -4.73825787078366 0
817 21.52356938334703 8.589880090744625 0
818 21.52356938332968 -8.589880090753832 0
819 18.49139051037233 4.732668817724062 0
820 18.00513399582015 -4.732668817727277 0
821 -8.450147606956834 0.971301674810221 0
822 -0.3175873284851075 5.873639034084768 0
823 -10.5252290505695 -9.080987728752966 0
824 -0.3124854389802046 -5.874463887014166 0
825 -10.70933482186054 -4.868869355809727 0
826 20.29284756978515 -5.54869957578711 0
827 19.80881707901959 5.587856513922541 0
828 16.68778046938581 -5.58769310375852 0
829 16.20367693642003 5.5486995757727 0
830 -10.48135609523898 1.085659208447012 0
831 -1.516100707162241 6.145973119207243 0
832 -7.068100885141591 7.494778326552336 0
833 -1.436961255407423 -6.138566534124233 0
834 -9.013263729234685 2.158051043611853 0
835 -16.86430413385789 -5.1416732967033 0
836 -15.47800270241145 -8.94724100873767 0
837 -5.284862389324633 -2.623485959968385 0
838 -11.61253113615492 -0.8169622154756243 0
839 22.63050041678261 5.79560619228678 0
840 22.64390164850387 -5.793581309626839 0
841 -6.638766783292034 1.148265554291426 0
842 -15.54575012408417 9.050457999633325 0
843 -3.2716511059499 1.328046173311662 0
844 -18.66662533601525 -6.292136207210567 0
845 -7.485660676179929 -11.17430811622402 0
846 -9.857051927913378 9.343123305741665 0
847 -5.261486508072847 6.461779087231775 0
848 -14.5753539949121 -3.669328628536279 0
849 -1.283893674105459 -4.737728071290134 0
850 -1.289615694752477 4.720529632910314 0
851 -2.14065903117967 -9.204353875341381 0
852 -8.169671769541868 11.2674696485838 0
853 -9.285121216119625 -3.382385884819792 0
854 1.466914006427337 -4.697335538709739 0
855 1.46691400644439 4.697335538714658 0
856 -4.42998355864223 -3.762796151005464 0
857 -11.79440871441822 -11.18453324770081 0
858 -11.4673937373803 6.956727411901855 0
859 -18.69671809922194 -1.631091726437862 0
860 10.33789504789197 7.141722070154022 0
861 10.33789504781911 -7.14172207015648 0
862 14.37075554440435 -7.141758380442083 0
863 14.37075554446336 7.141758380424272 0
864 6.304138447262943 7.142255131525951 0
865 6.304138447212652 -7.142255131515909 0
866 2.27018747178544 7.143080192808804 0
867 2.270187471760172 -7.143080192795933 0
868 -5.84741402269387 -1.047399914859859 0
869 -3.413501400028482 9.602767953449646 0
870 -7.875862443461154 -7.734947604877801 0
871 -3.947621572073823 7.821416538707251 0
872 -15.74903137292082 -1.263986135230627 0
873 -0.1607342295874455 7.14994267568721 0
874 -9.531096463648327 -11.15514532595818 0
875 13.29742872405066 -4.65679594469442 0
876 13.29742872411485 4.656795944690885 0
877 9.2640244605899 4.656795760737391 0
878 9.264024460529161 -4.656795760735481 0
879 5.230620303443268 -4.656795760734937 0
880 5.230620303480619 4.656795760737439 0
881 -0.1469702642866294 -7.141623788762796 0
882 -5.938458638173655 1.828654089289204 0
883 -3.244387292327442 0.01753724091266665 0
884 -18.68695503735491 -9.271905844007149 0
885 -7.423690443049892 -9.799891354944249 0
886 -9.073968834006603 6.402690718997127 0
887 -6.747489309568291 11.29454781386764 0
888 -16.49477024812683 -2.500375663726089 0
889 -3.211251197529341 -1.867436804878464 0
890 -5.471564862189423 -4.288201436877451 0
891 18.13925032040017 -9.055468004043322 0
892 18.13925032044843 9.055468004020804 0
893 25.15159885102837 7.675826207095429 0
894 25.15159885102229 -7.67582620713207 0
895 12.62225677827168 -5.629926313716537 0
896 12.62225677833915 5.629926313705949 0
897 8.588860650070584 5.629937345196606 0
898 8.588860650012165 -5.629937345195591 0
899 4.555456499577484 5.629937355363521 0
900 4.555456499542337 -5.629937355355346 0
901 -4.599778394972846 -6.759803374107033 0
902 -7.797369502549628 -1.331655795833696 0
903 -11.22706747882827 8.865962418444267 0
904 -12.01278641114912 2.204534612524373 0
905 24.69860938133093 4.648705272825742 0
906 24.69860938132139 -4.648705272827593 0
907 -14.59899282024452 4.322966726320642 0
908 -3.213843760339579 11.31345195457612 0
909 -4.238479931008674 3.561643038134251 0
910 -6.964790950539626 -0.00149760203018885 0
911 -3.175394886186033 4.325146165216293 0
912 -8.009027140242432 3.68396220015703 0
913 -5.502624093697735 0.09613804406490122 0
914 -12.61461173748172 -2.477806165155045 0
915 12.05173535251866 -7.188042636109579 0
916 12.05173535259068 7.188042636090211 0
917 8.018259549595253 7.188347031099979 0
918 8.018259549535633 -7.18834703109905 0
919 3.984739559084581 7.188834810011711 0
920 3.984739559051378 -7.18883480999662 0
921 24.1292530156428 -5.544453904247353 0
922 24.12925301566783 5.544453904233228 0
923 -2.192091828876165 9.07587601513017 0
924 -1.030979245667787 7.793840659382722 0
925 14.12452776059459 -9.03740990379166 0
926 14.12452776065756 9.037409903746427 0
927 -0.9483690959480268 -7.959144824275802 0
928 10.09291161588401 9.037366954256383 0
929 10.09291161582138 -9.037366954250958 0
930 20.50761129903255 4.652002396741735 0
931 19.57416151904659 -4.652002098626419 0
932 16.92236298715332 4.652002098622945 0
933 15.98299435954339 -4.67073059735572 0
934 -6.038158040096371 -3.633751443604105 0
935 11.95410508307504 -4.675009333891512 0
936 11.95410508314506 4.675009333888423 0
937 7.920700915583548 -4.675008839419813 0
938 7.92070091563896 4.675008839421178 0
939 3.887296758531122 4.675008839421984 0
940 3.887296758498148 -4.675008839418394 0
941 6.061179770654078 9.036151558181491 0
942 6.061179770614125 -9.036151558146187 0
943 21.96155748476075 6.763323768249364 0
944 21.96224022760806 -6.763375834290838 0
945 -6.313202095222948 5.859957489722049 0
946 -3.888494430516928 4.417172592259024 0
947 25.04723745045236 -10.00326056831118 0
948 25.04723745046508 10.00326056825405 0
949 14.0548129598144 5.719634422383171 0
950 13.98132027800319 -5.635724019767394 0
951 9.947860881868779 5.635601295903518 0
952 9.947860881806251 -5.635601295900143 0
953 5.914456679847127 5.635601195982176 0
954 5.914456679806553 -5.635601195972805 0
955 1.898881065549521 5.673576462539893 0
956 1.898879578004034 -5.673576855438564 0
957 0.5473126794646729 -5.720227040886043 0
958 2.029964527214414 9.034491616360476 0
959 2.029964527195679 -9.034491616333529 0
960 0.5472386252720151 5.720287983578218 0
961 14.21316049783145 -11.18356451127921 0
962 14.21316049788526 11.1835645112041 0
963 10.1953483413424 11.1340717797979 0
964 10.19534834127009 -11.13407177979857 0
965 23.18065559942811 -4.644773314091181 0
966 23.18156828429796 4.671957211766641 0
967 -4.09248855144987 -8.310137976154451 0
968 17.36874452411706 -9.832685065691692 0
969 17.36874452416759 9.832685065687112 0
970 19.33877524818067 -9.80442431412391 0
971 19.33877524820791 9.804424314116632 0
972 6.147830139309071 11.16998932913064 0
973 6.147830139259978 -11.16998932906591 0
974 -4.110055584487159 0.4038011177890012 0
975 -18.86269668875176 2.990268525215508 0
976 3.074617505454038 -7.910717826273395 0
977 3.074617505478265 7.910717826279509 0
978 7.107095264336475 7.906378205538252 0
979 7.10709526428951 -7.906378205541842 0
980 11.11756299878759 7.888736767765164 0
981 11.11756299871981 -7.888736767775255 0
982 18.32654833131932 11.204218442726 0
983 18.32654833130255 -11.20421844273484 0
984 15.13647368624517 7.878594016196494 0
985 15.13647368618316 -7.878594016199608 0
986 -6.144147620842711 7.892054584627894 0
987 -10.78018824216032 3.038587102572948 0
988 2.002596606124041 11.1022571328512 0
989 1.9862672422628 -11.10230466612591 0
990 -10.68821701125115 4.549378125690939 0
991 -5.282372214232059 4.728915625476406 0
992 -1.751818150086643 -11.5872785135346 0
993 -13.55521770625741 -6.553809457261889 0
994 -11.56158268423564 1.094638004704527 0
995 -3.080333694594647 -10.0695944487196 0
996 -8.736648075832532 -5.661314012225297 0
997 -3.203017776531674 -2.905973545454025 0
998 -5.094762286885632 11.18667751918786 0
999 -8.968395726640772 3.933738575203254 0
1000 9.170056584298569 9.861915513620582 0
1001 9.170056584234722 -9.86191551362508 0
1002 13.20245949524047 -9.856550878181883 0
1003 13.20245949531079 9.85655087815862 0
1004 -7.552971230532157 1.530063987113646 0
1005 -8.325823002037556 -2.507407758529823 0
1006 5.137059503777574 9.869007396268698 0
1007 5.137059503743524 -9.869007396251803 0
1008 -5.113931886276093 9.765584835359411 0
1009 1.245568541973217 9.90390032987243 0
1010 1.240742056210434 -9.892715444920992 0
1011 25.37265322855862 -5.380428331333791 0
1012 25.37265322856654 5.380428331318406 0
1013 -13.75704475632236 -9.561438130418301 0
1014 -1.95791970574744 -6.919958477873673 0
1015 -6.317899615772089 9.522600021666703 0
1016 19.01460696319395 -7.808281530315999 0
1017 19.01459285308306 7.808322567547975 0
1018 -7.702412059132039 -4.116461315805399 0
1019 17.45175824165726 -7.809643021592065 0
1020 17.45175824169471 7.809643021573052 0
1021 -2.791940791861988 -7.982040996313573 0
1022 -13.55135956058498 -4.627567031462057 0
1023 -9.236675188730391 -9.407045553339893 0
1024 -3.248505580892215 2.345939446631882 0
1025 -13.10007955600773 8.541793350310181 0
1026 -5.183797678108681 0.8486012896967662 0
1027 -4.095410467546701 -2.040672424146249 0
1028 -14.68415097919676 -11.39116413422252 0
1029 -3.075819490956375 -3.592210643279456 0
1030 -18.78728650619707 0.8087165206727566 0
1031 -2.76719887564131 -5.56635154740821 0
1032 -9.028494094284078 -1.030641375405442 0
1033 20.9294368069358 -4.436628260279284 0
1034 19.15228380534063 4.436684956727343 0
1035 17.34424070084947 -4.436684956729365 0
1036 15.56670325254339 4.437047894262553 0
1037 24.60919297885049 -6.024806059472717 0
1038 24.60919297886915 6.024806059451709 0
1039 -2.856576302636719 5.473190924080925 0
1040 -10.61657870205867 -1.852482053523364 0
1041 -11.15897287650155 11.32956971516843 0
1042 22.48248618133641 8.706870156779077 0
1043 22.48248618131358 -8.706870156792665 0
1044 -14.70671120838385 6.344478588821059 0
1045 -0.385516655266319 8.969721931772744 0
1046 -14.34500841557833 2.062214519226011 0
1047 21.43951992451872 -7.750259713601916 0
1048 21.4395199245376 7.750259713599097 0
1049 -7.704352012915277 9.236816953917915 0
1050 -4.407613357372379 -2.990285817815902 0
1051 -6.370253511002377 3.934917125762065 0
1052 -16.38149694223453 3.350814525860021 0
1053 -17.2311635130362 6.734855790146656 0
1054 -10.03294397023383 1.846622273250194 0
1055 -6.914590665105152 2.576349704797056 0
1056 3.027789224402088 -9.978075519290408 0
1057 3.027789224434091 9.978075519307779 0
1058 21.85663142511466 4.487066852279791 0
1059 14.67791706185294 -4.500640304199903 0
1060 10.64450813113678 4.500618130838423 0
1061 10.64450813107065 -4.500618130835982 0
1062 6.611103970097596 -4.500618112749799 0
1063 6.611103970143029 4.500618112753458 0
1064 2.573802879367288 4.503944293208868 0
1065 2.573802879341723 -4.503944293204992 0
1066 -0.1989163153313145 11.42095366966488 0
1067 -15.78646103096371 -4.737760131781627 0
1068 -18.94897128695327 -3.82943502300453 0
1069 -13.96000973050531 9.726240281545246 0
1070 -17.37195646885703 4.428941661912856 0
1071 7.047661673168793 -9.979246928480784 0
1072 7.047661673235894 9.979246928498201 0
1073 -7.704322691590161 -6.258619180661076 0
1074 15.11403681512627 9.977204685684923 0
1075 15.11403681509432 -9.977204685709292 0
1076 11.08290457944672 9.977563981878429 0
1077 11.08290457937139 -9.977563981879447 0
1078 -3.893730339691654 -4.704947765352289 0
1079 5.21199025165223 6.123858177432574 0
1080 5.211990251614317 -6.123858177422104 0
1081 9.245402295083318 6.123894220872533 0
1082 9.24540229502222 -6.123894220868628 0
1083 13.27873004937354 6.1238407217902 0
1084 13.27873004930908 -6.123840721801657 0
1085 23.34446211964781 5.891752338112353 0
1086 23.33944173268823 -5.882709114049507 0
1087 -17.2676594500194 -11.28186099177295 0
1088 15.39471781462698 -5.416851817963102 0
1089 -11.00058338467019 -6.059342140741584 0
1090 18.25191328136112 -6.592085939743678 0
1091 18.24826225311327 6.597492134915081 0
1092 11.36756709199041 -5.414653014666699 0
1093 11.3675670920622 5.414653014662541 0
1094 7.334168601667067 -5.414682382369238 0
1095 7.334168601719893 5.414682382374285 0
1096 3.300772526214037 -5.414729079641175 0
1097 3.300772526244494 5.414729079647862 0
1098 -17.39233354834117 2.135759535329612 0
1099 -12.49616219157356 -1.324877179429759 0
1100 0.1663823535479679 -4.595551643021479 0
1101 -17.13737687762182 0.002955036796077521 0
1102 -17.46802380567687 -3.897300015803522 0
1103 0.1557860597235857 4.529634352142598 0
1104 -14.68666399627114 11.4037062121207 0
1105 20.73753724216167 8.803480351818891 0
1106 20.73753724214396 -8.803480351822328 0
1107 24.11451721172746 -8.691021328490841 0
1108 24.11451721174178 8.69102132845164 0
1109 -5.978572884821763 -11.6420568659875 0
1110 -1.922614359003473 11.53083641777777 0
1111 -12.8235968250454 5.41891774812272 0
1112 -16.07223061585389 0.9763721351018663 0
1113 -1.159889037389762 -10.05827829624122 0
1114 22.99374057500443 9.984865360802178 0
1115 22.9937405749767 -9.984865360825134 0
1116 -15.16177740573836 0.3873851282021071 0
1117 0.1342957023850411 -8.896427876407424 0
1118 16.09461203298142 -7.028999321793456 0
1119 16.09464802009242 7.029003537725107 0
1120 4.165230042601721 8.891767494887075 0
1121 4.165230042574201 -8.891767494877373 0
1122 9.61897312421841 7.169034324915493 0
1123 9.618973124153761 -7.169034324909674 0
1124 -3.857320690764026 7.173242705895638 0
1125 13.65215583831636 7.168987215136427 0
1126 13.65215583825383 -7.168987215153448 0
1127 8.204191120457065 8.870014553851902 0
1128 8.204191120402976 -8.870014553854 0
1129 5.585426207948856 7.169028789903406 0
1130 5.585426207906056 -7.169028789888433 0
1131 20.47023091339565 -6.984102449378796 0
1132 20.46974857070291 6.983332777334538 0
1133 -19.00782353053962 8.000236968721007 0
1134 24.21903102138845 6.851891195746554 0
1135 24.2190310213675 -6.851891195776386 0
1136 12.23677364425195 8.866450344603482 0
1137 12.23677364418062 -8.866450344615609 0
1138 1.553179777228439 7.173437458460469 0
1139 1.553179777208993 -7.173437458444597 0
1140 -2.780117925721078 6.565799753394699 0
1141 -3.130935678115702 3.424200537519349 0
1142 16.26196425347301 8.850781487261461 0
1143 16.26196425342201 -8.85078148726295 0
1144 -8.984015509794284 4.705791092025815 0
1145 -3.132850928884858 -1.288835760076006 0
1146 -11.34204727467993 -9.692943964660744 0
1147 -12.34685752510178 -3.59891881510473 0
1148 -14.36976753002109 -5.957565427150982 0
1149 20.55728912384609 11.556235029027 0
1150 20.55728912382083 -11.55623502902774 0
1151 1.203452009128068 -6.14060230769188 0
1152 1.203463901963488 6.140608235434962 0
1153 -13.82676823703226 -0.937414483725999 0
1154 -7.096685855098871 -2.966282685148311 0
1155 21.42243794246731 -5.254591283291115 0
1156 18.61330453021629 5.250505225108235 0
1157 17.88321997597616 -5.250505225114317 0
1158 -6.292464630152713 -6.479903369472791 0
1159 -8.134418650248158 0.1905326570847869 0
1160 15.03094932136509 5.253844733499558 0
1161 22.81487697875662 7.358400939387614 0
1162 22.81487697873456 -7.358400939400318 0
1163 -15.06874864183238 2.404530984214616 0
1164 -1.836236784364524 -5.659579766431921 0
1165 -11.77387820529462 3.032030268007347 0
1166 18.95486177660322 -5.43321659894022 0
1167 17.54166272959393 5.433216598932768 0
1168 21.06778044716073 5.452956270945826 0
1169 -17.11136241141371 -7.414361104959141 0
1170 -14.54991726439823 -1.560741125197115 0
1171 9.456364741568555 7.935628806496453 0
1172 9.456364741506258 -7.935628806494084 0
1173 5.423723014038119 -7.936526337353841 0
1174 5.423723014075953 7.936526337371587 0
1175 1.397513867089869 7.935114808862897 0
1176 1.392906179834702 -7.93794360179154 0
1177 13.48902690778027 7.934943268923363 0
1178 13.4890269077142 -7.934943268945799 0
1179 -10.29393744500746 5.711560983874365 0
1180 -12.03492154944067 9.686796280080824 0
1181 -6.811529478989875 -5.070039391186961 0
1182 -17.48722009879784 11.5190262290824 0
1183 -8.031971375519632 7.934871199680695 0
1184 -8.452804971277827 -0.7326948511255372 0
1185 -4.517301526215923 -0.2239164919759915 0
1186 13.74257939426952 4.448186576163038 0
1187 13.75429937511653 -4.458806404549713 0
1188 9.720892515070423 -4.458802448093185 0
1189 9.720892515132791 4.458802448094508 0
1190 5.687488355805253 4.45880244494307 0
1191 5.687488355766205 -4.458802444940812 0
1192 -9.455421497143563 3.453910730564633 0
1193 -17.40893841091026 8.472786211028602 0
1194 -7.691970747619367 4.921499539668472 0
1195 -4.076578924449513 1.639550531476105 0
1196 -1.637016519443675 5.534560913021796 0
1197 -10.87011836000206 -11.48732793171799 0
1198 20.28035944596569 5.81929913516446 0
1199 19.77853090255966 -5.803789978489826 0
1200 -15.08135488904126 -7.994749821934688 0
1201 16.71882932846185 5.804144195967216 0
1202 -10.63837541133937 -2.762041282164444 0
1203 -5.094713366710325 3.878182596436812 0
1204 21.34576767436216 10.0811112244192 0
1205 21.34576767433568 -10.08111122442063 0
1206 -12.01005815018196 -7.257942920468616 0
1207 16.1955676733156 -5.821187314391187 0
1208 23.73559431655537 11.5560547826373 0
1209 23.73559431650102 -11.55605478265768 0
1210 -19.13239426437673 -7.06973100716746 0
1211 -14.08754493328398 -2.815391536359464 0
1212 -12.22761318225717 -8.259393856166687 0
1213 0.08088957607151488 -11.57054460884968 0
1214 -9.407367998341401 8.180323457947111 0
1215 20.93454413786509 4.448481279899262 0
1216 19.15914309807902 -4.443761018555318 0
1217 22.77103879452984 -4.419592719896266 0
1218 17.33738140811847 4.443761018552919 0
1219 2.655817877215755 -6.567247732270089 0
1220 2.655817877241192 6.567247732280536 0
1221 -6.382497400994797 0.3278449918198742 0
1222 21.86820960738858 5.279904103873564 0
1223 6.692817408727961 -6.55943791186587 0
1224 6.692817408777693 6.559437911874499 0
1225 10.72606896593838 6.558978676227833 0
1226 10.72606896586748 -6.558978676231494 0
1227 -16.14128599303359 9.925688395846908 0
1228 14.74897325085471 6.598071745524448 0
1229 14.76077054647656 -6.558540471968753 0
1230 -4.567382755492235 2.717998856066911 0
1231 -0.4392157683365598 -6.549002873603707 0
1232 -9.08465900840689 0.5442384373267496 0
1233 -5.453156455267917 3.111805440021978 0
1234 -18.97210768044025 -11.43979827868248 0
1235 -0.4729383792713757 6.556075933594659 0
1236 -12.03339316533536 5.543508274324773 0
1237 -19.14781307883383 9.90536895624013 0
1238 -1.306949584748941 8.549399224025905 0
1239 -15.45767924390086 -3.253680897959363 0
1240 -10.86554234396909 -0.6350668402534158 0
1241 -0.4388759513225257 -5.292667459256908 0
1242 18.25879548586295 -7.199656672897422 0
1243 18.25434008169601 7.200160431108482 0
1244 -9.94526969319168 4.767128289590226 0
1245 -11.79483326565081 -0.0874772097606161 0
1246 -12.07742663837768 -5.331395921226547 0
1247 14.69767539888158 -5.280692342302499 0
1248 10.66423622077809 -5.280323185436996 0
1249 10.66423622084247 5.280323185436032 0
1250 6.630832035238544 5.280322884289388 0
1251 6.630832035194708 -5.280322884282532 0
1252 2.597427878109771 -5.280322884281743 0
1253 2.597427878134674 5.280322884288176 0
1254 -2.653247331359555 7.830222178372932 0
1255 -0.4474091744057194 5.298624199138297 0
1256 -10.52928687604836 3.626275713971428 0
1257 -9.813219078846261 -4.868780112852464 0
1258 -1.92681299503784 -4.464678067047486 0
1259 -3.154081020314824 1.790334175284106 0
1260 22.74267742069111 4.442501211386716 0
1261 4.127064105555181 11.60355850689372 0
1262 4.127064105505183 -11.60355850688814 0
1263 -2.847252500580879 -11.55470893476786 0
1264 -16.14126497175048 5.426316440865826 0
1265 -3.796856348058533 2.445512084709279 0
1266 -5.203527606878276 -1.29575785010291 0
1267 15.54754002356574 -4.464779073072664 0
1268 11.51475526837191 4.465246540263684 0
1269 11.51475526830226 -4.465246540264175 0
1270 7.481351088935426 4.465246352268269 0
1271 7.481351088883499 -4.465246352266202 0
1272 3.447946931829202 4.465246352268204 0
1273 3.447946931798052 -4.465246352265586 0
1274 8.989138885570563 6.667724585481369 0
1275 8.989138885509918 -6.667724585477501 0
1276 13.02245346637995 6.667708219753622 0
1277 13.02245346631423 -6.667708219769049 0
1278 4.955708830638998 6.66768604101315 0
1279 4.955708830601226 -6.667686040999692 0
1280 0.9352741282413574 -6.703874209488035 0
1281 0.9346964012910906 6.704698695604378 0
1282 23.73567884837773 -10.52643516430012 0
1283 23.73567884840749 10.52643516426771 0
1284 -4.936872824500443 -2.12843481760408 0
1285 -3.828409509760613 5.613805814606863 0
1286 -13.23180660759798 -8.554667493892225 0
1287 -12.63918720166086 7.103970600695299 0
1288 -1.928547292072479 4.464641253985531 0
1289 -17.2190862689714 -2.223757183347081 0
1290 25.34760240028135 8.374026112472674 0
1291 25.34760240027586 -8.374026112515867 0
1292 -0.9030969101033802 -6.054226401184073 0
1293 8.226170246249641 11.48616959810573 0
1294 8.2261702461763 -11.48616959810096 0
1295 -9.453656312236516 -1.724244998911852 0
1296 -12.14274556206225 3.87597732306798 0
1297 23.58377083636932 4.414498414057718 0
1298 23.58364045280735 -4.410615000104792 0
1299 22.17954762347066 10.48114472927762 0
1300 22.17954762343767 -10.48114472928436 0
1301 12.24334835684008 11.49541687022149 0
1302 12.24334835675629 -11.49541687022427 0
1303 -0.9209068468217498 5.985008135800017 0
1304 16.24684661400934 11.4935300487177 0
1305 16.24684661397866 -11.49353004872587 0
1306 -5.815836442316144 -2.401958797207889 0
1307 -4.954437943305972 5.834941352284928 0
1308 22.18196106936738 11.36595713848654 0
1309 22.18196106932787 -11.36595713848836 0
1310 19.84995578650575 -8.144895825305753 0
1311 19.84995655296602 8.14489745467486 0
1312 -3.762133901234356 1.113932984842071 0
1313 -11.04989121755346 -4.089106560476794 0
1314 16.73976009882061 -8.039466498673168 0
1315 16.73976156499895 8.039466143612318 0
1316 -8.383385112241738 -11.47062357728217 0
1317 -0.8304687535203497 10.02719968653594 0
1318 -10.94076333844997 6.349291681381116 0
1319 -2.839816729270375 -6.493392541769953 0
1320 -11.18511559018452 7.844170311962379 0
1321 -5.454024205591914 -9.885918265313629 0
1322 -17.20480876369918 -10.32930603138427 0
1323 6.099070264696548 6.221813626373954 0
1324 6.099070264653599 -6.221813626362734 0
1325 2.065666107569356 -6.221813626364183 0
1326 2.065666107593574 6.221813626378187 0
1327 10.13247424059881 6.221813683908101 0
1328 10.13247424053147 -6.221813683902957 0
1329 14.16565657733029 6.221884631367348 0
1330 14.16565657726422 -6.221884631376926 0
1331 -7.443374201375476 2.152563222755922 0
1332 -13.30073446660211 6.604335428161832 0
1333 -15.61138866278403 -9.918385152071272 0
1334 0.5622276876274328 -8.128765984266661 0
1335 0.6128605717655106 8.135632834644326 0
1336 -7.078730354961748 -7.625417703283979 0
1337 25.45856833081837 6.637644557489236 0
1338 25.45856833081149 -6.637644557519372 0
1339 4.610019788147109 -8.1573459710739 0
1340 4.610019788172623 8.157345971086018 0
1341 14.46899678945516 4.5116784529601 0
1342 -4.611276872308173 6.896860090394619 0
1343 8.640675690584713 -8.153251294855748 0
1344 8.640675690631907 8.153251294856583 0
1345 -4.340671689724749 -7.606639259945622 0
1346 -5.723144846424697 -3.073767015399346 0
1347 12.67202705476734 8.151213702705315 0
1348 12.6720270546981 -8.151213702718948 0
1349 23.33338633683691 6.476447283925567 0
1350 23.33338633680673 -6.476447283929994 0
1351 -4.379362989763371 -11.47114774509012 0
1352 -3.946703872258784 -2.606980150957751 0
1353 -3.829108317871521 -5.704069641715389 0
1354 -3.615642199655285 3.192225343376309 0
1355 19.44813514126825 -6.659839991257022 0
1356 19.44276342367182 6.623326076294597 0
1357 -4.127068473788159 11.67569904422287 0
1358 17.05616118254682 6.645336145483135 0
1359 17.05376108251521 -6.623326076305691 0
1360 22.66764367988957 5.316484920234276 0
1361 -9.636256719763301 -6.585087863516279 0
1362 -12.14075973292509 -10.29711295911151 0
1363 -1.607233597394544 10.14374963870953 0
1364 -13.8976510626446 -7.82267173542742 0
1365 -2.975766275659939 -4.352559485142312 0
1366 -6.745936200492553 4.441721549800238 0
1367 12.38669599663383 -4.427200022207621 0
1368 12.38669599670267 4.42720002220489 0
1369 8.353291831612884 4.427199681581309 0
1370 8.353291831554758 -4.427199681580887 0
1371 4.319887674503839 4.427199681582043 0
1372 4.319887674469479 -4.427199681579933 0
1373 -19.06442947162698 11.47405069178153 0
1374 18.42219115039948 -4.500699183924489 0
1375 18.07433335579508 4.500699183922054 0
1376 -15.5490725495124 -7.008765674035082 0
1377 12.19100238417812 5.794477741031725 0
1378 12.19100238410769 -5.794477741042892 0
1379 8.157608020820481 5.794496643160405 0
1380 8.157608020762854 -5.794496643158715 0
1381 4.124210367886739 5.794524947593618 0
1382 4.124210367852922 -5.794524947584903 0
1383 22.00412324384538 -4.498836013506367 0
1384 -12.94765779107895 -4.140527065959387 0
1385 -9.635642137125537 6.142989845827834 0
1386 -3.000950856290924 0.6684437186885739 0
1387 -8.73323965992803 5.379296597943498 0
1388 -3.097165889049122 -0.4419277933134944 0
1389 11.83259886444577 -6.632407472885152 0
1390 11.83259886451851 6.632407472867532 0
1391 7.799202514643587 6.632386255974435 0
1392 7.799202514584479 -6.632386255973047 0
1393 3.765805301204339 6.632368143166965 0
1394 3.765805301173453 -6.632368143153264 0
1395 -4.808067668144251 -5.231311821592741 0
1396 -8.358635024991541 2.526797482879215 0
1397 2.125548320086568 -4.488993699053455 0
1398 2.12554832010823 4.488993699056615 0
1399 -2.973705886752865 -2.48485085175501 0
1400 -9.074989050476788 11.54214976183984 0
1401 22.2419532429252 -5.476408611475385 0
1402 23.78294690393039 5.213713605926659 0
1403 23.78378544939835 -5.212090956646915 0
1404 -12.74098947936311 -6.79284162633494 0
1405 -6.154050258446421 1.289060517869218 0
1406 23.06025584030105 9.178833445488337 0
1407 23.06025584027858 -9.178833445516046 0
1408 -5.443573089659092 7.133701707533422 0
1409 -4.262695853768459 9.79433270640919 0
1410 -4.667205064903405 1.579306420681973 0
1411 -17.82335539081846 -8.875495170861814 0
1412 -17.37502668665957 10.47949782171938 0
1413 -1.525336741507466 7.342287452749216 0
1414 -13.01861209634048 0.2053961029868297 0
1415 -13.34873234576902 3.515832308180378 0
1416 -3.906406977895199 -3.847475457256087 0
1417 -2.274153935019249 5.406611000772334 0
1418 25.17030591342407 11.58139473898554 0
1419 25.17030591343913 -11.58139473900215 0
1420 -19.03404161802742 -2.462457196222894 0
1421 -13.68790622213397 -11.62520917841046 0
1422 -15.62308687413558 8.147553209728962 0
1423 -19.28703563827522 6.92207415029942 0
1424 21.51384528848313 6.299070797434701 0
1425 -6.166871238208814 3.263748882428937 0
1426 -9.073032035373634 -2.385741615616207 0
1427 -9.114306742025017 9.137949981805791 0
1428 21.51191251341543 -6.324085768952465 0
1429 -10.3069962706986 -7.890749944265901 0
1430 -8.73541767276917 -7.666383247560889 0
1431 23.67627945065056 7.88764385879335 0
1432 23.67627945063197 -7.887643858825986 0
1433 -17.97626300037068 -1.15868700174171 0
1434 -9.83679344827209 10.17315225240435 0
1435 13.70268181047428 -5.059406209088603 0
1436 13.6147568902046 5.030596538523226 0
1437 9.669272124026447 -5.059405610904949 0
1438 9.669272124088859 5.059405610907169 0
1439 5.635867962396433 5.059405610677712 0
1440 5.635867962357324 -5.059405610672561 0
1441 -3.837619045860671 -0.8219167872693853 0
1442 -19.25011985394728 -4.968496080773549 0
1443 -5.006673672521652 1.979420504117194 0
1444 -11.17423970308764 -6.919154432942871 0
1445 -5.825084419148773 -8.297187279452418 0
1446 -15.63456361726471 -11.63192118167963 0
1447 -9.662845110333784 -10.35456876400219 0
1448 -4.94582841775509 8.402366485680044 0
1449 -19.14588637591943 -10.05416640321578 0
1450 -14.21713904958386 7.864189497487923 0
1451 -12.11139697572542 8.792869160550868 0
1452 -3.277444930945986 10.40520379289983 0
1453 -5.181833062000043 -7.271075652425739 0
1454 20.59451891127744 10.6086898495832 0
1455 20.59451891124363 -10.60868984958846 0
1456 -11.43543293898982 4.518756825568044 0
1457 -5.817562560171939 -5.885450811772373 0
1458 -7.098950227401873 -1.660792017537808 0
1459 -12.8693673159316 11.58585395985687 0
1460 -5.086891192947999 -5.822784783579405 0
1461 -8.656682346592715 1.646698797837948 0
1462 -15.79408417466795 11.6573599169763 0
1463 -0.002658500061661748 -10.69993772938495 0
1464 -19.13897400842751 5.244330393823542 0
1465 -1.340359008361311 -8.451537483844449 0
1466 -13.98386593292403 4.902509921971164 0
1467 -13.13532200935624 10.5039167131106 0
1468 -12.92201796207508 1.124680365600303 0
1469 -19.12577443760733 -0.9679265088218296 0
1470 -2.430699800411002 -4.397415859191042 0
1471 -17.90485169009352 0.6139858025264707 0
1472 22.34196189640138 7.138150748891574 0
1473 22.34196189637709 -7.138150748900123 0
1474 -6.343476557454611 -1.401284863164547 0
1475 -2.37442266049314 4.393675258331732 0
1476 -3.715603509670419 -9.435840119111742 0
1477 4.224965134818804 10.68760829045056 0
1478 4.224965134800197 -10.68760829043308 0
1479 -13.22261131691226 2.655925997681042 0
1480 -6.593839185948521 -9.646498421178512 0
1481 20.48904234035875 -4.401381398331074 0
1482 19.59273030547546 4.40138139833041 0
1483 16.90379420071214 -4.401381398332465 0
1484 16.00748216584854 4.401381398328838 0
1485 18.71723763976631 -8.550463101534213 0
1486 18.71723619998756 8.550467288989282 0
1487 -18.04769030356938 -7.054425202804517 0
1488 -6.678616413435893 -0.4639509640747703 0
1489 -12.1210500387577 1.44623695654611 0
1490 -15.84715143873501 7.30831792617772 0
1491 -16.89680396836757 -8.364823793230807 0
1492 -1.450395071439056 -5.177360463322767 0
1493 12.91996244869501 -4.362002403616914 0
1494 12.91996244876102 4.362002403614752 0
1495 8.886558237401818 4.362002235348366 0
1496 8.88655823734177 -4.362002235347457 0
1497 4.853154080292257 4.362002235348477 0
1498 4.853154080256314 -4.362002235347028 0
1499 8.247163557552227 10.67619732490538 0
1500 8.247163557483095 -10.67619732490234 0
1501 -4.891390107144392 10.3999301250396 0
1502 -2.83740479149551 -10.70005708846958 0
1503 -12.61167464927067 -11.66372196586729 0
1504 -17.60244966749985 -5.473891870573641 0
1505 -5.91302896667512 11.78484474855303 0
1506 24.62113633954151 7.308126170452059 0
1507 24.62113633952753 -7.308126170485036 0
1508 -18.12058687774246 9.823402298427185 0
1509 -16.46017755413307 -6.774793684778662 0
1510 12.27858413204298 10.67405347445759 0
1511 12.27858413196022 -10.67405347446451 0
1512 -5.637840910808846 -0.5388772120923371 0
1513 -19.11258176597415 -8.506992183290032 0
1514 -7.435354757623229 5.680430477275557 0
1515 -4.683610680914565 0.7512676297108333 0
1516 18.42863098088204 -5.392592265316226 0
1517 18.06789352531327 5.392592265307719 0
1518 16.28969312326026 10.67231508620127 0
1519 16.28969312322764 -10.67231508620598 0
1520 15.61123613543134 -5.020486039637986 0
1521 -4.004120046394852 4.966310468613453 0
1522 15.63819480948803 -7.519529057234126 0
1523 15.63819480954599 7.519529057223494 0
1524 11.58633501618686 -5.028901115155566 0
1525 11.58633501625709 5.028901115152594 0
1526 7.552931535834425 -5.028904191960694 0
1527 7.552931535887339 5.028904191964422 0
1528 3.519528340848209 -5.028909751158479 0
1529 3.519528340879782 5.028909751163604 0
1530 -6.121274465503913 5.340273384320477 0
1531 -3.066996189306685 3.928870992533624 0
1532 -19.21206283643872 3.947841413729702 0
1533 -6.950748759216864 -11.78434256635718 0
1534 -4.105306550093717 -10.15709992746004 0
1535 -4.934651767246432 -4.03617341833618 0
1536 -0.1641127723781606 10.59986397760304 0
1537 -15.38832160645732 4.590109659432822 0
1538 25.67921117926879 -4.452206175737985 0
1539 25.67921117927338 4.452206175733252 0
1540 -9.968755794324801 7.388108385293441 0
1541 22.7260473781442 -5.301707921602413 0
1542 -6.13238484817923 -5.229477412756913 0
1543 25.27138127000382 -10.76004600714357 0
1544 25.27138127000828 10.76004600710687 0
1545 0.6526991444761826 -5.255388691500404 0
1546 0.652249526978658 5.25997968572406 0
1547 -9.452954387651033 -0.3314657752003374 0
1548 -4.93130197023918 -3.011214653099075 0
1549 20.86878131202711 -7.527370119987832 0
1550 20.86869877534585 7.527277708504111 0
1551 1.662066890790435 -5.148390152875908 0
1552 1.662066890809192 5.148390152883701 0
1553 -0.2356213598582187 4.412825985611264 0
1554 -0.235862310713473 -4.412174012467488 0
1555 -5.647288465318318 4.255510600617002 0
1556 20.9224564212069 5.079183580857567 0
1557 19.22022420331443 -5.025517732892871 0
1558 17.27630030288339 5.025517732887565 0
1559 0.2862611866908896 8.824291017789895 0
1560 -8.039265234819426 -1.951609012070014 0
1561 19.98029742613859 -4.421419873143845 0
1562 20.1014752443013 4.4214199157311 0
1563 16.39420371222515 -4.424095372963442 0
1564 16.51622708006451 4.421419873141218 0
1565 -5.0621453175061 -8.831830355167885 0
1566 17.68605559500304 -8.436603456131477 0
1567 17.68605559503594 8.436603456114803 0
1568 25.58288463893591 7.384179625653609 0
1569 25.58288463893176 -7.384179625691657 0
1570 10.94001970114592 11.78277257807926 0
1571 10.94001970106707 -11.78277257808063 0
1572 -16.40350041246055 8.893705466279306 0
1573 25.4226347741241 -9.470066218270903 0
1574 25.42263477413033 9.470066218221174 0
1575 -3.297063571830369 -6.876731370837069 0
1576 -2.023712494822909 6.404816417605442 0
1577 -5.773284490824772 5.993477725506118 0
1578 14.48424674521225 5.386469394406914 0
1579 -18.09625014248656 5.418046339801067 0
1580 -14.79744695178718 9.366774580859213 0
1581 -1.437230732889448 -7.336841331171915 0
1582 -3.690424538418967 0.2017434613226279 0
1583 -0.984243907391526 -4.445379079130377 0
1584 24.31185688524277 -4.464736831828553 0
1585 24.31185688525357 4.464736831826964 0
1586 -0.9849870116529015 4.441347251740308 0
1587 10.59142816185161 8.378900719627753 0
1588 10.59142816178458 -8.378900719632162 0
1589 -2.370264755629227 -5.288236145504968 0
1590 14.6220696280031 -8.377297811593776 0
1591 14.62206962806612 8.377297811574364 0
1592 -4.247805371868584 -1.642512031084255 0
1593 6.561826956354101 8.382434349799846 0
1594 6.561826956311221 -8.382434349789067 0
1595 -11.2979392471254 -5.403410247914564 0
1596 -7.388323457914936 -5.560888811148606 0
1597 22.25594101489086 -6.197989085785891 0
1598 22.25908971766753 6.172720843438798 0
1599 -5.093420992386083 5.198016461735786 0
1600 -7.843776402138592 1.102255161857039 0
1601 -14.11614257060732 7.031991497611332 0
1602 -0.6503625894386047 -8.663638996177569 0
1603 2.530683139953375 8.384250241818631 0
1604 2.530683139931442 -8.384250241804651 0
1605 -8.434710653740694 -3.9281855385603 0
1606 1.125841463275923 -4.440460794497835 0
1607 1.125932387779814 4.440433082988678 0
1608 -11.43345554235781 -8.788473953721427 0
1609 21.76677280425857 7.236400062525846 0
1610 21.76688645469673 -7.236458652658031 0
1611 -4.040779898880294 2.132707226400022 0
1612 -8.550148788986565 7.46585674300264 0
1613 21.34874775130025 9.284750974368372 0
1614 21.34874775127862 -9.284750974374735 0
1615 -0.970449418093183 11.7648670433903 0
1616 17.56158004552483 -11.82699538074377 0
1617 17.5615800455521 11.82699538074294 0
1618 -5.060542392032656 -0.1590251934383795 0
1619 3.529950504530079 -7.52839646969066 0
1620 3.52995050455943 7.528396469699111 0
1621 3.336447288904977 -8.528277333815566 0
1622 3.336447288929728 8.528277333820393 0
1623 7.563105438719103 7.52534505129499 0
1624 7.563105438663789 -7.525345051295529 0
1625 -11.080037741975 -1.301851795589824 0
1626 -7.909453617705309 -6.994871569263538 0
1627 24.99518310679124 4.418595195969368 0
1628 24.9951831067821 -4.418595195972491 0
1629 11.60326134201491 7.525954720166929 0
1630 11.60326134194422 -7.525954720179595 0
1631 -8.556832608778992 -5.113855905808271 0
1632 -7.503767142004203 3.374428951471824 0
1633 18.65495274101871 9.331577627906359 0
1634 18.65495298094931 -9.331576930012464 0
1635 -17.0009002191399 -3.114176167093767 0
1636 -14.38355413203037 1.060219896225807 0
1637 -4.813290385127217 -1.012112292768101 0
1638 14.92586609812082 11.77101100623432 0
1639 14.92586609810535 -11.77101100624706 0
1640 -13.88118612238594 -10.6711339807849 0
1641 -3.4535180386599 6.666498243059515 0
1642 18.67824270720031 -6.15161077428649 0
1643 17.81901200465198 6.152692013312046 0
1644 7.369271384275728 -8.521034344107177 0
1645 7.369271384324482 8.521034344100929 0
1646 -4.187952705285451 -5.222571223158249 0
1647 6.824397983147371 -11.73673619610362 0
1648 6.824397983243299 11.73673619611186 0
1649 -7.733768242785125 6.256258315966845 0
1650 20.0216412813969 9.14098027956137 0
1651 20.02164128137823 -9.140980279563864 0
1652 -14.76622838132446 -9.302713215440138 0
1653 -4.147629695781307 -6.238226892720757 0
1654 -10.48507341625113 2.285322553404909 0
1655 -7.762651828739943 -2.892215290405917 0
1656 11.39982614856343 8.515802646493562 0
1657 11.39982614849402 -8.515802646503287 0
1658 -6.795201699627151 6.904499360762816 0
1659 18.64013454617589 6.174652632465046 0
1660 17.85712016567169 -6.173571393438304 0
1661 15.43007397306499 8.513008870499364 0
1662 15.43007397300818 -8.513008870498028 0
1663 -12.0054421763488 -2.722366558372531 0
1664 22.27478038966614 4.370738346808008 0
1665 0.3604914275968074 7.023865369337149 0
1666 15.08369729610826 -4.38711598041245 0
1667 11.05031959658635 -4.38711440606828 0
1668 11.05031959665402 4.387114406069476 0
1669 7.016915422675859 -4.387114363295956 0
1670 7.016915422724305 4.387114363298618 0
1671 2.983227232524291 -4.387356796273528 0
1672 2.98322723255238 4.387356796276081 0
1673 -8.035237773584473 9.980316258119068 0
1674 -14.58097681945691 3.573778430777172 0
1675 20.58835064586367 -6.392105914460476 0
1676 15.12290792575381 4.381540958237783 0
1677 20.55248846248227 6.341841307169315 0
1678 -18.11978463461233 -11.60230190123889 0
1679 -1.691455299015256 -9.569110624346017 0
1680 24.51672705459056 -9.5509536997599 0
1681 24.51672705460341 9.550953699712974 0
1682 -6.988594862399303 -4.382466753708919 0
1683 -9.940742942556332 -3.190033885022583 0
1684 -10.7138901725904 7.211774266336222 0
1685 0.3641790036252877 -7.022203677395506 0
1686 3.586566507205038 -9.366944509991319 0
1687 3.586566507237244 9.366944510002519 0
1688 15.41248221768558 5.605746062255395 0
1689 -15.37764223460251 -10.78183026029039 0
1690 18.70579615878014 4.372870195754477 0
1691 17.79072834741182 -4.372870195756019 0
1692 21.37446851969508 -4.379505508491312 0
1693 21.43985139238712 4.430485614414731 0
1694 7.621395587968806 -9.36157518367418 0
1695 7.621395588032659 9.361575183679125 0
1696 19.84872846467027 10.34695723842357 0
1697 19.84872846464764 -10.34695723842553 0
1698 0.2325297771001184 7.629290749274112 0
1699 11.65572914169043 9.358099911320201 0
1700 11.65572914161666 -9.358099911324965 0
1701 -13.98954630102113 -0.1914195165103285 0
1702 15.65198965085401 9.413964840204063 0
1703 15.65198965081252 -9.413964840215181 0
1704 -15.47149439605942 -0.567591931336073 0
1705 0.6495156066712241 10.32304721763507 0
1706 -5.558701304225552 7.982533524298847 0
1707 22.24761400139874 5.540128314424278 0
1708 0.1984205889708899 -7.600698751633324 0
1709 14.26788833087608 -4.436431306471283 0
1710 10.23446031349839 4.436403603367896 0
1711 10.23446031343456 -4.436403603366551 0
1712 6.201056136886987 -4.436403580792001 0
1713 6.201056136929117 4.436403580794698 0
1714 -5.623502573325438 1.233310091315804 0
1715 -6.883468663721132 0.5037618689488434 0
1716 -9.643746491017536 -4.000831088223242 0
1717 -13.98359807347648 -5.230750123359289 0
1718 22.83012037368612 4.907680864512205 0
1719 5.490979676870208 10.49314179567367 0
1720 5.490979676837437 -10.49314179564718 0
1721 -3.5143436143411 -7.973391398403465 0
1722 -17.96070550801459 -9.783639886529297 0
1723 -17.11271684272047 7.539725488039312 0
1724 -5.863573765617976 2.322505454988548 0
1725 -6.755616975403242 -2.502251423121478 0
1726 -3.790479537272054 8.499093636840216 0
1727 2.776629645563134 -11.71175235741384 0
1728 2.776629645604749 11.71175235740891 0
1729 -9.203759927314486 2.74874178887492 0
1730 -11.90435385005186 11.74634927572587 0
1731 1.446155575543745 -10.48569038480018 0
1732 1.451408301055886 10.48513853920134 0
1733 -15.26964590862263 -4.102956092509948 0
1734 19.66874146361923 6.050938238279441 0
1735 15.83649231097328 -6.444970150570834 0
1736 15.84479678816698 6.491067045103619 0
1737 16.82778304256802 -6.050938238290408 0
1738 18.96409468590543 10.50916239310731 0
1739 18.96409468588712 -10.50916239311822 0
1740 -2.335823641111296 -6.564883809783157 0
1741 18.99247472680442 5.596852392570273 0
1742 21.08983722912921 -5.596218569846486 0
1743 17.50404977938667 -5.596852392577618 0
1744 -6.688389454283159 10.36199838817856 0
1745 -5.161373773256107 -4.764291532302777 0
1746 9.530970266629788 10.47971687278186 0
1747 9.530970266566003 -10.47971687278365 0
1748 22.85887879618286 -8.010674433913536 0
1749 22.85887879618966 8.010674433900414 0
1750 -1.570353812220075 -10.7663688585071 0
1751 13.54598583310649 11.7987155665289 0
1752 13.54598583302721 -11.79871556654164 0
1753 -7.03772167990186 9.432937910134855 0
1754 -2.931406800184328 1.111111111119129 0
1755 -7.761999176627222 8.560919742535752 0
1756 -9.885225281215707 0.8093953898288506 0
1757 -0.457654034130254 -9.399240421605523 0
1758 13.54471584779389 10.48337902576373 0
1759 13.54471584772184 -10.48337902579543 0
1760 -2.688878830929111 9.583814131975751 0
1761 12.44906737514229 -5.235504206848574 0
1762 12.44906737521039 5.235504206840319 0
1763 8.415664000031112 -5.235505146509724 0
1764 8.415664000087808 5.235505146510545 0
1765 4.382260238436438 5.235506866301062 0
1766 4.382260238401011 -5.235506866295036 0
1767 25.68626196484773 -5.015671787220055 0
1768 25.68626196485198 5.015671787208821 0
1769 16.8327678214984 9.43040358774561 0
1770 16.83276782145433 -9.430403587743589 0
1771 17.66264035993403 10.43744549038728 0
1772 17.66264035989172 -10.43744549039585 0
1773 -16.60660058910435 11.82415925166669 0
1774 -16.68008060353756 -5.907321707444486 0
1775 -6.555745232217445 -3.429118549684805 0
1776 -2.889762091687543 -5.984271516034425 0
1777 -1.559208555582521 6.697452653896431 0
1778 24.74312312821729 -8.358940750593375 0
1779 24.74312312822573 8.35894075055659 0
1780 -3.331043289782799 7.816642325858932 0
1781 -16.42238946467563 -0.8222534121609645 0
1782 -0.9505571341967544 -4.989272824204316 0
1783 -4.204264617473387 -4.239100706976463 0
1784 -18.26862643625773 3.758987214578447 0
1785 -4.113666030425247 4.087838365650852 0
1786 19.69810954801191 11.87550965030882 0
1787 19.69810954799157 -11.87550965031045 0
1788 -1.465997534333907 -4.380319259263064 0
1789 -1.467924086282828 4.367195076829659 0
1790 9.550003129301746 11.78342690316626 0
1791 9.550003129231271 -11.78342690316676 0
1792 -3.494514076355332 -0.3933910017655263 0
1793 1.659239189011726 -4.360228798738624 0
1794 1.659244711654287 4.36022711558305 0
1795 -10.30234369386379 -0.2032179896501059 0
1796 2.65146170703222 -10.642736167124 0
1797 2.651057892838055 10.62579608837112 0
1798 -10.47260773888407 0.4546870361290892 0
1799 -13.17690062767409 -1.147370894987345 0
1800 -16.50076512121888 -11.74493119740891 0
1801 -15.41817137258238 6.692001476718523 0
1802 6.661988781700734 -10.54527450863135 0
1803 6.661988781764827 10.54527450865749 0
1804 -19.43089313683575 2.203262190210102 0
1805 14.72833103942201 10.54608285538138 0
1806 14.72833103938665 -10.5460828554149 0
1807 -7.605645438534698 11.75545758743214 0
1808 -1.443079976533002 5.087367683545075 0
1809 10.70611949303157 10.54755045994422 0
1810 10.70611949295574 -10.5475504599448 0
1811 -7.417713693167826 -0.9002370165351923 0
1812 24.50047869599431 4.990351542132012 0
1813 24.50047869598171 -4.990351542140437 0
1814 -2.407415032963536 -8.642535465109855 0
1815 21.92082013012259 -5.044724665642004 0
1816 -7.483849634228832 0.1770779866088914 0
1817 0.09528714671977136 5.628207781031545 0
1818 -9.560897006148256 -7.358354272604086 0
1819 0.1115845387410521 -5.597751155552397 0
1820 1.476860133939277 -11.69371776539299 0
1821 1.482167081339834 11.65916995258333 0
1822 5.512195537742053 -11.69776661051399 0
1823 5.512195537780054 11.69776661054097 0
1824 -19.26910393411996 -0.06883161339995951 0
1825 -5.762795609687612 -4.725694240591196 0
1826 -7.03365866725842 3.890590229583069 0
1827 21.41987560881789 -11.73011043537434 0
1828 21.41987560886874 11.73011043538223 0
1829 -17.90926401100139 1.381220847167815 0
1830 -0.9412169169394465 4.994366238543261 0
1831 -18.168114614212 2.707197556897079 0
1832 -10.46269212827202 8.806637432545864 0
1833 -3.262516223062709 -5.615933287536104 0
1834 5.623551855069858 -6.044692127501327 0
1835 5.623551855108698 6.044692127510632 0
1836 9.656955894115926 6.044692034853107 0
1837 9.65695589405429 -6.044692034848391 0
1838 -0.6919334405029107 8.35237701577533 0
1839 13.69021611091079 -6.0445794417253 0
1840 13.74293552098603 6.047766417283491 0
1841 -2.915882577009238 0.2222222222326634 0
1842 -15.33570977039942 -5.598074348608153 0
1843 25.68690916986287 5.795579435008647 0
1844 25.68690916985804 -5.795579435028857 0
1845 22.96282406711034 11.67129229474925 0
1846 22.96282406705911 -11.67129229475805 0
1847 -4.385721994958456 3.133111716620392 0
1848 -16.92276092695925 2.823786841531138 0
1849 8.763085759434553 9.328157010086619 0
1850 8.763085759375311 -9.32815701009009 0
1851 -13.34863686369239 -2.584047610930767 0
1852 12.79559913826439 -9.323961293129495 0
1853 12.7955991383369 9.323961293109777 0
1854 -12.6969289962057 4.282871581936432 0
1855 -13.53794034877981 9.072628723048316 0
1856 4.730119854411224 9.335475109486618 0
1857 4.730119854381015 -9.335475109472419 0
1858 -3.264864574503211 -4.716602509431745 0
1859 2.963913928246762 -6.110489054337478 0
1860 2.963913928274447 6.110489054346636 0
1861 6.991713524387064 6.094823465691033 0
1862 6.991713524336179 -6.094823465685406 0
1863 11.03112414990092 6.108762893211853 0
1864 11.03112414983027 -6.108762893216908 0
1865 -9.194907717710208 -5.329079834052533 0
1866 15.04876031065667 -6.086379684687883 0
1867 15.05874969269285 6.1593519245125 0
1868 -5.020734710905928 2.791375638681688 0
1869 0.6709073834852518 -9.410668544749747 0
1870 -11.52996955597605 10.36368264302737 0
1871 0.6737262884465035 -10.28016504643323 0
1872 12.89255796775491 -5.238045330375946 0
1873 12.89255796782056 5.238045330368782 0
1874 8.859155846220837 5.238051697748074 0
1875 8.859155846162533 -5.238051697744394 0
1876 4.825751708126465 -5.238051777731718 0
1877 4.825751708163086 5.238051777735666 0
1878 -6.493559018434223 -3.990754977870173 0
1879 -4.6499953451169 4.841333061809215 0
1880 -18.01037591100613 6.732202599656507 0
1881 16.07748698898385 6.009104332399946 0
1882 -7.357011157226899 -9.084337249348325 0
1883 -11.35529685067915 -10.62125521878739 0
1884 -0.93038171214277 -11.84599389684052 0
1885 -0.7054597315359478 -7.34519697083782 0
1886 20.42543500439662 -6.002692185821633 0
1887 -2.911377402986558 -1.999999999994449 0
1888 20.47238366500679 -5.164093936811917 0
1889 -3.17833012821582 -7.457579042111337 0
1890 19.60796833696426 5.190803674612234 0
1891 21.35158310771962 5.792147114316812 0
1892 16.88856486472562 -5.190784221026658 0
1893 16.02456873294122 5.164264545598333 0
1894 -15.62627049808698 10.77063473509857 0
1895 -0.7163995167115659 7.33007296965659 0
1896 -7.07212461116094 -10.41634167856066 0
1897 -10.50394965955908 5.102863437919784 0
1898 24.40276745208815 -10.22188789657153 0
1899 24.40276745210425 10.22188789652559 0
1900 -2.985260216849846 -0.9217601695224394 0
1901 20.03937468638987 -5.200462278003084 0
1902 20.03569748521709 5.243086488574194 0
1903 16.45725673866723 -5.243342469097579 0
1904 16.45722657009148 5.200494155197724 0
1905 -15.80649889326879 1.84482613292352 0
1906 10.58214719588263 9.514889699892947 0
1907 10.58214719581317 -9.514889699891683 0
1908 6.548686284777037 9.515323390325374 0
1909 6.548686284724409 -9.515323390296563 0
1910 14.61374384511804 -9.514337389635479 0
1911 14.61374384516752 9.514337389596067 0
1912 -18.30068724564323 11.69577954360875 0
1913 -4.498659142001904 -1.966467091829577 0
1914 2.519146259250567 9.51491880737052 0
1915 2.519146259225449 -9.514918807347129 0
1916 -7.410625785977779 6.854368445204211 0
1917 23.55368332305622 4.867836986400684 0
1918 23.55464867303953 -4.859351815079636 0
1919 -11.35990469541417 2.488648650911507 0
1920 -6.258875706638978 -0.8045068999414641 0
1921 -6.463430475857626 6.38644682766112 0
1922 -2.866998262900649 5.973180033617819 0
1923 -3.619033660267326 -2.933680991372908 0
1924 24.90211162601514 5.761380436232996 0
1925 24.9021116260024 -5.761380436252183 0
1926 -2.12985757353913 -7.49123338517296 0
1927 -16.45599380892495 -9.972663784674664 0
1928 0.7253525906720065 9.425112257518057 0
1929 -3.611757963235192 1.53908859117778 0
1930 -7.572036279695161 10.75857503371744 0
1931 2.78169690009902 -7.347646277391219 0
1932 2.781696900129615 7.347646277394082 0
1933 -16.6171211392263 0.4925706308539606 0
1934 -2.794158236942151 4.361032861838317 0
1935 -13.94321174753881 3.939318137852024 0
1936 -3.305451752948222 5.621731720019675 0
1937 -2.415587421875103 8.467004650545482 0
1938 6.816512876255888 -7.3432564185202 0
1939 6.816512876316005 7.34325641851053 0
1940 -2.950845276881176 -3.226070245141027 0
1941 -2.567979466130506 7.299673943167834 0
1942 -13.68548301276331 1.456742522958887 0
1943 10.85082065032122 7.340423183794926 0
1944 10.8508206502443 -7.340423183807561 0
1945 14.90783410316722 7.331737922108118 0
1946 14.91831412328745 -7.325807843542486 0
1947 -15.7648166051077 2.828162058904819 0
1948 -2.952334075217377 2.597499349888812 0
1949 -9.224443780895028 10.69984832786453 0
1950 -19.3855216656985 8.981053993830777 0
1951 -6.129992249712913 8.604253018067153 0
1952 -2.991090119457458 -3.949589999735843 0
1953 -2.805065125491899 -9.312003794781093 0
1954 -16.56476785084794 1.587692443614929 0
1955 -8.669286700504937 -3.150835321702119 0
1956 -11.69752000556987 6.230537392228062 0
1957 -8.163219048871497 -9.624974177914254 0
1958 4.302314849434281 -7.649533004184559 0
1959 4.302314849470843 7.649533004193568 0
1960 0.5612576393134314 -4.397139066705145 0
1961 22.85588719526769 -4.889535566361031 0
1962 -9.610102103251537 2.250304312416512 0
1963 0.5625051233155536 4.396758864767483 0
1964 -15.11535971676715 -6.342004961339931 0
1965 -4.358971653202393 7.46190182542222 0
1966 -1.407699071662331 -5.710247100890747 0
1967 -10.06853619283808 3.324704380644794 0
1968 1.635046670032125 -6.045680915406366 0
1969 1.635053640439727 6.045680239850403 0
1970 8.336286041794658 -7.646410182152977 0
1971 8.336286041851331 7.646410182151448 0
1972 -2.044689778826362 9.671647576993967 0
1973 -15.59338574043484 -2.12471483534069 0
1974 -18.17618868381328 8.343662570500944 0
1975 -18.08837613358649 -2.107583354729365 0
1976 12.37034910320826 7.644540296960275 0
1977 12.37034910314394 -7.64454029697304 0
1978 -10.41174440211669 11.72221488041686 0
1979 -4.802180334072927 1.150155853417785 0
1980 -14.39319975638725 0.2737498259113328 0
1981 -8.238270165458957 5.096576392397713 0
1982 23.22337914542574 -6.978343532130324 0
1983 23.22337914544883 6.978343532112798 0
1984 1.14482666066964 -4.936586794632806 0
1985 -7.496565366959135 -3.39844251514511 0
1986 1.14479613197257 4.937353659352306 0
1987 -14.3484884401908 5.58488321284229 0
1988 -10.60649631947847 10.7738635245459 0
1989 -10.28698209070258 -6.327282561944124 0
1990 -1.93676332420615 10.73910948069585 0
1991 -3.509082637677698 -1.162640100239499 0
1992 -13.72157516933911 11.84276229126267 0
1993 -2.93487739570775 -1.614158136279829 0
1994 -8.980433567672044 -8.49704182647414 0
1995 -6.351749390006127 2.221979755803128 0
1996 -3.013576859323661 4.843389225469177 0
1997 0.6396378488436829 11.74017243864792 0
1998 16.21517234517487 -7.611977434202898 0
1999 16.2151831199825 7.611977411066373 0
2000 -14.23623691635747 10.55790552751333 0
2001 24.96191483617005 -4.918212929895348 0
2002 24.96191483617984 4.918212929886907 0
2003 20.326500680136 -7.561687475234022 0
2004 20.32650068015909 7.561687475227209 0
2005 -4.334725157170934 5.889447671311308 0
2006 -4.583818427900249 3.873012116153114 0
2007 18.68309839348537 -5.755339863692326 0
2008 -5.141740006453759 -11.69842295592525 0
2009 17.81342611271213 5.755339863679926 0
2010 24.10808263298883 7.426445605529081 0
2011 24.10808263297068 -7.426445605561337 0
2012 23.69097819238733 -6.738573144804487 0
2013 23.69097819241422 6.738573144780442 0
2014 -7.896054004932925 4.213438999775365 0
2015 -0.1851256752825331 -4.842183274061563 0
2016 -15.51570369977149 5.983710254751164 0
2017 -8.161949532019042 3.153889491926671 0
2018 -0.158944760077761 4.843114969467628 0
2019 -3.590021184186559 -2.026299713752939 0
2020 20.11320638169653 -8.591779527228898 0
2021 20.11320653500247 8.591779853100984 0
2022 -19.43935262798517 6.084382823383553 0
2023 24.46930363271166 -11.81691507474335 0
2024 24.46930363272916 11.81691507475571 0
2025 19.84440639403595 -6.917413350745016 0
2026 19.8439110917452 6.913660588619306 0
2027 -2.287596448374173 4.860381576944487 0
2028 23.75489171947338 5.685466456500762 0
2029 23.75503329136126 -5.682066161668505 0
2030 -4.188736289943366 2.478760913515481 0
2031 -5.465265579610595 1.843244034828025 0
2032 -17.32989548404133 -4.718290433994356 0
2033 16.67215049473555 6.935847408470922 0
2034 16.67173576777007 -6.932718666624274 0
2035 4.422019572983282 6.930244708338115 0
2036 4.422019572948595 -6.93024470832395 0
2037 8.45544566200355 6.930064289860131 0
2038 8.455445661944246 -6.930064289858876 0
2039 12.48882036178559 -6.929937599497296 0
2040 12.48882036185417 6.929937599478163 0
2041 -9.854819325914287 -8.764791550924512 0
2042 -3.676626854797086 -11.78613006864462 0
2043 9.800463869591235 8.494149851815923 0
2044 9.800463869521652 -8.494149851813219 0
2045 13.83482154998531 -8.471461487814825 0
2046 13.83482155005681 8.471461487775914 0
2047 -9.88789708836476 -11.74422943329101 0
2048 -7.731008937274985 -11.88183665816383 0
2049 -6.64626782867628 4.988298276628666 0
2050 5.767499313660404 8.494249781161635 0
2051 5.767499313622534 -8.494249781134943 0
2052 -15.74178273944137 3.785565535391959 0
2053 1.73504131741329 -8.494126352378677 0
2054 1.734449304408297 8.4700070275372 0
2055 -3.857700750345585 6.132765873182978 0
2056 -0.4662071114315831 -10.20603629729585 0
2057 -14.84729785440402 8.357424383298918 0
2058 -10.76079072741638 -3.402065532623873 0
2059 -16.57003837696683 7.025184912836622 0
2060 -1.929575030563239 5.901143055745972 0
2061 -5.215176132013967 -1.729128630505648 0
2062 22.95952383678445 6.156052911893655 0
2063 22.98686206991 -6.174185953765701 0
2064 18.99113972825774 11.79294609332621 0
2065 18.99113972824863 -11.79294609332867 0
2066 -2.964342706753095 3.089372711524896 0
2067 17.51173718496122 9.193326288893388 0
2068 17.51173718491177 -9.193326288906279 0
2069 -8.234054237821683 -0.3196261994765924 0
2070 -4.2550913781089 -1.222462311824104 0
2071 -4.892710528532139 2.417663028600992 0
2072 -6.459666213865211 7.390959536005727 0
2073 -5.936560290773314 0.3359475340993404 0
2074 24.93306954553998 -6.330268438128503 0
2075 24.93306954555583 6.330268438102158 0
2076 0.7108715422296638 -6.139475030601623 0
2077 -2.263661237099548 -4.78548129306925 0
2078 0.7103854873598859 6.143133237120841 0
2079 -2.90782480871643 1.468120514167915 0
2080 -19.32913327080847 10.72504643794135 0
2081 -3.890317432467366 0.7265967520876976 0
2082 12.30352078929796 -4.867996715536567 0
2083 12.30352078936705 4.867996715530908 0
2084 8.270116759347955 -4.867996203435024 0
2085 8.270116759405131 4.867996203435541 0
2086 4.236712658790422 4.867996449121331 0
2087 4.236712658756193 -4.867996449116847 0
2088 3.235069472652329 -6.472464018910423 0
2089 3.235069472681432 6.472464018919164 0
2090 -17.76646108832348 9.147199333456179 0
2091 25.73289525308164 6.188595233187661 0
2092 25.7328952530779 -6.188595233212429 0
2093 19.27513256127818 -7.209401172613723 0
2094 19.27405732922981 7.202850231399214 0
2095 -0.5885955316341889 -4.320252411896893 0
2096 -4.718797792700481 -6.216502644382349 0
2097 1.407404061811919 -9.272865748311377 0
2098 1.407404061820949 9.272865748321392 0
2099 7.268220628088677 -6.468126166324025 0
2100 7.268220628143072 6.468126166325915 0
2101 -11.60679624341318 0.4901091508540573 0
2102 12.86441166311342 11.89869602298505 0
2103 12.86441166302904 -11.89869602298439 0
2104 -7.199979255179289 -0.4476671918344218 0
2105 -10.52700516823169 1.660993277748286 0
2106 10.07534319679531 6.712413800563554 0
2107 10.07534319672927 -6.712413800559844 0
2108 6.04188420817377 6.712438009551525 0
2109 6.041884208130615 -6.712438009537812 0
2110 14.10851855057588 -6.712366754279 0
2111 14.10660030463116 6.713014656438093 0
2112 2.007516447167591 -6.71319814003413 0
2113 2.007516447188587 6.713198140049117 0
2114 -9.561661948626343 6.832249490388971 0
2115 17.19545240077695 -7.305248815645219 0
2116 17.19472127856833 7.306062033242424 0
2117 -16.7329223036768 6.121081496981713 0
2118 18.29515371647045 -4.997293072106014 0
2119 20.71162528614964 -4.804754904041401 0
2120 18.2013707897216 4.997293072098861 0
2121 11.30248182850948 6.469418248938562 0
2122 11.30248182843699 -6.469418248948129 0
2123 19.36986796772857 4.810349656085693 0
2124 -0.5886959623091124 4.319704013256633 0
2125 17.12665798771059 -4.810346413824411 0
2126 15.78453160969906 4.805155161066367 0
2127 15.32961840246257 -6.429991863165848 0
2128 5.434634699709486 -9.263039092734576 0
2129 5.434634699734002 9.263039092741897 0
2130 -8.437718939629519 4.042799892151992 0
2131 15.34649426089456 6.474476720741817 0
2132 21.06756891373306 8.17869702131903 0
2133 21.06757733582888 -8.178706451067191 0
2134 -16.14266917636246 -8.524545085538524 0
2135 -10.03024484370048 -1.693890047713687 0
2136 23.57896148852761 -8.950212185714758 0
2137 23.5789614885467 8.95021218567644 0
2138 -6.742035368220566 8.051311920377508 0
2139 -2.151692970189061 7.497368380943561 0
2140 9.463557443487266 9.255798834800425 0
2141 9.463557443433309 -9.255798834812879 0
2142 -6.056210395825022 -1.848714855097124 0
2143 -16.75527029273703 4.960035564207275 0
2144 22.0802337230039 8.286199761617407 0
2145 22.08023372298605 -8.286199761627365 0
2146 13.49401168877177 9.250958084980995 0
2147 13.49401168869407 -9.250958084998544 0
2148 -6.841977580891915 5.699333114136883 0
2149 -4.970340795714286 9.130938888227988 0
2150 -11.58746910371099 1.800358269023938 0
2151 -13.98867661485726 6.290358583870248 0
2152 -4.20459190903042 0.01952435485081688 0
2153 -10.29154063007516 -4.398988686714969 0
2154 -16.98321589258461 3.738618756771216 0
2155 -16.28101483929966 -1.698502529097949 0
2156 14.61675840051109 4.990004669723301 0
2157 -4.688402578869658 -0.6164467950280746 0
2158 15.77978191669216 -5.563941440662771 0
2159 -13.85299412250658 -3.800443076858599 0
2160 -8.472972657951232 6.172994981524805 0
2161 -5.071641905220818 4.32377702454842 0
2162 -4.223219415023386 -8.941500027239874 0
2163 -5.263252021975003 3.481089180532421 0
2164 -12.98759888109708 -10.19809894318149 0
2165 -4.383263778730873 8.129615715844546 0
2166 22.34289684358953 -4.354563450594768 0
2167 -19.39786067781076 -5.978075394159511 0
2168 -13.30512367999234 5.032383723158124 0
2169 -16.15420150073168 -5.373326504691979 0
2170 -12.83545715705697 -5.87517840388526 0
2171 -5.972477214766453 -4.172121856752993 0
2172 6.927260861024405 5.58911300264379 0
2173 6.927260860972778 -5.589113002635713 0
2174 2.893856703917692 5.589113002642086 0
2175 2.893856703888986 -5.589113002634596 0
2176 10.96066451205347 5.58911337699173 0
2177 10.96066451197951 -5.589113376993502 0
2178 -7.014043577739354 -6.16400688626409 0
2179 14.99344886140464 -5.589572310126668 0
2180 16.88447871163429 11.86741588837497 0
2181 16.88447871160756 -11.86741588837237 0
2182 -12.72759131032335 7.869983475498519 0
2183 18.74643292120552 -4.325079765007645 0
2184 17.75009158499027 4.325079765005985 0
2185 -5.55870272677549 -3.775316912436001 0
2186 -10.27904346528241 -9.788446336284224 0
2187 -12.36396431358192 10.20378820173244 0
2188 -4.203397023830916 -3.415092408012137 0
2189 -5.851909808740839 -7.102487901365117 0
2190 -5.627859588697523 9.341391936139706 0
2191 4.820425885515762 10.39397969389404 0
2192 4.820425885487843 -10.39397969387531 0
2193 25.59257667384486 -8.874288290568098 0
2194 25.59257667384977 8.874288290520832 0
2195 8.889410805957672 -11.87257203576378 0
2196 8.889410806031506 11.87257203576364 0
2197 -7.97961470180593 -10.49529084856261 0
2198 -7.198749904519863 1.045890978108346 0
2199 10.2541491854953 5.291911307767426 0
2200 10.25414918543156 -5.291911307765701 0
2201 6.220749511685205 5.291918014249078 0
2202 6.220749511643173 -5.291918014242384 0
2203 2.192181829547089 5.36307457850215 0
2204 2.192181829525077 -5.363074578492172 0
2205 14.28755638784858 -5.292034068905128 0
2206 -5.087131752908718 0.3909746783708249 0
2207 -6.328858751163973 0.7618301312616522 0
2208 15.32973608005805 4.802782461451598 0
2209 -6.997093631688503 1.607373628926051 0
2210 4.693626476297436 6.045684885662945 0
2211 4.693626476261546 -6.045684885652861 0
2212 8.727035172312561 6.045692582339609 0
2213 8.727035172252963 -6.045692582337169 0
2214 12.76040055265809 6.045657460508576 0
2215 12.76040055259085 -6.045657460520909 0
2216 25.63428260453629 7.932535032597431 0
2217 25.63428260453189 -7.932535032638683 0
2218 -6.648904305538505 2.984294236892373 0
2219 -14.36432664913912 -4.33420196334053 0
2220 -4.734993416983998 -3.437913528793305 0
2221 22.98447847961114 5.626098667885656 0
2222 22.99290366805394 -5.616463094196937 0
2223 8.852405804708441 10.38415005193373 0
2224 8.852405804643329 -10.38415005193405 0
2225 -1.279329832055636 5.781485625827653 0
2226 21.1636396768376 -4.802110008904288 0
2227 18.89219602974142 4.838576117884106 0
2228 17.60432847644956 -4.838576117887747 0
2229 -2.861910811459763 -2.878934484024334 0
2230 -3.263028178857914 0.957860912212018 0
2231 21.44297200047904 5.306375201108493 0
2232 -1.939882860233587 -6.279550353917201 0
2233 -7.151164743468979 4.740981758060175 0
2234 12.88082537457847 10.38127543005722 0
2235 12.88082537450062 -10.38127543007489 0
2236 14.15781321128811 4.323201018260476 0
2237 -8.679751523465745 6.87523445916217 0
2238 -6.49472342617756 -8.126802820745736 0
2239 -19.41167138588505 -1.826076627501035 0
2240 -3.566290499245264 4.183121495033821 0
2241 0.7702177290190353 -11.73024585213332 0
2242 -17.68915794984793 6.095961570877914 0
2243 4.854436184112256 -11.8605354900529 0
2244 4.854436184158961 11.86053549004954 0
2245 -11.22755239751765 -2.520494839126223 0
2246 -12.59503618377532 2.528052345951757 0
2247 -3.421111661397271 8.991214745104815 0
2248 -7.6289139876595 -8.3249016737182 0
2249 -11.74180901667436 -3.83956263697445 0
2250 -11.04459838649306 0.7851644680548617 0
2251 -1.152120721597895 6.428141080717258 0
2252 -11.74326141035883 -11.90888910330813 0
2253 21.04204132910897 -6.4974391156039 0
2254 -10.48588470072638 -5.550376507058683 0
2255 -1.441363909616288 -6.677005723139762 0
2256 -5.736902987956287 4.940755122676644 0
2257 14.59950565044135 -4.905224135435458 0
2258 -3.240182155670628 0.3794285690523906 0
2259 10.56592764978762 -4.905044758336238 0
2260 10.56592764984977 4.905044758337237 0
2261 6.532523350858682 -4.905044612013262 0
2262 6.532523350901812 4.905044612018578 0
2263 2.471098645141495 -4.911015143586222 0
2264 2.471098645164922 4.911015143591762 0
2265 -11.61565295557197 5.073337641199504 0
2266 -9.368454336080802 1.650943209063033 0
2267 -16.60969727877232 -4.581729176195879 0
2268 16.92559549909653 -10.32056665340634 0
2269 16.92559549913856 10.32056665340777 0
2270 20.68087280228862 5.604251764861979 0
2271 19.38542467874295 -5.57311983303295 0
2272 17.11114333666135 5.573138274169616 0
2273 21.03912545382441 6.491737187462292 0
2274 -5.741824380925457 -10.81949490832551 0
2275 -10.54032015177285 9.484861274919243 0
2276 -3.903144845800266 -6.75127028047229 0
2277 -10.14404801577088 -11.03410046028573 0
2278 -2.980435812255841 -5.159359044228475 0
2279 -16.12074433056939 -9.3340132664918 0
2280 18.95615859473312 6.483594189667747 0
2281 21.74480455570446 4.89056772601442 0
2282 17.48446778220939 -6.487472537855946 0
2283 -6.483072542570128 -8.859550101574403 0
2284 -14.63403271282296 2.877311842113925 0
2285 -10.78183370097065 -8.473611365102437 0
2286 -0.6792430802342188 5.650828563786408 0
2287 17.78720372476196 -7.412418634870575 0
2288 17.78720372479496 7.41241863485484 0
2289 13.32175653399707 -4.295520950572209 0
2290 13.31941253787923 4.293396984893735 0
2291 9.288351804236399 4.295520088836053 0
2292 9.28835180417525 -4.295520088835224 0
2293 5.25494764664592 -4.295520088204555 0
2294 5.254947646683068 4.295520088205796 0
2295 24.43757563656522 6.372026660643463 0
2296 24.43757563654549 -6.372026660666946 0
2297 -3.55872186638807 4.685513662345906 0
2298 15.60754572716993 11.85416648206982 0
2299 15.60754572715456 -11.85416648209043 0
2300 -6.553962029836225 -7.057328363207864 0
2301 14.09958779400113 -7.533512125704299 0
2302 14.09958779406214 7.533512125677878 0
2303 -13.36528708870278 -0.3387907571100933 0
2304 -4.34858761934735 -10.81141740848232 0
2305 19.39445482433032 5.664037195754509 0
2306 10.06682072697715 -7.533430556316795 0
2307 10.06682072705434 7.533430556313685 0
2308 6.032798911217253 7.533586410704372 0
2309 6.032798911166163 -7.533586410688321 0
2310 1.998439735873489 -7.533827346883297 0
2311 1.998439735899233 7.533827346899526 0
2312 -8.336032303715262 -8.189529956598452 0
2313 17.10207663234523 -5.664021646121965 0
2314 21.42617956259297 -5.823195873887312 0
2315 -9.399653440195646 4.23940805140969 0
2316 19.01560563315259 -6.482649483029745 0
2317 -6.481143037930043 1.692039579568149 0
2318 21.93551998989634 8.937226724085244 0
2319 21.93551998987471 -8.937226724096927 0
2320 -0.6709351096922128 -5.667269244327899 0
2321 17.48091887304521 6.482649483018894 0
2322 -9.762796213037772 11.88355147954097 0
2323 -15.11630441631385 -1.155865139462972 0
2324 -12.04169564660464 6.817798355156785 0
2325 -11.33755997599575 -0.3512862996017153 0
2326 3.713040900134216 -10.25045069090448 0
2327 3.713040900167301 10.25045069091211 0
2328 -1.648777646175058 -4.725421713647851 0
2329 -19.32976415276277 -3.135379054639458 0
2330 -8.851309129463701 -10.85687961729459 0
2331 -5.596818832038401 -7.69176796999302 0
2332 -2.365333646501828 -9.6848667943006 0
2333 -8.403274527696409 10.54641710270448 0
2334 -18.21031430429081 -3.806529482369331 0
2335 -8.555343645034869 0.4697334506097787 0
2336 20.69400239213937 -5.59325217721046 0
2337 -1.603701816468061 4.727432651215744 0
2338 7.727413316656862 -10.22827115196209 0
2339 7.727413316728033 10.22827115196572 0
2340 -4.761617964463515 -10.12947799962639 0
2341 -0.03593548553821917 6.324673636564873 0
2342 0.008962022155767404 6.707128592664478 0
2343 -2.608374917404239 11.82391927337949 0
2344 -1.852331974720171 8.618200907948291 0
2345 11.76239549745017 10.22477761817407 0
2346 11.76239549737148 -10.22477761817663 0
2347 19.29528753135528 -8.256759318819181 0
2348 19.29528753136273 8.256759318817251 0
2349 -3.642047775858384 2.81474958234524 0
2350 13.19565552511621 -5.012456864963535 0
2351 13.17611991651955 5.015533353285919 0
2352 9.16225005712211 5.012460933596521 0
2353 9.16225005706282 -5.012460933594314 0
2354 5.128845901668243 5.012460947920014 0
2355 5.128845901630521 -5.012460947915962 0
2356 15.77709884794261 10.22899184984152 0
2357 15.77709884791434 -10.22899184984636 0
2358 -19.42548165927631 -9.166612886095008 0
2359 -12.93769489008404 -1.918782558504589 0
2360 15.80228770618491 5.588668104149304 0
2361 -0.02724418095731446 -6.322145201907394 0
2362 0.02119383407266771 -6.702925230372045 0
2363 -12.16047981836274 -0.724043204645384 0
2364 -2.909186773670853 2.088263664344438 0
2365 -8.378967627035964 9.157509369081486 0
2366 -11.83274452576807 -1.367616069842733 0
2367 -17.29231879414872 -0.7995633997527286 0
2368 -4.800678110624855 -2.634125178099919 0
2369 -13.7307409038303 8.306163286433469 0
2370 25.59707079676335 -10.23150808602973 0
2371 25.59707079676321 10.23150808597142 0
2372 -3.433261859344391 -3.718258494546349 0
2373 -9.069485392247296 5.887044220101637 0
2374 -14.18627000550567 -2.144261109419421 0
2375 -8.776272291139938 7.931268141107997 0
2376 -4.262265698315392 4.572650869843289 0
2377 -3.224196947676754 -2.184795579504972 0
2378 -4.763536838704042 6.30894994286877 0
2379 14.76522759664406 4.326318381381396 0
2380 -4.243846286093484 -0.4488037048176849 0
2381 24.48738318738596 -5.549022137858478 0
2382 24.48738318740342 5.549022137842353 0
2383 5.005846149778178 5.671962514798476 0
2384 5.005846149741306 -5.671962514790859 0
2385 9.039252385330553 5.671969768425752 0
2386 9.039252385270695 -5.671969768422993 0
2387 13.07265023388819 5.671926212927641 0
2388 13.07265023382313 -5.671926212937326 0
2389 -15.44560952483883 9.778834903966885 0
2390 -12.72691534710369 -3.024885339128995 0
2391 -5.540279988558171 0.6201023800776295 0
2392 19.89102046435992 -4.856716038461857 0
2393 20.18941253112321 4.865241649887047 0
2394 16.30486383022328 -4.869539691092648 0
2395 16.60551939189812 4.856722413897183 0
2396 11.62358895041865 11.8460856603516 0
2397 11.6235889503403 -11.84608566035196 0
2398 -18.55729960636037 -5.530050687236346 0
2399 -3.981565736663454 3.283792700890574 0
2400 -1.719856744104705 -8.880786877647235 0
2401 3.454696753422955 -11.67435933879618 0
2402 3.454696753454989 11.67435933879996 0
2403 -18.00420183685027 -6.181760081702339 0
2404 -12.22618631395173 -1.965981465740245 0
2405 -3.388716061085042 -1.536547309817883 0
2406 -5.818571549768595 2.780287932620142 0
2407 -11.33829859691222 -4.729925543040676 0
2408 -14.71308689183314 -3.029213758089545 0
2409 -8.530516719964563 2.067068739757154 0
2410 0.3852302544293155 4.847401980143447 0
2411 -8.93585906143114 1.169367981291077 0
2412 20.50434307239396 4.304380718474419 0
2413 19.57981253083154 -4.303436598065115 0
2414 16.91671197536852 4.303436598063416 0
2415 15.98794048538553 -4.311921008678365 0
2416 -2.851776603582422 9.017526205999747 0
2417 -2.907843353796978 -0.1146309328674135 0
2418 -12.96315738571026 6.013008153344531 0
2419 -11.92028826892995 7.412719576181298 0
2420 11.96074247307931 -4.313491179272662 0
2421 11.96074247314948 4.313491179271399 0
2422 7.927338307846634 -4.31349097465338 0
2423 7.927338307902136 4.313490974654152 0
2424 3.893934150794291 4.313490974654446 0
2425 3.893934150761229 -4.313490974652781 0
2426 17.97115285036162 -9.649312108979586 0
2427 17.9711528504333 9.649312108943327 0
2428 -9.100917812486525 -11.74948543609252 0
2429 0.4266463620610886 -4.873477112566882 0
2430 23.98936315353076 4.321939771915648 0
2431 23.98935636553841 -4.321737595012997 0
2432 7.604846590283826 -11.83127589349173 0
2433 7.604846590367946 11.83127589349894 0
2434 -13.65303654184561 2.19973380463409 0
2435 -7.890731901247003 2.355443541884885 0
2436 -9.920877046029867 1.337184420600245 0
2437 1.813406324470265 -4.73007814512374 0
2438 1.813406888023008 4.73007797337758 0
2439 11.99837642834173 -6.20593806967992 0
2440 11.99837642841303 6.205938069666339 0
2441 7.964983548004899 -6.205974128933193 0
2442 7.964983548062713 6.20597412893518 0
2443 3.931592854954229 6.206035048435432 0
2444 3.931592854921776 -6.206035048424592 0
2445 -10.78469334260964 -7.445578837363624 0
2446 -19.55923803448536 3.000000000038301 0
2447 -5.376121500285017 -2.207426031607174 0
2448 -6.13903298921649 10.99737406743139 0
2449 -17.65384175395619 -7.948219740179939 0
2450 -19.39593682857267 -7.864569245770575 0
2451 -7.560567124196622 3.885974547921147 0
2452 24.61448794116947 4.312856987123094 0
2453 24.61448794115921 -4.312856987124312 0
2454 -2.574157999399795 10.96345323997843 0
2455 -7.977621895745008 0.6812795869340192 0
2456 -5.427602319866644 -0.9341038245251404 0
2457 -12.55667991010112 1.831122168920284 0
2458 -8.174056280647559 -5.708447176758657 0
2459 23.17817837531028 -4.282087392876238 0
2460 23.17279468631671 4.305791367442214 0
2461 -8.994068682229644 -3.812120931657982 0
2462 -13.61920347528632 -5.844437042805199 0
2463 -5.950066921406688 7.466205167368406 0
2464 -4.28999802939153 0.7340610808913494 0
2465 -8.325236901648564 -1.286646227251946 0
2466 -6.825954280213091 11.99599588895683 0
2467 -8.236669507541393 -4.581348749812746 0
2468 2.091135093948564 11.88487856567209 0
2469 2.074754776246572 -11.89388630914891 0
2470 -7.654717981220501 7.395825357539779 0
2471 11.74594356141764 -5.557327081294146 0
2472 11.74594356149298 5.55732708128412 0
2473 7.712539838683139 -5.557326074066672 0
2474 7.712539838740516 5.557326074069182 0
2475 3.679135681598936 -5.557326074063895 0
2476 3.679135681632071 5.557326074070394 0
2477 -8.438586477548267 11.81970743640793 0
2478 18.72682710005066 -7.409892280772024 0
2479 18.72560056506008 7.408867538843859 0
2480 -5.669743898988004 -1.443335920290865 0
2481 -16.7631887400295 10.21191530105149 0
2482 -0.4046961425715946 7.75422557757988 0
2483 -9.165936842581148 -6.06691444108051 0
2484 25.61517204027544 12.04017151201979 0
2485 25.61517204027732 -12.04017151202568 0
2486 -0.7202445554842459 9.418397309435839 0
2487 -9.832345398924041 8.710175948446032 0
2488 18.13643780398145 -4.319307277092594 0
2489 18.3600867022121 4.319307277091365 0
2490 -16.1764805809317 -3.115730930499751 0
2491 1.45251415200857 -5.666640847062173 0
2492 1.460512369499106 5.665861312879918 0
2493 -9.370599026598022 -2.88848413720637 0
2494 -19.47576191189966 -10.87161294258797 0
2495 24.20569092969029 -5.918920169370869 0
2496 24.20567407591328 5.919324966358564 0
2497 -7.202895303010789 3.035795065864941 0
2498 -5.759166210925574 6.570822775870444 0
2499 -8.468853786144074 3.602612462972286 0
2500 -7.965386688327739 -0.8351410267407678 0
2501 -12.39929584116572 -0.122214206596267 0
2502 21.71991588896913 -4.31814521753956 0
2503 -15.10966503225059 3.958850212553764 0
2504 0.2497115019345974 6.013550178756571 0
2505 0.2754172052032621 -5.99816596960285 0
2506 -6.589588790365471 -11.03271039350856 0
2507 -6.536031843361279 -0.08013152888764229 0
2508 5.475671431466639 5.652287158178345 0
2509 5.475671431428231 -5.652287158170721 0
2510 9.509076463741206 5.652290786047415 0
2511 9.509076463679982 -5.652290786044134 0
2512 -7.515806492453799 -4.813365805684704 0
2513 13.58242387795975 5.659771130900589 0
2514 13.54250783982381 -5.652217231263342 0
2515 -18.55875409973578 7.11675637211521 0
2516 15.04014629520384 5.740439280201962 0
2517 6.075999245638782 -11.9208984271367 0
2518 6.075999245715674 11.92089842715669 0
2519 -19.50486161883179 -11.90681730597703 0
2520 19.54676529790544 -6.214703850437494 0
2521 -12.81598031226141 3.780765951485218 0
2522 16.94975920829263 6.214703850428587 0
2523 -19.3938428635404 1.390159694982075 0
2524 -14.65317434917668 4.94649852565302 0
2525 -0.3389319828611497 -7.636187276792887 0
2526 18.60511632597128 5.74420521500002 0
2527 17.89152988116369 -5.744025008502622 0
2528 -12.740335915639 -4.985637395445851 0
2529 -3.968574860221711 -3.057434004810594 0
2530 -1.045483184541142 -6.463685931522483 0
2531 -5.296563657323648 -3.038126095198338 0
2532 -11.54753729598356 8.341047569723791 0
2533 25.36833285236603 -4.296296696896664 0
2534 25.3683328523718 4.296296696895322 0
2535 0.9596850690022219 -5.710842524263943 0
2536 0.9608810530904491 5.712104931360945 0
2537 -2.226825630268343 -10.9499442398709 0
2538 -12.71647701354151 4.855776741729026 0
2539 -4.971277315131975 11.92944426239275 0
2540 -10.36421887770441 4.141173297859935 0
2541 13.98759937025417 5.311773385682831 0
2542 25.08149884577566 7.214832427455799 0
2543 25.08149884576886 -7.214832427490558 0
2544 10.5505885820312 7.734580628761133 0
2545 10.5505885819651 -7.734580628771952 0
2546 14.57246976266376 -7.725405287470615 0
2547 14.57122214127859 7.726111249194732 0
2548 -8.169909102963855 1.445064145562781 0
2549 -17.52518067467452 -1.671047823660554 0
2550 17.2309389781061 -8.250861289135809 0
2551 17.23093923996058 8.250861225717079 0
2552 18.18687345177188 8.524151222170216 0
2553 18.18687358291801 -8.524150840674716 0
2554 6.520082545431658 7.738481626187412 0
2555 6.520082545391443 -7.738481626190867 0
2556 -11.04864282361674 1.413551106437157 0
2557 -8.432455923944346 -6.251643235427264 0
2558 -12.46492004763709 -10.97337152292908 0
2559 -2.61387446579855 5.093866390267681 0
2560 -3.338828557135683 -3.296432153250413 0
2561 2.488713381710123 7.741991140112394 0
2562 2.488713381689247 -7.741991140105914 0
2563 -14.88174662322964 -8.672363955414099 0
2564 -7.600188743767586 -1.808055558788994 0
2565 -0.8935427797738346 8.923086183089236 0
2566 -3.913845612583089 9.322740849579199 0
2567 0.3983015019804946 11.0113468952347 0
2568 -4.651893535299056 -8.412810061387686 0
2569 -19.56559118186418 11.96648989696487 0
2570 23.2723257401214 -7.510545166476196 0
2571 23.27232574014382 7.510545166448929 0
2572 -4.020765346772539 6.646990971755819 0
2573 -7.369360067154985 8.022876554263096 0
2574 24.16445960066726 -5.20230760155946 0
2575 24.16437403481624 5.202473178007845 0
2576 -13.49058094716974 -7.19771170387747 0
2577 -9.42904313341068 9.655664312024992 0
2578 -18.46728956818238 -8.694003241657366 0
2579 21.83332915202347 -5.463295372190603 0
2580 -11.36973181196015 9.542172984857686 0
2581 -10.85913870338815 8.349131041057705 0
2582 -6.322593935033953 -2.366526049562809 0
2583 -10.86042190997804 4.053848034441638 0
2584 1.392670880757607 -0.007614586545257365 0
2585 0.6809057408791995 0.004982274650668409 0
2586 1.064096837831106 0.9548888075096388 0
2587 1.064096837831041 -0.9548888075094619 0
2588 5.55144984288138 -0.003674966212857995 0
2589 0.5085864172309484 -0.3402460578869396 0
2590 0.5085864172309252 0.3402460578869509 0
2591 3.39851313838901 -1.363078551517072 0
2592 3.399623751475867 1.362616205519996 0
2593 22.09085423400645 -6.017701155511234e-14 0
2594 17.8379766348727 -0.05224507610259432 0
2595 10.17130454610545 -0.02228681554210072 0
2596 0.3335189653501502 -1.176298171346406 0
2597 0.3696770657574387 1.172117649853586 0
2598 13.89620063093863 0.2590170312579173 0
2599 -1.225296887539064 0.940680467100431 0
2600 -1.182942195641577 -0.9454183794756519 0
2601 0.304157111077981 -0.3069046377965877 0
2602 0.3038066317300717 0.3072573285670368 0
2603 0.3086483872535236 -0.000230744605055085 0
2604 7.819294697728932 -1.314651409484387 0
2605 -0.8002223208982988 0.2935283456016277 0
2606 -0.7023115514748223 -0.3703303704098178 0
2607 7.710262525921842 1.384617282240033 0
2608 1.18340575497293 -2.516061411274522 0
2609 1.171277630312478 2.503670216685268 0
2610 -0.3637646238312295 -1.120882699874615 0
2611 -0.1404012211924979 -2.373246609229459 0
2612 19.93374071134287 -1.463199826649908 0
2613 19.94548023483231 1.426740858353226 0
2614 0.3785487073812146 0.5298796830706053 0
2615 0.2095615450741587 0.7322038722720542 0
2616 -0.490481738029273 0.9552968269053301 0
2617 -0.459016282261548 2.440247527034326 0
2618 0.3785487073812012 -0.5298796830705509 0
2619 0.2038698087069872 -0.7402423706092597 0
2620 12.14446848400395 -1.566308439066089 0
2621 15.81718133167261 -1.508643715334752 0
2622 0.2663707807184398 0.4290579524016072 0
2623 0.2663707807184653 -0.4290579524015892 0
2624 2.30165715881872 -0.899706558098169 0
2625 2.301657158818675 0.8997065580980766 0
2626 15.93555382872341 1.595207857031279 0
2627 12.06758681505192 1.563854930548481 0
2628 23.74935551225306 -1.657443204529941 0
2629 23.72874986923654 1.725315533355014 0
2630 1.070168309340519 -0.4060992269582819 0
2631 1.067390014903022 0.4045655321955647 0
2632 5.382555351946896 -1.929817990702174 0
2633 5.360783535349284 1.958573649791129 0
2634 3.263066614671304 -0.04430449107640255 0
2635 0.2110252700182648 -0.345903221998913 0
2636 0.2110252700182396 0.3459032219989693 0
2637 9.662413254295394 1.938422043169033 0
2638 9.720445705934569 -2.077728092553134 0
2639 17.80010623562654 -2.006276369249018 0
2640 18.01616214973219 1.981117842877306 0
2641 0.1959427511809028 -0.2129632998009764 0
2642 0.1939050642633299 0.2147469488755986 0
2643 21.81715535969712 2.04106757354596 0
2644 21.83617290459118 -2.040447064000629 0
2645 0.7504745166422224 -0.6419833621768369 0
2646 0.7504745166421898 0.6419833621767725 0
2647 2.410699874384026 -2.189776109648293 0
2648 2.410699874383988 2.189776109648661 0
2649 14.05911482485767 -2.088180463425226 0
2650 13.90243729336707 2.143166466021261 0
2651 -0.3080895349367214 -0.626866732522558 0
2652 -0.3788958904641021 0.4798126607852717 0
2653 2.389154338062597 -0.03263284609222357 0
2654 -1.492054642679841 -0.1811212269248748 0
2655 24.29612609674878 0.004319797539496831 0
2656 -0.4071054404665918 0.1432959822168325 0
2657 -0.3437437688747283 -0.2621069830305194 0
2658 -0.9075678743197227 -1.875181249829226 0
2659 0.4245698608269142 -0.1653516115158009 0
2660 0.4404423209881346 0.1591129765081914 0
2661 0.9062938224775441 -1.739614374007227 0
2662 1.707072025777685 -1.469914307900474 0
2663 0.907669535250192 1.721687919520184 0
2664 1.707072025777829 1.469914307900843 0
2665 1.717053469247615 -0.6148117127692855 0
2666 1.721440136020534 0.5607231164096967 0
2667 -0.1589607973197135 0.7744502362956405 0
2668 -0.2326132142559836 1.69886819744317 0
2669 12.46631860323339 0.03036480818999091 0
2670 16.17986206999125 0.03150606459422348 0
2671 8.584754118170331 -0.009850243071708046 0
2672 3.614543491008031 -2.691129530477044 0
2673 3.614543491008148 2.691129530477314 0
2674 20.5483659197884 0.05587063259897564 0
2675 6.997525070233761 -0.1007207908329037 0
2676 6.783350347476485 -2.455462599948888 0
2677 0.1894538579803402 -0.4062634011416719 0
2678 0.189453857980346 0.4062634011417194 0
2679 -1.096613641193783 1.833827040902987 0
2680 0.19863872553149 -0.454651032698154 0
2681 0.1986387255314442 0.4546510326981793 0
2682 6.779981003783362 2.501737505979937 0
2683 0.2300231023795468 -0.6049303527579797 0
2684 0.2300231023795169 0.6049303527579392 0
2685 11.08207876368022 -2.489818548643121 0
2686 0.1630702751600623 -0.05972204051270896 0
2687 4.391825348778992 0.596436621413627 0
2688 4.340927519920291 -0.6205387499007415 0
2689 10.89776434225712 2.55929895287279 0
2690 19.10987089484058 -2.591789580678108 0
2691 8.450261746689462 -2.577620371505564 0
2692 0.4910271018335002 -0.7877720721875094 0
2693 0.4910271018334601 0.7877720721875996 0
2694 8.408544338440727 2.59227827090463 0
2695 19.22216654515677 -0.2879008663966201 0
2696 19.27519667813618 2.608998984054892 0
2697 24.71355954746375 -2.567320594247613 0
2698 24.71355954746348 2.567320594247432 0
2699 0.1624757307297694 0.2854928739950608 0
2700 0.1624757307298252 -0.2854928739947785 0
2701 20.58485699539274 -2.637134198691137 0
2702 15.10710206555511 2.648890733093526 0
2703 1.064096837831073 -0.01525726607480149 0
2704 16.59379726632349 -2.670501464923325 0
2705 16.82426917901218 2.645078707032248 0
2706 10.83876374880701 -1.199528203331865 0
2707 0.3327121223600749 2.22995749785681 0
2708 -1.408965127709549 2.899911913925406 0
2709 -0.08230067152510039 -1.681209392849536 0
2710 0.7955049980052507 -0.275693645145586 0
2711 0.7945732431331639 0.270844801746148 0
2712 20.60022508185309 2.667318901127136 0
2713 -1.060849513113514 -2.930549558643876 0
2714 6.538840007186658 -1.206976257298626 0
2715 6.423955714721647 1.206316011667464 0
2716 12.79953040561607 -2.678069889838448 0
2717 15.20203999450516 -2.644331269526492 0
2718 10.74672863797169 1.197662510661414 0
2719 0.191484728750522 0.07483843041078035 0
2720 22.95688002304372 -2.706051701526331 0
2721 22.95069075198204 2.692576536656288 0
2722 13.38116840417909 -0.9528669735790771 0
2723 12.69800882034971 2.68325767910752 0
2724 14.63786781403413 -0.946667520237149 0
2725 16.9725728898459 -1.020152445429995 0
2726 18.75859057474799 0.9477538712523815 0
2727 0.4664839793959547 3.212605751387439e-14 0
2728 17.14424384827778 1.074714772323605 0
2729 14.75813758992536 1.198539585634588 0
2730 24.85888112452659 -1.027542688864006 0
2731 24.85949094838717 1.142914318052931 0
2732 23.25075220046118 -0.5450290956549035 0
2733 22.68353068780442 1.041257981305603 0
2734 -0.08795343484605525 -0.7251554387422605 0
2735 0.1686813544547853 -0.3632250451587297 0
2736 0.1686813544547845 0.3632250451587988 0
2737 13.1308530368233 1.092848921940226 0
2738 -0.1796312683837588 -0.4215499034073483 0
2739 -0.2266345773894065 0.2970984173673542 0
2740 21.30573656302446 0.9726136100282659 0
2741 21.31730390248132 -0.9351547820215778 0
2742 -0.06646360256995074 1.252038484522413 0
2743 0.3023922378802428 -0.1355752554094341 0
2744 8.970817867731311 -1.064477464691278 0
2745 0.07217869539166805 -1.054585524980098 0
2746 1.961595185790986 -3.047198133557204 0
2747 1.932088949871184 3.089985829432832 0
2748 0.3048679287733248 0.1403133296459533 0
2749 18.76305810987593 -1.315086623921565 0
2750 0.4560480562797896 -3.079771685741114 0
2751 4.33373463644358 1.879542339867321 0
2752 4.333734636443201 -1.879542339867781 0
2753 4.781304159749133 -2.867146908844343 0
2754 4.744492986661632 2.863395504721719 0
2755 -0.1301513543385932 0.4743203332146213 0
2756 8.871577758469735 1.152186406466448 0
2757 11.30215269854459 -0.158450353595654 0
2758 0.5786477526078722 -0.5386703048151822 0
2759 0.5786477526078704 0.5386703048151461 0
2760 0.5510375705248032 3.206818814608081 0
2761 -1.761171475402588 -1.591257607241708 0
2762 0.4007183778622125 -0.4216290283461284 0
2763 0.4007183778621977 0.4216290283461535 0
2764 15.13946550559685 0.1070064598443181 0
2765 0.6257191405490867 -0.1894775761473686 0
2766 0.6252753411242303 0.1821144468124296 0
2767 3.044647200454756 0.6847121647493101 0
2768 3.059056872198936 -0.6826913634561746 0
2769 0.7591927927058788 -1.082455585097289 0
2770 0.7568971492782538 1.082459253427642 0
2771 1.948704216244781 -0.1598085678250249 0
2772 0.4081447075288043 1.709869600569042 0
2773 -0.6339917534910101 -0.8206792321429632 0
2774 5.858237189440991 -2.936723113065344 0
2775 2.850547811153227 -3.006347784547301 0
2776 2.850547811153121 3.006347784548433 0
2777 0.4153745316381906 -2.110050021060987 0
2778 5.833143088639858 2.907880801694687 0
2779 22.66544886897013 -1.510921256101835 0
2780 -0.2784419906856953 -0.103678539073555 0
2781 10.16929842906722 -2.97082760343166 0
2782 5.290761050949261 -0.9961738996660386 0
2783 5.314272046645463 0.9960569584343729 0
2784 2.758497401705016 -1.488859819478155 0
2785 2.759097773830826 1.488716193402605 0
2786 -1.418311681048567 0.4321366439769253 0
2787 10.03579166056607 2.964978345703024 0
2788 -1.813133554574898 1.449837022794892 0
2789 -0.6266055955666201 -0.09068018969262584 0
2790 18.13040514838985 -2.955590720643661 0
2791 0.2029050526486162 -0.5298976897756138 0
2792 0.2029050526485971 0.5298976897756135 0
2793 18.30040450021439 2.990782405760262 0
2794 -0.7588951108392591 1.458072954217625 0
2795 23.59186919981846 0.6814609735508084 0
2796 1.426173505867711 -0.3680604029352008 0
2797 1.408057491145516 0.346889124225383 0
2798 1.791413554394773 0.2033925221521453 0
2799 -0.8647053548293531 -1.18555034587091 0
2800 21.50282693945997 -3.050044588577971 0
2801 1.751217174994543 -2.161983802662474 0
2802 1.75342193624728 2.147738777060827 0
2803 21.55928615797004 2.947845533718955 0
2804 -1.598929018365755 -2.312745600465942 0
2805 1.522872616737034 -1.051013912424377 0
2806 1.522872616737193 1.051013912424515 0
2807 14.18981121645868 3.027722839692908 0
2808 13.71870543860708 -3.03119790929488 0
2809 9.897157660517323 0.9032190296183451 0
2810 1.255660960145842 -1.369196586722629 0
2811 1.255097913776422 1.369382909411665 0
2812 1.183936259244771 -3.234482399541597 0
2813 -0.2770094054228154 -3.102829049626881 0
2814 1.26550914172419 -0.6479549328530603 0
2815 1.265509141724301 0.6479549328531891 0
2816 -1.970676831178949 -0.7301361847010789 0
2817 7.650419409554794 -3.000647398993972 0
2818 23.89372215749908 -3.05070938929726 0
2819 23.89372215749796 3.050709389295907 0
2820 -0.7232409383080126 0.6570434402394963 0
2821 7.630133957162035 3.201590204175155 0
2822 11.86608605971094 -3.042026978575219 0
2823 -1.720240059618559 0.8347395017534978 0
2824 9.990520259257675 -0.76735058042464 0
2825 11.83177135254163 3.048414959250299 0
2826 0.1151182937259839 -0.169480529185579 0
2827 0.1270225346477947 0.167193934415564 0
2828 15.96661021762949 3.063478389208823 0
2829 0.6303245743314414 -1.467837554478811 0
2830 3.219531095959245 -2.12898584657263 0
2831 3.219531095959153 2.128985846572769 0
2832 0.07114600896778289 0.9804474993386645 0
2833 19.8035227089772 0.4848356485948011 0
2834 -1.059264474311007 -0.1490772471905554 0
2835 11.5870125148669 0.7313422551685862 0
2836 17.9266855714516 -0.8934954575402743 0
2837 0.2363021068366255 -0.2809664813026946 0
2838 0.2406314239602888 0.2796578772539787 0
2839 0.3592640680725022 -0.686807004741507 0
2840 0.3592640680723344 0.6868070047414305 0
2841 20.83100956895014 1.738001863341919 0
2842 20.8295140197494 -1.733828372903827 0
2843 -0.2294357169252849 3.25335694153029 0
2844 -0.2411957338341782 0.08907276071008091 0
2845 0.1057635882537337 0.0123541849551426 0
2846 9.272478865140236 -3.200794274293354 0
2847 0.1534277620518207 0.3933832409893285 0
2848 0.1534277620517502 -0.3933832409892226 0
2849 25.19904985936948 -0.2745874451697754 0
2850 0.8748258845557531 0.07330602909923913 0
2851 -1.811638784788567 2.121502903468539 0
2852 7.818727508016466 -0.3697407073577411 0
2853 14.85584240059635 -1.808861575610385 0
2854 0.6163184138894634 1.429783829255949 0
2855 13.02452759792783 -1.798668621613429 0
2856 15.66478689481597 -0.5988863588441752 0
2857 0.1070492876487281 -0.6083741336907293 0
2858 0.1226352635544099 0.6081569144192654 0
2859 -1.936415172244352 0.2008535538669775 0
2860 0.4190551658361449 -0.268791088123205 0
2861 0.4254663981241219 0.2677004540184462 0
2862 2.105062658935597 0.4862519520641826 0
2863 0.1697764760622429 0.4407298881340729 0
2864 0.1697764760622604 -0.4407298881339476 0
2865 1.227493051177396 3.170631780575222 0
2866 19.84194745272518 -3.110840675176104 0
2867 9.199997087590173 3.218900799442647 0
2868 1.387807361293011 -1.815595145564024 0
2869 1.404498163861729 1.790130130687233 0
2870 0.6507073925035494 -0.3876308267481926 0
2871 0.6507073925035403 0.3876308267481824 0
2872 -0.0566322976224164 -0.5267589628232542 0
2873 7.685093944527304 -2.066302919312043 0
2874 19.14664027326782 1.733953939689308 0
2875 24.04048255118114 -0.8275672270761665 0
2876 25.27111334391627 -1.827296856629872 0
2877 25.2289513974285 1.894350204683339 0
2878 7.854213078251334 0.4829300981785242 0
2879 -0.1507182524691633 -0.2669683164376084 0
2880 3.640448125047414 0.5488061255944116 0
2881 17.36594200956674 -3.227287461012099 0
2882 15.76892085629426 0.7322507971266019 0
2883 0.1705749558924941 -0.4637764980000599 0
2884 0.1705749558924365 0.4637764980001094 0
2885 0.3831910125656953 -0.06478929908654249 0
2886 7.606534791420809 2.27812350846402 0
2887 -1.818520510320363 -3.079981655137567 0
2888 0.1211795559991194 0.244269575730206 0
2889 0.1211795559991629 -0.2442695757296504 0
2890 3.692018788048946 -0.5656222997347934 0
2891 -0.0263287338287776 0.5948293042074846 0
2892 15.87963171434591 -3.14653461603929 0
2893 17.01731121675144 -1.843051777094414 0
2894 -1.054949626601778 -0.5515553134997477 0
2895 6.245292594171945 0.4354445189953408 0
2896 0.1361962706840086 0.3412730846170627 0
2897 0.1361962706840216 -0.3412730846169725 0
2898 2.604059887999563 0.4449875053429664 0
2899 19.92282169010599 3.123827428449937 0
2900 2.265510235443688 -0.4365818453319903 0
2901 12.04102461257428 -0.6227075093853746 0
2902 0.3119774962968337 -0.2327912479232644 0
2903 0.3751874037564842 0.06813803506504963 0
2904 -0.4974845379093066 -1.509426220455384 0
2905 0.2752728724989658 -0.9332636293168043 0
2906 0.3106918924287133 0.9444909666311347 0
2907 12.81833527514774 1.797354414216924 0
2908 0.03692046470860122 0.7654238953691943 0
2909 22.13198598129746 -0.8450629479300608 0
2910 0.09457808987305429 -1.380315628016294 0
2911 9.324943765403839 -0.326762575983348 0
2912 19.96213115285012 -0.4967909245749196 0
2913 2.191596051901092 -1.360768228662311 0
2914 2.191596051901107 1.360768228662213 0
2915 17.9091462761793 0.7531249698735565 0
2916 17.5043516267594 3.220367581158428 0
2917 1.201752801556713 0.1914196733722447 0
2918 13.38191942864195 3.183682685965394 0
2919 16.96811347147327 0.261140835861234 0
2920 13.27190467057775 -0.1230066333242954 0
2921 8.494249788929208 -1.767363892775443 0
2922 0.2896362521502512 -0.5151010520614419 0
2923 0.2896362521502565 0.5151010520614628 0
2924 17.22136469020386 1.898412697194311 0
2925 2.744326946642826 -0.329786155421547 0
2926 19.96235031060324 -2.252492574733036 0
2927 14.50677780132116 -3.205000651336666 0
2928 23.00235800691313 1.92303546375843 0
2929 20.53379507554491 0.8009107743748731 0
2930 6.23459171022379 -1.930210971615424 0
2931 14.04542648828382 1.006767528193846 0
2932 22.32610122241107 -3.23059086388727 0
2933 1.888974319966302 -0.9480640224167367 0
2934 1.90167288075039 0.9508898899192225 0
2935 0.2869128549039259 -1.68254531622719 0
2936 6.242015167439413 1.97182162418713 0
2937 7.154657831643374 -0.8511438266112819 0
2938 4.040777418981328 -0.007512830945197941 0
2939 0.8639074656074104 -0.4632002231120846 0
2940 0.9977112344934252 -0.6807440459457292 0
2941 0.8639074656073767 0.4632002231122563 0
2942 0.9977112344934165 0.6807440459458277 0
2943 6.21257016178806 -0.425770253221562 0
2944 22.88237017833696 0.2079788843851444 0
2945 10.60775414709597 -1.91926191179764 0
2946 11.41044373243503 -1.845059672102219 0
2947 0.2159100887212149 -0.1387253898674599 0
2948 22.31262183269204 3.260417713293316 0
2949 0.817510474921065 -0.106237601106609 0
2950 25.32446677595143 -3.243528726973999 0
2951 25.32446677595092 3.24352872697272 0
2952 7.107513547702139 0.7851196337094434 0
2953 4.066298949440974 1.275607842875844 0
2954 0.3096924489118461 0.2371086598833529 0
2955 0.5391225887703008 -0.0945958816551648 0
2956 0.5246738532822635 0.1010974446124391 0
2957 0.1787578058737534 1.435758906102085 0
2958 12.37278372230342 0.8560553311715334 0
2959 -0.7915719017738981 -2.398448700528234 0
2960 4.070902086108474 -1.257819804912087 0
2961 6.626209181093037 -3.210383292407279 0
2962 1.202928770334729 -0.2039297913879863 0
2963 15.23639432064783 1.864656092761299 0
2964 10.4710883685765 1.948619127245592 0
2965 0.1570353225988348 0.4189227087444506 0
2966 0.1570353225987876 -0.4189227087443939 0
2967 -0.6625558829109216 1.923122901022061 0
2968 8.388323272688432 1.792681106083041 0
2969 -1.054703745864831 2.454151192686242 0
2970 11.25536374854855 1.824747971052258 0
2971 19.98013142606425 2.255402494388397 0
2972 -0.4279308802129521 -1.999164339506946 0
2973 15.8610297667351 -2.307656951075529 0
2974 7.066012577119461 -1.628290871047697 0
2975 21.31180261316958 0.2328670757120507 0
2976 12.13356505473171 -2.347678460073185 0
2977 6.515125622065467 3.28000884729377 0
2978 -0.8411383849560332 1.035496234894316 0
2979 0.2193936691399051 0.005661427143693781 0
2980 25.31792670344099 0.4827644325125405 0
2981 18.54982628360995 0.200336707105751 0
2982 6.942244209208872 1.751206967157313 0
2983 0.129556178753161 -0.5396931902741428 0
2984 0.128662418613235 0.5407024178427147 0
2985 4.116302910720323 -3.266153809463919 0
2986 4.116302910720204 3.266153809464323 0
2987 10.81430062950406 0.433538881111467 0
2988 0.9857350748096776 -0.2168443706578666 0
2989 4.714957769192312 -0.01161415994955714 0
2990 24.4733743282924 -1.769830210835438 0
2991 24.50593657155123 1.847653591456281 0
2992 -0.82829143727504 3.042762293361844 0
2993 0.1829323839458865 -0.5027968953752602 0
2994 0.1829323839458469 0.5027968953752713 0
2995 16.13692579506146 2.324362357412629 0
2996 0.7652451667695528 2.18200086796918 0
2997 10.77886130707628 -3.293770697858175 0
2998 13.97993153236481 -1.342185365399104 0
2999 0.6596223978098978 -2.596346044452659 0
3000 13.97406935178362 -0.5756264679851808 0
3001 18.54196076525966 -2.060785490537089 0
3002 20.56917963584916 -1.00733735427716 0
3003 10.68986752687179 3.267018627320946 0
3004 -1.210388530306033 1.40364409274706 0
3005 12.04291587271276 2.333293332469833 0
3006 0.08485987814711971 2.743944568905086 0
3007 0.2853983336518407 -0.3755659751694927 0
3008 0.2853983336518049 0.3755659751695191 0
3009 -1.293809372503446 -1.419402011657743 0
3010 0.1390391011578773 -0.3721040447429547 0
3011 0.1390391011578756 0.3721040447430024 0
3012 0.5144303583808714 -0.2240670515972042 0
3013 0.5185003873585743 0.227870136366387 0
3014 16.47661171305338 0.7400735363800006 0
3015 18.86496274331486 -3.297127993649394 0
3016 16.32215243918521 -0.707855119260663 0
3017 9.148742651633416 0.4853339691713409 0
3018 -0.4164420581457012 1.313424338403957 0
3019 0.4743184825498243 -0.6200628804324403 0
3020 0.4743184825498592 0.6200628804325818 0
3021 0.4834429777529966 -0.4608453462024519 0
3022 0.4834429777529964 0.46084534620248 0
3023 4.771084510496578 1.389173077695623 0
3024 21.88078042454886 1.324991115754211 0
3025 3.42850337601743 -3.311379404396022 0
3026 3.428503376018933 3.311379404393492 0
3027 -0.1211800963728165 2.154399949874374 0
3028 0.2195446051381283 0.1385788997409591 0
3029 8.384392603881157 -3.273484887030154 0
3030 0.8176675112084398 -2.159463196466697 0
3031 0.702898564991126 -0.8681393962456455 0
3032 0.7028985649913134 0.8681393962456989 0
3033 24.26912774237402 0.7184357445403815 0
3034 23.64595629514145 -2.364960474840512 0
3035 23.59300013511747 2.362480570096305 0
3036 4.730076123920849 -1.375506167772428 0
3037 12.69644200890687 -0.6201888585834071 0
3038 0.2713438789154922 0.07308170581948051 0
3039 -0.5625729938272115 0.3318248881356371 0
3040 18.90947302149909 3.315602321687857 0
3041 3.731040476640533 1.891653421634662 0
3042 3.73339545246263 -1.889023125779113 0
3043 0.09157370384045024 -0.08130603184862202 0
3044 0.983539503445776 0.2412924983740339 0
3045 9.077717366625864 -2.29274844459158 0
3046 9.090226471233866 2.39414691000091 0
3047 24.51078141059676 -3.314624438502348 0
3048 24.51078141059509 3.314624438500259 0
3049 20.8750613160894 -3.32732660551517 0
3050 8.36094913564653 3.279221768074411 0
3051 14.56006522773141 2.208033719524296 0
3052 20.90103142599292 3.342627049325406 0
3053 -0.1487041375521778 0.1893893609081084 0
3054 -0.0949255134782695 0.3273504550613787 0
3055 0.1745488229196522 -0.3243070094612006 0
3056 0.1745488229195465 0.3243070094613598 0
3057 -0.259889266507939 -0.8786254360240726 0
3058 5.33088120537908 -3.341993702774692 0
3059 0.5134409694200498 -1.013408147706377 0
3060 0.5134409694195956 1.013408147706343 0
3061 -0.191176286227899 1.01268219644555 0
3062 18.55294279175918 -0.5427930828723837 0
3063 10.66981182654828 -0.494320986318891 0
3064 -1.047770296979222 0.5419729743301599 0
3065 19.26559573033737 -1.806084703606201 0
3066 0.2650368904962454 -0.06787632860330017 0
3067 0.9015427669351481 -1.337185478642918 0
3068 22.51265618953891 -2.142844225984649 0
3069 -1.877521483461952 3.392939825181418 0
3070 14.83856589210376 3.298630695908472 0
3071 19.37391459935014 -1.004664210150321 0
3072 2.725028516926209 -1.064005385621122 0
3073 2.714091777595287 1.045639460933173 0
3074 0.8969601904030762 1.339605941205293 0
3075 16.71363212595298 3.355632366462469 0
3076 18.64849557423365 2.361273189049824 0
3077 12.48872992243786 3.31869402950191 0
3078 23.174818671625 3.349204895411504 0
3079 23.22066929101733 -3.330995935802577 0
3080 13.10562590013626 -3.311376211233658 0
3081 0.641476752657138 2.642645518609565 0
3082 -0.472675923409289 -0.4606454847877199 0
3083 2.005394196306598 -1.789753069751638 0
3084 2.005394196307083 1.78975306975205 0
3085 5.263968301539496 3.346083241631683 0
3086 0.1288063848195476 0.2999161506100511 0
3087 0.128806384819571 -0.2999161506098563 0
3088 16.56388063191883 -3.323096130891442 0
3089 8.327723775540647 -0.8453929482568778 0
3090 -1.457635903214646 -0.6056978119321609 0
3091 21.2219713446378 -2.382443928701901 0
3092 17.23917920590248 -2.411271316641491 0
3093 1.642920176836064 -0.1763029878849423 0
3094 17.61033058842779 2.523842689618891 0
3095 23.65295424100582 -0.0174454073209519 0
3096 0.7435553663053867 0.1224006667853306 0
3097 22.26710112071701 2.574259466677897 0
3098 21.22968077810511 2.394015110062959 0
3099 0.3323256041698275 -0.4627693275365984 0
3100 0.3323256041698128 0.4627693275365994 0
3101 14.56828095199975 0.5146752309563896 0
3102 14.51355296781072 -2.498918766118218 0
3103 22.12500552241068 0.6733398225731596 0
3104 17.20426556217257 -0.3279182676112711 0
3105 0.245880423079088 0.481261425362137 0
3106 0.2458804230791071 -0.4812614253621071 0
3107 1.59170106177678 -2.657509868660845 0
3108 1.637842433616999 2.640796490645897 0
3109 16.63871502854927 1.535664738828024 0
3110 15.17813147142247 -3.348366168448067 0
3111 25.46145181790795 -2.513776196614188 0
3112 25.4503979914487 2.535062752462092 0
3113 5.791373478861352 -1.428617079576988 0
3114 13.41051224496919 -2.408806470783618 0
3115 13.28964460154575 2.542761827253947 0
3116 -0.6168513958280868 0.1115710476025447 0
3117 -0.1692594227812741 -1.217225503438247 0
3118 14.57076977557973 -0.2357016737446515 0
3119 16.46357789244836 -1.401938372183257 0
3120 -1.636482289107074 -1.073193857260476 0
3121 0.08907358256702182 0.09495863578852055 0
3122 4.242204061672416 -2.553986774512822 0
3123 4.242772743340579 2.555273064020009 0
3124 -0.37849557332294 0.7292075834023779 0
3125 -0.4266695744766144 -0.03523468122569964 0
3126 11.51747566331565 -1.155919963170129 0
3127 -0.0704702099027727 -0.3818185273792772 0
3128 12.94273065115305 0.5078672725352281 0
3129 0.1356740531184542 1.238561421921619 0
3130 5.767353673474368 1.442584025619858 0
3131 18.32655935447199 1.479468790754368 0
3132 21.91349355202296 -1.414689902994103 0
3133 17.50212665773739 -1.422263637332372 0
3134 2.640426077374101 -0.6332566313127126 0
3135 23.29717308402657 -1.215549835903526 0
3136 2.017520485847325 -0.6546784338253695 0
3137 0.2357379514025344 -0.4329811394895484 0
3138 0.2298112211720136 -0.3875152604111767 0
3139 0.2357379514025073 0.4329811394895677 0
3140 0.2298112211719876 0.3875152604112118 0
3141 19.40239220619705 1.062467426068914 0
3142 15.22101326388598 -1.211051634247987 0
3143 2.907627322414898 0.1101604970237302 0
3144 -1.114311715954093 0.1809250598036473 0
3145 0.6307781762003803 -0.6785216120018905 0
3146 0.6307781762003972 0.6785216120018789 0
3147 2.399534138775544 -3.423195428786948 0
3148 2.39971150244049 3.423442854094802 0
3149 0.5974983636532173 0.2891276798614819 0
3150 0.5974983636531788 -0.2891276798614745 0
3151 -2.014954454324565 2.769911774460072 0
3152 -1.941154749487538 -0.2207689054489077 0
3153 9.150199349429847 -1.696103535235861 0
3154 -0.1571905371111672 -0.1377160568050657 0
3155 23.26782649512696 1.232393895197743 0
3156 25.45251730218575 -0.8612466330717204 0
3157 0.08647497483341499 -0.8426130407804072 0
3158 14.24611847577201 1.594240744499037 0
3159 0.3264705561353159 -0.6152284338144661 0
3160 0.3264705561352673 0.6152284338144608 0
3161 0.5656125075665727 -0.0152225873634092 0
3162 4.790634809632695 2.207018918344621 0
3163 4.78966620112956 -2.202642846324377 0
3164 5.322420513391272 -2.630970519996775 0
3165 12.44742527326127 -3.401403652009397 0
3166 8.248694886506728 1.001041106163409 0
3167 25.47931670590636 1.136401253363332 0
3168 22.59592832138079 -0.3844613831374993 0
3169 -2.031514598328449 -2.055283065342852 0
3170 22.0528118875805 -2.623210783020039 0
3171 2.29291053572913 -2.750645642571406 0
3172 2.289222256238512 2.755994104556173 0
3173 0.6518723211237282 -1.791580792452749 0
3174 9.051396238726824 1.777917876396487 0
3175 23.11424259003224 -1.950578034866756 0
3176 4.972889931598596 0.5196163479127767 0
3177 17.65256700243721 1.424340975225416 0
3178 13.59662949963573 1.520015389825555 0
3179 -0.784887733910551 -3.434036156880859 0
3180 -1.409160357191822 -3.409435011342449 0
3181 0.2527928035116739 -0.1821015247133986 0
3182 -0.8663171289952867 -0.04487661697721013 0
3183 1.262433883580872 -0.004747676240492191 0
3184 24.66775756185186 -0.6092486865402784 0
3185 10.08439460995153 1.503590572979344 0
3186 0.7204287406112232 -0.5301366930664251 0
3187 0.7204287406111545 0.5301366930663951 0
3188 0.1934777399548209 -2.682733900272813 0
3189 12.68389561983698 -1.208032577507204 0
3190 0.3809591370085887 -0.1646117307248287 0
3191 5.293833708202912 2.626155697355788 0
3192 18.17306898648451 -1.508937401227417 0
3193 15.35548269553732 1.268410121612006 0
3194 2.901716869001131 -2.488821312873223 0
3195 2.901716869001146 2.488821312873901 0
3196 -1.23957277877596 3.439291736314436 0
3197 19.11940652730492 0.4441088148074832 0
3198 21.67466353638626 -0.3357391842967007 0
3199 9.66846445331703 -3.412995367051352 0
3200 15.39835877027461 3.369802044792795 0
3201 0.07768411754969629 1.718790248593795 0
3202 0.8633650495066331 -0.8129976802139649 0
3203 0.8633650495067409 0.8129976802140977 0
3204 11.27022670367272 3.384519043345616 0
3205 0.3684949433779451 0.181570779243362 0
3206 24.26768368807431 1.330995852682197 0
3207 21.03749610282321 -0.3804528958781848 0
3208 10.08195334822819 -1.504899172852512 0
3209 11.84714046262264 0.1695835532975266 0
3210 4.931182549819172 -0.5626386991237752 0
3211 22.35691380241517 1.760959051155682 0
3212 -0.1874909485560352 0.6541765327521915 0
3213 13.52732284655953 0.5794859801560517 0
3214 2.122050568791398 0.2146415269347469 0
3215 11.38558096582227 -3.443414352110428 0
3216 -1.394113202994918 -1.865501725494788 0
3217 0.01852605886576981 -2.085753963176544 0
3218 0.4572434232107979 -0.06760052147116136 0
3219 6.959570947549823 3.396500982042411 0
3220 0.3693679919649463 -1.462903274328752 0
3221 1.082500353262802 2.01938928575548 0
3222 0.4615379874365568 0.07588927970987366 0
3223 2.405815932502224 -1.762149778283523 0
3224 2.40581593250214 1.762149778282857 0
3225 0.3814356889477202 0.0006751175146560197 0
3226 -0.4153220073455262 0.3270281494150531 0
3227 0.3774078905010582 0.3331418569871133 0
3228 0.3774078905010655 -0.3331418569870542 0
3229 1.497076698258351 -0.7949072486498883 0
3230 1.497076698258517 0.7949072486500217 0
3231 21.56485801949268 1.703222832379177 0
3232 0.04600336692577643 -3.429879515511296 0
3233 -2.069637098427633 -2.645638136466872 0
3234 1.687507860737127 3.503271373123083 0
3235 5.920468536182664 0.7394133555231612 0
3236 9.576192336574962 3.454319364173728 0
3237 8.844892023456376 -0.3650738662615226 0
3238 -2.146701504368991 -1.215075962988247 0
3239 9.684514372145252 -2.570794588086123 0
3240 17.72952754899013 -3.459339555373371 0
3241 1.680642278170245 -3.500429163259641 0
3242 16.37799987271543 -1.988872448305676 0
3243 24.33207859679271 -1.348173814930645 0
3244 0.3182119800719573 -0.3975408301664518 0
3245 0.3182119800719215 0.397540830166471 0
3246 -0.03731178910934257 0.4552889910339767 0
3247 1.587387870084583 0.1833636897656886 0
3248 15.13203410739542 0.7241268153331182 0
3249 0.9896261203292847 -2.946944506739757 0
3250 4.609485119185696 -3.448938639284657 0
3251 0.6655808917712029 1.908051684465397 0
3252 0.1627232916501344 0.01724898308188325 0
3253 0.7618110961266636 -3.533076047514983 0
3254 3.460317115671496 0.9715324359232468 0
3255 1.293035516288251 -0.9085897692741756 0
3256 1.293035516288381 0.9085897692743659 0
3257 24.17552306718366 -2.443010626644535 0
3258 24.1227383431856 2.402313252337222 0
3259 6.057606766816017 2.623434132865673 0
3260 3.476800131204653 -0.9561621643905038 0
3261 7.00858268541763 -3.391075050660415 0
3262 0.7136233190944782 -0.1144879639781419 0
3263 10.20599507455767 2.309831189739611 0
3264 -1.532563212510339 1.203304080730825 0
3265 -0.5377391363536062 -0.7098463809879212 0
3266 10.50084466868772 -2.56938866184075 0
3267 0.02384733102791538 -0.5791321642054186 0
3268 4.625780952486919 3.431274251736694 0
3269 24.87941500568563 0.3945448859906051 0
3270 2.809480687295235 -1.969078842947127 0
3271 3.199454218265305 -1.670963930301508 0
3272 2.809480687295098 1.969078842947416 0
3273 3.19993877342225 1.670769693412301 0
3274 25.52627495978149 -1.372289040201076 0
3275 0.2529700926266775 -0.321398688460504 0
3276 0.2529700926266096 0.3213986884606172 0
3277 1.25383764840017 -0.456630117677879 0
3278 1.222155865580613 0.4815394222934474 0
3279 15.65347548697639 -0.06664318223930245 0
3280 0.1580373033520911 3.473268733748649 0
3281 15.55718814947068 -1.885269931131434 0
3282 -0.545636283093884 -0.2679955992880714 0
3283 20.33466107312478 -3.401258491204282 0
3284 -0.1205563971480203 -0.8792099499534038 0
3285 11.31765126105764 1.258088572604188 0
3286 0.5848984503220475 -1.268941921836938 0
3287 0.1933714903140374 -0.370037460826132 0
3288 0.1933714903140273 0.3700374608261808 0
3289 0.1688974638839566 0.8869549905299894 0
3290 6.644230067645658 -0.4574388532896918 0
3291 15.57427039349935 2.305677041200954 0
3292 19.90680463627142 0.003162965708636107 0
3293 8.719624188077312 0.6084298251927311 0
3294 0.2533757629430907 0.1967392095431475 0
3295 10.33223666946332 0.7788528968257367 0
3296 6.183501004823494 -2.582321777448894 0
3297 9.483467274239793 1.389973665924033 0
3298 -0.7984912187466775 -0.2106691937568475 0
3299 0.2123399272688001 -0.4949269914758064 0
3300 0.212339927268767 0.4949269914758164 0
3301 16.65012323942122 2.139579326860928 0
3302 0.5777594093926203 1.236059241590573 0
3303 6.15230527386771 -3.420319927284481 0
3304 -1.116931833117502 -2.281934799138044 0
3305 0.9034161198901305 3.477108646537 0
3306 2.059785700338263 -2.487284612371137 0
3307 2.059409345287758 2.487830373798695 0
3308 19.41908584548217 -3.389940898664353 0
3309 -0.1978283819879287 0.002600499877905311 0
3310 1.244527597149799 -2.069884034192724 0
3311 20.35433935947592 -2.0849146741892 0
3312 21.86139115660109 -3.495955780721066 0
3313 22.75345163956878 -0.9313529900541134 0
3314 1.652643599906621 0.394134925665327 0
3315 21.79615823867506 3.438440886061402 0
3316 1.218987243704116 -1.156147655640801 0
3317 1.218140377702886 1.154998115146292 0
3318 13.58084397469208 -1.655650964853052 0
3319 0.2961970390227806 -0.8198777278986509 0
3320 0.3280559795208267 0.8296718761660768 0
3321 1.765955404191865 -0.4335464479799284 0
3322 -0.5869014844135713 3.56840074374309 0
3323 -1.569201936356243 1.788232985525659 0
3324 17.9639445700991 3.442944798375422 0
3325 11.54568650939643 2.322344720500343 0
3326 16.75957515418766 -0.3209177833161351 0
3327 -0.460791724536391 -2.652502128889481 0
3328 -0.9554985974786223 -0.9668658400860252 0
3329 0.3853287797405403 1.427602723638688 0
3330 0.05975963123382545 -0.03299822795900563 0
3331 5.570020972522029 -0.5497917003366837 0
3332 -1.363041612363908 2.306683013664058 0
3333 0.581038470796752 -0.4115416383512866 0
3334 0.5810384707967275 0.4115416383512698 0
3335 0.6450294203137232 0.09365596217005517 0
3336 10.22021686480567 3.544513607959908 0
3337 3.020526871754323 -3.54692743700009 0
3338 3.020526871760855 3.5469274369976 0
3339 -0.1721039783817139 -0.6205232853793249 0
3340 13.84862936962097 3.432729250202516 0
3341 0.3503233128550818 -0.2620186819853718 0
3342 12.5280015850485 1.385726703202638 0
3343 -0.6674962863641324 -1.127442601160197 0
3344 3.090889344318783 -0.3813751441222419 0
3345 -0.8247229530873676 -0.6015528382152562 0
3346 9.738692683920821 -1.403431272265969 0
3347 6.021023887512421 3.460994209775109 0
3348 0.09006914444324865 -0.7373502338537867 0
3349 3.308955454483537 0.4262965726648169 0
3350 1.463430652266562 -0.5811839072743751 0
3351 1.430964508737771 0.6415630895163598 0
3352 -1.500819424032204 0.6731893823393799 0
3353 0.9825437760686404 2.82124665381049 0
3354 19.45058181244501 3.377806546358913 0
3355 11.62726526779306 -2.581468917650334 0
3356 20.37678205591891 3.445096679127765 0
3357 0.3489066682101913 0.2603450442942841 0
3358 -0.3308873194461286 -0.418298508966126 0
3359 9.75736913094379 0.3338254389468971 0
3360 17.36057454853282 0.5991954993295948 0
3361 14.05884586009488 -3.458279426767734 0
3362 0.100452849951959 0.1968806613244921 0
3363 0.1738697482380758 0.1279626888773018 0
3364 -0.09035074536625534 1.495382227446055 0
3365 -0.2637375311395221 0.4321726960845026 0
3366 15.0484233413882 -0.5469903520026934 0
3367 9.468936628308974 2.531489124921412 0
3368 21.35624722079286 -1.73503222702326 0
3369 10.35606589407564 -3.430130002985349 0
3370 18.60455874348273 -2.551593823514454 0
3371 0.09921874218882189 -0.1950299964000831 0
3372 -2.111299549321021 1.829093881990663 0
3373 1.411815110378551 -0.1755944088163159 0
3374 18.60602502287854 1.837709130911584 0
3375 17.85156295489105 -2.621449991075997 0
3376 -0.5347710319863204 1.517126265589561 0
3377 -2.26300857188594 1.138698442436495 0
3378 22.95717736238559 0.673987315847713 0
3379 7.963824195204097 3.549842727780778 0
3380 11.21471125909611 -0.6822882678794353 0
3381 1.653906450124008 0.006090361902306207 0
3382 1.922134654169554 -1.298739161095745 0
3383 1.922134654169744 1.298739161095885 0
3384 7.544095402355969 0.0838682219147371 0
3385 5.728242943665129 -2.333953393894671 0
3386 7.931087715707148 -3.506733175117034 0
3387 18.39530958080243 -3.487039446021628 0
3388 20.46659803345232 2.131644212016066 0
3389 1.422894888893532 2.243184258874053 0
3390 0.157495329604082 -0.4594877990156216 0
3391 0.157495329604056 0.4594877990156715 0
3392 12.56802799763227 -1.916599198108634 0
3393 3.169066728694178 1.145484660230638 0
3394 13.21744278484128 1.940705883104762 0
3395 3.178417596250026 -1.137830473040125 0
3396 -0.3057331216496161 -0.004090064664914221 0
3397 20.95693967504603 0.5413978847517034 0
3398 0.2083614873637477 -0.3009422832691333 0
3399 0.2092273507883848 0.3006805624595464 0
3400 1.501234129132249 -1.379583583752961 0
3401 1.501167099802732 1.379605765025714 0
3402 22.22923612074977 -1.750664529840361 0
3403 0.9161054028183203 -0.3357121362953371 0
3404 0.2117773524687419 2.003847477850759 0
3405 0.9270606856475576 -1.107059714219868 0
3406 0.1073355240005695 -0.2784103602416549 0
3407 0.107335524000608 0.2784103602420049 0
3408 0.1766881580644943 -2.340960391134252 0
3409 0.3225793765998022 -0.05829868159846423 0
3410 8.04917328394238 -2.699170831199513 0
3411 8.010528735969348 2.637871492345872 0
3412 8.84212484119354 -3.523713658277283 0
3413 20.83376192592792 1.20841223920524 0
3414 5.950254994116777 -0.7356945948811886 0
3415 12.90574297992082 3.553930080044578 0
3416 0.1915035763879451 -0.4319700510973082 0
3417 0.1915035763879339 0.4319700510973701 0
3418 1.937045051270138 0.7059655231478592 0
3419 5.422803592270346 0.5880261663144675 0
3420 -0.5723437260494968 0.5054098356058812 0
3421 -0.2330057483602629 -0.1958256563494941 0
3422 7.271006534524028 -2.660159516737639 0
3423 23.67395541994738 1.05607550271922 0
3424 5.2532109463334 -1.501668688346089 0
3425 0.923965103827707 1.107769763419567 0
3426 3.139408575058129 -2.774694794281416 0
3427 3.139408575058018 2.774694794282194 0
3428 13.8695951947888 2.610729543829049 0
3429 2.591294362000619 0.7650183850378751 0
3430 22.74926223653826 -3.569757917216421 0
3431 5.289906223851785 1.479268562531307 0
3432 0.1668529019815781 -0.1032357903224946 0
3433 10.44792393805584 2.775478052573596 0
3434 -0.9216959366106355 0.7623289133143487 0
3435 7.195796917524975 1.302887832086268 0
3436 9.372618588997771 -0.8112295670284044 0
3437 14.49378149747259 -1.440912122571354 0
3438 18.06722290905197 2.544401135479763 0
3439 14.60351957021292 2.680439947017671 0
3440 1.069334205157586 0.1349098529755098 0
3441 22.73854796533622 3.526437313530719 0
3442 8.147718823156309 -2.212171027721713 0
3443 14.05285761504387 -2.655878842507357 0
3444 7.199785449792836 2.629906741260236 0
3445 6.598492496288197 0.7521497491988884 0
3446 0.1718698276672684 -1.199323825635824 0
3447 6.688447904989768 -1.928446441374382 0
3448 1.901927919926186 0.4832215620685528 0
3449 18.89987431254239 -0.8952580856829995 0
3450 0.9501292551913261 -0.02005453665242343 0
3451 5.67714890659712 2.34246322242107 0
3452 24.03661511861431 -3.518638084806316 0
3453 24.03661511861438 3.518638084804014 0
3454 -0.8091732923539331 -1.61612166533206 0
3455 -2.070030579617 -3.526662771615332 0
3456 0.1354359466429308 -0.3863389364878757 0
3457 0.1354359466429652 0.3863389364879693 0
3458 18.47335698620517 3.480501956490784 0
3459 0.1180795242259801 0.3258153807779141 0
3460 0.1180795242259642 -0.3258153807777659 0
3461 -0.6016566739294289 1.115782696158619 0
3462 2.435375530013828 -1.159162673638475 0
3463 2.445583399536463 1.184239561002779 0
3464 20.4229940956516 -0.6371206952026874 0
3465 0.1702470728259318 -0.4804457099012445 0
3466 0.1546366161503673 -0.5042094873939109 0
3467 0.1915373086830477 -0.4827346818517718 0
3468 0.1702470728258637 0.4804457099012714 0
3469 0.154487656127025 0.50437769198867 0
3470 0.1915373086829733 0.4827346818518015 0
3471 0.1595187977301382 0.2013150061415669 0
3472 -0.488022368720903 -0.8685337298116671 0
3473 2.007026223888318 -0.401973276865576 0
3474 -0.2161525504263807 -1.473654925687089 0
3475 -1.263171457192469 -0.2648337926994314 0
3476 0.1509044045018219 0.4342965382850364 0
3477 0.1417232633901352 0.4121719841854715 0
3478 0.1509044045017467 -0.4342965382849625 0
3479 0.1417232633901099 -0.4121719841854234 0
3480 8.101306091818303 0.03432993603591256 0
3481 12.00527188412422 3.520919081261789 0
3482 25.58522068088516 0.05695639835286444 0
3483 -0.4549735664157887 2.880290985301601 0
3484 0.1391503120542313 0.06263417584952018 0
3485 0.1924675376166492 -0.8520737691469057 0
3486 0.1578714272034307 -0.1918520958367067 0
3487 -1.446207826684855 -2.791555174104919 0
3488 9.927905737671058 -0.3883940048116628 0
3489 -0.897480277701348 -0.3835865451632829 0
3490 21.77982110145322 2.550370170123524 0
3491 2.192364945750871 -0.203136324678009 0
3492 0.1255767350825259 -0.3618533228364348 0
3493 0.1255767350825428 0.3618533228364605 0
3494 2.344470717782829 0.3572184484640424 0
3495 -0.289412214357493 0.2003277220304594 0
3496 8.796482638173346 3.540426136873093 0
3497 0.4415795443543427 -0.3576705534084397 0
3498 0.4415795443543313 0.3576705534085031 0
3499 0.270162252208695 -0.6580111702139045 0
3500 0.2709753574039483 0.6568628133085589 0
3501 -0.1504444242145448 0.05685877969397175 0
3502 25.65681111020419 1.545948404835774 0
3503 19.65799593059101 1.823621143842496 0
3504 1.701129446516015 -1.768546460327602 0
3505 1.706881000341308 1.763185294981191 0
3506 21.63525630334257 0.5654552834494787 0
3507 0.8200067258599315 0.9621279838065537 0
3508 0.8206485383891524 -0.962043017433813 0
3509 -1.546453716577569 0.1391240492350052 0
3510 17.12486814606284 3.479932553985008 0
3511 4.700056141537833 0.876584533961863 0
3512 0.7154872848821521 -0.2569969487254585 0
3513 0.7136017477045462 0.2600193848204007 0
3514 14.38438107461769 3.451950296956995 0
3515 15.94822236081673 -1.002396549897001 0
3516 -0.7709653238775072 2.242469655278512 0
3517 20.01574878536803 0.9157144664883307 0
3518 3.76892664907185 0.1880190161593988 0
3519 21.31817499392367 -3.521472073658215 0
3520 16.13320047627052 1.061740429894809 0
3521 0.4256765978750031 -0.4831915756991771 0
3522 0.4256765978750166 0.483191575699224 0
3523 -0.04616956827925997 0.8723142167507224 0
3524 0.8866639921067049 -0.6044676017831885 0
3525 0.8866639921067829 0.6044676017833442 0
3526 0.9048651767043383 0.3397636589014746 0
3527 0.3227767027416661 0.05362578686617357 0
3528 12.04084668720511 -3.534051840131307 0
3529 0.7796900659368937 0.02599593071295626 0
3530 -0.2303202451166976 -0.3190915320626693 0
3531 0.1670583401092786 -0.2436213471419214 0
3532 0.1566002415536262 0.2428762602157852 0
3533 3.840906473858869 -0.9397864524556827 0
3534 14.73861613732125 1.699584788962884 0
3535 1.186820619261314 -1.645397724980761 0
3536 1.185921080028376 1.628930631004658 0
3537 1.444387770337793 0.1836316386891524 0
3538 -0.08139232305300528 0.2442345600311828 0
3539 -0.3632589261258483 1.972665215807332 0
3540 20.12451246406603 2.690945298742954 0
3541 13.55163098105913 -3.484102522351296 0
3542 -0.3943765900125586 -0.1492300846911658 0
3543 21.27311403854203 3.609551791313371 0
3544 10.45708695977457 -0.9196950393567096 0
3545 11.93462900201795 1.092981333110777 0
3546 -2.21922730644444 0.5429123437256472 0
3547 3.596778993282604 -2.26572929252414 0
3548 3.596538689627181 2.265997690060382 0
3549 4.467479162557522 -1.049093435991036 0
3550 20.11175593200785 -2.68472759550566 0
3551 12.40459675455719 -2.71122727700589 0
3552 20.24022726672755 0.3469010433819419 0
3553 3.838336175375514 0.9457080030367802 0
3554 15.99978787851846 3.543899452773518 0
3555 19.62406648428203 -2.651836038208961 0
3556 17.62304575869603 -0.4879889302523978 0
3557 7.901804483473029 1.806344508790285 0
3558 11.29954144725026 0.3364092251200654 0
3559 7.333522857622533 -0.4100729374937024 0
3560 6.45743320636489 -0.04010800117596314 0
3561 0.2083613781719705 1.063994234566786 0
3562 0.6218845910445177 -0.06453125430234331 0
3563 24.92194857527814 -3.564897175455812 0
3564 24.92194857528202 3.564897175454713 0
3565 0.07750208371165232 -0.1353445920774761 0
3566 18.35055348869976 -1.080881784435543 0
3567 9.356412813112978 1.008089544740662 0
3568 6.987653397815022 -2.954971600840183 0
3569 7.237101309780397 -2.130614911349221 0
3570 7.644962398297363 -0.8547422713527157 0
3571 1.462160203514304 -2.34167887064456 0
3572 21.07202658982308 -2.852139412024915 0
3573 6.893473954769428 2.961450843915904 0
3574 -1.118386742068318 -1.191874095238703 0
3575 20.43275472435901 1.466090797417751 0
3576 24.87748921201047 -1.701739708801616 0
3577 24.85821564963411 1.616941524497098 0
3578 0.1163044536026485 -0.04264748567641447 0
3579 11.36825544263976 2.8403104273357 0
3580 8.781070057982548 -2.975257003933138 0
3581 -2.180173603309918 -1.567071749019079 0
3582 -0.96581695008735 1.261487300995007 0
3583 16.32820258307507 2.769412359732887 0
3584 1.151994724754476 -0.8019559255711617 0
3585 1.151994724754573 0.8019559255713424 0
3586 21.07773796579951 2.855498163915445 0
3587 18.76837030625148 2.827235023661128 0
3588 12.21995388335108 2.787025243783707 0
3589 16.93057911554854 -3.548196915986959 0
3590 -1.66944750855007 0.4566641673369046 0
3591 2.083991006900392 -2.137744473698287 0
3592 2.090252300767059 2.132698973882247 0
3593 7.600467882558979 0.9061960264782982 0
3594 0.2897552105638027 -0.4693199594126373 0
3595 0.2897552105637901 0.469319959412654 0
3596 23.42994044455967 -2.80170876315038 0
3597 23.42879346485583 2.792858651053634 0
3598 1.293524904626707 -2.809132692310256 0
3599 -0.2951798488240396 0.8719775222606458 0
3600 11.13879987128425 0.9061933555478781 0
3601 1.686419895833035 -0.816584069279692 0
3602 1.700193449976711 0.8046384476722556 0
3603 10.08965629221946 -2.305449229543438 0
3604 12.45338191974226 2.242296538197736 0
3605 15.56264395825143 -3.549250214486846 0
3606 1.112030666931295 -0.5520666189824588 0
3607 1.112030666931318 0.5520666189826243 0
3608 12.30555587636873 -1.064857771886491 0
3609 20.93789804228044 -1.264237360432416 0
3610 0.1882479352064415 -0.1725530294294244 0
3611 20.42636043584367 -1.46840615712172 0
3612 15.56872236859805 2.790120650459925 0
3613 3.760751879407157 1.520632404436308 0
3614 24.0029203058906 0.3203471156192494 0
3615 24.00197589179575 -0.3482376411990465 0
3616 24.30361723302358 -2.880049467459812 0
3617 24.30361723302174 2.880049467458696 0
3618 15.59942655240654 -2.7582961770612 0
3619 22.68334676075228 2.332865469421841 0
3620 8.330249155676285 -0.4358290304551247 0
3621 8.296631539436124 -1.325798541959798 0
3622 11.01602274199848 -2.057870823494172 0
3623 18.39666906618593 0.6469361857189689 0
3624 -0.06031713097109598 -0.3087039040197159 0
3625 -0.005321479665559539 -0.4183603524696718 0
3626 2.351578574663482 0.6183985111201303 0
3627 7.532765118085399 -1.684244222217544 0
3628 10.85694701361408 -0.01162175544930853 0
3629 0.1958564062231269 -0.2732719844444427 0
3630 0.1979036215854013 0.2684695681062883 0
3631 3.760669977566795 -1.518335009138655 0
3632 -0.7651101463085489 2.657377122418769 0
3633 7.410547117049519 1.784549398179465 0
3634 19.46829253171897 0.1418000853570107 0
3635 11.85381529723387 -1.835979314326741 0
3636 1.097838290577561 -0.1472498949099239 0
3637 6.022624068491482 0.00213205767843383 0
3638 17.51298361749006 -0.9455786323950208 0
3639 13.71979110444965 -0.179389798200085 0
3640 2.476183936600505 -0.2526387552778037 0
3641 2.564657862380558 0.1791828773846032 0
3642 0.2785527166118603 -0.2616334638051164 0
3643 -0.3755966800298791 -3.52515782496601 0
3644 -1.598412474148547 2.547551614853228 0
3645 -0.5259128870585591 -1.27674503657009 0
3646 8.649244587744271 2.205806561007756 0
3647 0.8004515276884894 -0.3735204571529081 0
3648 0.8042083795191113 0.3695777891187956 0
3649 0.1575717075826311 -3.016463795325906 0
3650 1.950880972166288 0.03685043020475546 0
3651 0.240685345331114 -0.2285007425869768 0
3652 4.996615534333676 1.842555135515696 0
3653 1.654896494887185 -1.21784610709017 0
3654 1.654886919268896 1.21784927584358 0
3655 0.1391418271809166 3.078221616018392 0
3656 0.3600874472343789 0.125574990213992 0
3657 0.08203979188836183 0.141209735494072 0
3658 4.996195875394124 -1.753059062232637 0
3659 19.47309043350888 -1.473243254486084 0
3660 0.5106858419198667 -0.1594060429072839 0
3661 0.5036071291597024 0.159388925819206 0
3662 -0.006760659684391767 0.525804808541935 0
3663 0.4929986803903142 -0.5364853103502999 0
3664 0.4929986803903508 0.5364853103503415 0
3665 -0.1014824705532932 -0.1808201701588122 0
3666 0.3462096793728116 -0.1125133893242098 0
3667 0.2468883326081145 0.5251668901758441 0
3668 0.2468883326081174 -0.5251668901758015 0
3669 0.2125013182537136 -0.07817029568548167 0
3670 25.62184964949947 3.530666330831093 0
3671 25.62184964949972 -3.530666330830889 0
3672 11.39685951436232 -2.994550613209876 0
3673 2.096262878363459 -1.092088727600846 0
3674 2.099086898872471 1.103119382211881 0
3675 8.665600396141798 -2.205020165171084 0
3676 3.668122602227853 -0.1337303336124539 0
3677 22.48752731179733 -2.769181718572816 0
3678 2.942677450962732 0.4153924879511573 0
3679 0.4119126454871574 -0.2110589945812078 0
3680 13.25511409362931 -2.873234334029035 0
3681 16.12310434771118 -2.779491728783232 0
3682 -0.658832978985474 0.8619418943136521 0
3683 0.1668124195039036 -0.4051084692907599 0
3684 0.1740812050196716 -0.3847887741845265 0
3685 0.1668124195039502 0.4051084692908309 0
3686 0.1740812050197177 0.3847887741845815 0
3687 8.160830034956101 2.2188509079326 0
3688 0.3906818835482433 -0.6104312423537508 0
3689 0.3906818835482061 0.61043124235381 0
3690 0.05262141010402738 2.403458536568376 0
3691 16.01426676925598 -0.390368501684456 0
3692 0.8327640763933342 0.171037963466634 0
3693 22.56402903430961 0.5638337399349918 0
3694 -0.8669381530779974 1.720672782295254 0
3695 25.67192296990045 -2.074841085818793 0
3696 4.03909577398232 0.3657874263807417 0
3697 4.383357869305296 0.1924258599608715 0
3698 24.8380960410469 -2.068370790333348 0
3699 24.83328383011267 2.078383881061513 0
3700 18.71354332466207 1.363563135210075 0
3701 7.352406798003685 -1.261783413352324 0
3702 -0.695169581015283 -3.021084485398838 0
3703 0.4522415398958739 0.2166287974194122 0
3704 16.1395321612826 -3.546104613530956 0
3705 0.825696760906121 1.533159705816587 0
3706 25.63703204134624 2.132984405432524 0
3707 19.04214559353195 2.207649451085898 0
3708 14.46052357142619 -2.032727633231597 0
3709 14.91338315108404 -2.314186568470511 0
3710 7.088006193848963 2.172194244731128 0
3711 16.12588020477849 0.4908720110149608 0
3712 8.731501128882963 2.987813095780455 0
3713 11.70870315446978 1.93517710961183 0
3714 25.63039732836734 -0.4363079733454906 0
3715 23.74827482217008 -1.245643006198818 0
3716 6.493070684660115 1.65011963366393 0
3717 24.78030329484508 -0.03738047123278846 0
3718 3.334293156537878 -0.6189288835100069 0
3719 1.297849211284994 3.569185474258038 0
3720 1.586375686089077 -3.049848511804467 0
3721 10.80624113442931 1.672147996056213 0
3722 -0.9927739035189513 -0.7653997759376088 0
3723 1.092222207807347 0.2720834058930253 0
3724 4.044024993091221 -0.3874751347103274 0
3725 11.74829804141975 -0.2769015945715004 0
3726 12.98811617498485 -2.257401180394353 0
3727 0.05123971587972621 0.02773422213435502 0
3728 6.933815478143083 -1.222909175382152 0
3729 1.568385708976282 -0.4630166109307091 0
3730 0.2841395570072061 0.268671146778775 0
3731 0.2253277648844869 0.455980754516438 0
3732 0.2253277648845236 -0.4559807545164194 0
3733 -1.261065379879716 -0.02333797510677674 0
3734 -0.2233425133923857 1.35348557761095 0
3735 3.991561690120899 -2.193163293617625 0
3736 3.991486430091879 2.193342056932434 0
3737 0.1815853081942408 0.5754213369539442 0
3738 0.1876043798017464 0.6509524387160028 0
3739 0.1794864202277202 -0.5753081929115187 0
3740 0.1885400015379092 -0.6565731306662022 0
3741 10.85932671022533 2.108427847688993 0
3742 -0.3286876145264588 -1.723709432532021 0
3743 3.833325550631761 -3.561185583899079 0
3744 3.83324352944678 3.561187265436805 0
3745 7.995958985310545 -1.728422002245154 0
3746 25.66516673040196 -2.896170474764678 0
3747 25.66411280770031 2.89911047855048 0
3748 0.8344740899667552 -1.534711803969781 0
3749 18.25543244662022 -0.1327074835516688 0
3750 1.336879057195163 2.771481859841406 0
3751 0.4714101648271739 -0.2921571579514158 0
3752 0.4725464633832452 0.2884102067808877 0
3753 0.6277954417063221 1.680359261532969 0
3754 -0.68968443896663 -2.073874322394865 0
3755 0.362514063201927 2.542061376954076 0
3756 -0.3705362698672987 1.071527612566941 0
3757 13.24827704657696 -1.353627836839318 0
3758 13.25826334954832 1.515373653981297 0
3759 -0.02628726463055299 0.3697771381270007 0
3760 1.385626772350755 -1.566135196800702 0
3761 1.396934044675727 1.560272472815218 0
3762 0.1593739102738905 -0.4697903345372605 0
3763 0.1593739102738486 0.4697903345372759 0
3764 5.736410145983023 -3.643276047283953 0
3765 -2.211539142139113 2.424533068356177 0
3766 23.40240409176352 1.982865377286041 0
3767 4.025783579098159 2.849967106720618 0
3768 4.025715878899375 -2.849813977017325 0
3769 17.83574954722422 2.917059158521719 0
3770 16.53311082934341 0.3699935607355637 0
3771 12.00393955548592 0.5918919179025958 0
3772 17.08324179852145 3.03219587609816 0
3773 0.09129828085938572 -0.2524126821921989 0
3774 0.09129828085948583 0.2524126821927403 0
3775 4.360562411132541 -0.2090419267590913 0
3776 0.150074628224178 -0.3166821954765392 0
3777 0.1500746282241314 0.3166821954766628 0
3778 14.7716987224638 -3.58000437937722 0
3779 19.49057723933539 2.991089563195161 0
3780 0.7355500752960354 1.253086627683444 0
3781 0.9838974215962035 0.06763274917916431 0
3782 16.89299030163442 -3.026858399770307 0
3783 20.10733985116491 -1.030806857008099 0
3784 8.019832897435784 3.055981831186231 0
3785 23.54130845777353 -3.631757923977494 0
3786 23.53366668787983 3.634792750578385 0
3787 -0.7758179832841621 0.461375035843508 0
3788 23.59306311593219 -0.7766943943579818 0
3789 6.668465471302374 2.072028957226085 0
3790 0.170114563905789 0.5306392063872426 0
3791 0.1699033303451502 -0.5303810911460893 0
3792 -2.215535537547319 -0.523848757911923 0
3793 0.1844407021211587 -0.347367009343059 0
3794 0.1844407021211318 0.3473670093431253 0
3795 0.8722276966596351 -0.2004300617842142 0
3796 12.38074514666128 -0.3731442704643179 0
3797 15.43280818280368 0.4193508618290132 0
3798 19.87616804003957 -3.55485643000081 0
3799 0.3246642619982357 -0.3474210602267443 0
3800 0.3245912739646209 0.3475438170543185 0
3801 0.1845515631940084 0.1705550995186486 0
3802 19.51265119873891 -0.590294789168624 0
3803 19.28607554104887 -2.986958747613405 0
3804 9.061189686177229 0.03347590739045615 0
3805 22.38182758516313 -1.184418784627458 0
3806 -0.5521921069942558 0.6994498654100062 0
3807 -0.4555619815998974 -2.2853517736389 0
3808 24.81125710236347 -3.050373110238048 0
3809 24.81125710236336 3.050373110237067 0
3810 10.86606608488311 -1.638497591870331 0
3811 0.1184917507275565 -0.3465399865560945 0
3812 0.118491750727543 0.3465399865561811 0
3813 23.31477554451065 0.3500620847901843 0
3814 12.97551372519274 2.283167867515953 0
3815 0.2293188110950887 0.05010861653262316 0
3816 16.86548763352345 0.6933894424808076 0
3817 19.47243554554209 2.220105153268336 0
3818 9.344723016447396 -3.647787701982112 0
3819 18.10098103980334 0.2920025918707537 0
3820 -0.1404571839648645 -0.05339347415149717 0
3821 0.9805265945601517 -0.5219489525094225 0
3822 0.9849099603904948 0.516174727763164 0
3823 1.133542422447359 -1.866767459221978 0
3824 1.101539790959502 -0.2778180042044597 0
3825 20.16220290772515 1.815258181297941 0
3826 0.4136369655807876 -0.8867056015832608 0
3827 0.4108709360016172 0.8817707324970105 0
3828 -0.182113764619951 3.659005283804406 0
3829 -0.06930904153793895 -0.622642874968566 0
3830 17.75894124320457 -3.058879357492208 0
3831 0.174166251419144 0.4227945659860555 0
3832 0.1741662514190615 -0.4227945659859496 0
3833 8.06511377155581 -3.073929259713258 0
3834 16.80937971117229 -2.211176391681998 0
3835 24.02396740549082 -2.016535539000618 0
3836 24.08108419704359 1.996663806092133 0
3837 12.81931197878782 -0.2560298531234499 0
3838 8.135680395885501 1.401962667466964 0
3839 -1.017055116055872 -1.451126641361113 0
3840 22.73974592166872 3.066869760722971 0
3841 13.11422691024354 -0.5777815192381193 0
3842 19.71561986143675 -1.835569405647309 0
3843 0.6395369829221149 -0.4736836745658317 0
3844 0.6395369829220818 0.4736836745658014 0
3845 0.4208174607284271 0.03672185711120637 0
3846 25.05111883453651 -0.686586570421357 0
3847 0.1203389776520058 0.6994227953786061 0
3848 -0.1152731114473023 0.1219082027069674 0
3849 14.34943941635378 0.17983219963336 0
3850 17.36109801755079 -2.026437368967129 0
3851 8.363306360045671 0.5235085005514396 0
3852 21.98358599893288 2.942846100909464 0
3853 12.89240117197152 3.028338461711398 0
3854 5.617331927370431 3.635999950960431 0
3855 25.68963029122816 0.7186455708970124 0
3856 -0.248874912508902 -0.5215172756240752 0
3857 0.01447945507918028 -0.5031302158315115 0
3858 14.45212090971379 0.9087709531857985 0
3859 14.18929020660709 0.5967272103376582 0
3860 20.73057374800174 -2.19536732793454 0
3861 0.1295174840157799 0.1140223693022942 0
3862 16.32785136815057 1.85583316115333 0
3863 17.14312181740074 2.256927720395854 0
3864 7.176588373877888 0.3266045747936401 0
3865 17.06661777007296 -1.448980548486326 0
3866 -0.2292958799658696 -1.016857594560173 0
3867 12.38471770110731 1.79439260855182 0
3868 -0.2225921819504066 -0.7472720169010826 0
3869 0.231480134932585 0.09584384901516121 0
3870 23.17676553523071 2.347780344712089 0
3871 13.78781824456788 -0.9519250690151331 0
3872 0.05523295053799985 0.5572054243456842 0
3873 20.35337192508169 2.981733215313234 0
3874 1.598808841613666 2.958834563630306 0
3875 1.030453213514332 -1.484870037911523 0
3876 18.13374718265089 -2.277644281765131 0
3877 -0.5952884257491056 -1.769959330062175 0
3878 0.2207736312876825 -1.058207692091776 0
3879 0.1550429328638189 -0.4484029881884227 0
3880 0.1550429328638294 0.4484029881885023 0
3881 -1.084484776987336 2.799270516727596 0
3882 15.64936222842227 1.880577085410443 0
3883 0.1009194456147441 -1.593369455279957 0
3884 22.78700069954169 -3.093941916848917 0
3885 4.39093007861258 1.513240513331426 0
3886 19.95280730129097 3.587073183783882 0
3887 -1.045134937989409 -2.592028374748912 0
3888 0.1263222798546557 0.3767325891718568 0
3889 0.1263222798545804 -0.3767325891718371 0
3890 1.961916508455803 -1.531259956477803 0
3891 1.961916508456286 1.531259956477937 0
3892 5.830923467990234 -1.879575215688112 0
3893 0.1389041581579095 -0.401073762864848 0
3894 0.1430323195353965 0.4241191392269589 0
3895 0.1389041581579456 0.4010737628649426 0
3896 0.1430323195353635 -0.4241191392269137 0
3897 9.739409232058442 -2.970250917801377 0
3898 21.67959480543509 -2.414529249038288 0
3899 6.390691588924287 -1.578275218766715 0
3900 14.20864854608118 -0.9766499670835092 0
3901 14.99864639098603 2.230197527531817 0
3902 5.761319037531077 1.853373885228695 0
3903 -2.243202215835102 -0.09415323005257807 0
3904 24.41477989741247 -0.9828428923672493 0
3905 7.400376062863022 3.574491644959687 0
3906 -0.1827533810973486 0.3847176022546691 0
3907 11.39011490041269 -2.231448023380205 0
3908 -1.581199330563313 3.638547894898494 0
3909 4.374800151055633 -1.505869743329752 0
3910 0.6036018282531912 -2.297654077918097 0
3911 0.07091526838625586 -1.822578657145687 0
3912 2.081108035268006 -3.648241686571804 0
3913 0.2693269763950358 -0.02316657549455432 0
3914 -2.209962352582574 -2.966364909330031 0
3915 2.082498278656062 3.649020371947524 0
3916 -1.227642833110024 0.7015393713092586 0
3917 0.7526011986058665 -1.240905393547944 0
3918 1.023291108406228 1.472345556794671 0
3919 22.29477432232988 -3.651879881772645 0
3920 13.42334766316894 3.657183016476516 0
3921 6.819736301856084 1.100313836088057 0
3922 17.61600236112913 2.043965919924287 0
3923 -0.6144001268308115 -0.5328753371915961 0
3924 11.02357529898539 -3.601344735019853 0
3925 -0.06633889979810109 -0.2387555620442221 0
3926 1.069091890811364 -1.250835059625932 0
3927 0.5705383394396315 -0.8933974709961582 0
3928 0.5674152159362651 0.889847149588648 0
3929 22.28213217142171 3.645059182577087 0
3930 21.17687907145575 1.96580379279522 0
3931 1.236816886263918 0.341934745763757 0
3932 19.71094584054165 2.648394820349946 0
3933 21.68472014744007 -0.7896204018713334 0
3934 17.37863016957259 0.03261889158445733 0
3935 22.06306656806229 -0.4892314235387878 0
3936 17.56084139993244 1.039307023997154 0
3937 -0.04426409404475809 1.901657061078951 0
3938 -1.36987131204267 -1.153636088291893 0
3939 14.78697043477885 -2.8403896346213 0
3940 22.81898119378271 1.496935425644261 0
3941 0.8700428137081568 2.463173085199829 0
3942 19.43857013470326 -2.221584160970045 0
3943 0.653200415291002 -0.5877094882158943 0
3944 0.6532004152909646 0.5877094882158067 0
3945 -1.527459833468666 1.50966501652135 0
3946 16.65919462487746 1.145162274559315 0
3947 0.4218747599909534 -0.02721123633358688 0
3948 17.06379341448278 1.503138656046314 0
3949 0.793131634214905 -1.936251470761509 0
3950 0.2301236328401932 0.2308327731913763 0
3951 20.33452662358395 -2.974142917924737 0
3952 1.212611362626777 -3.653597522063245 0
3953 11.67226277429911 -1.48833143419292 0
3954 6.209599399705895 -3.039455060480972 0
3955 6.361155283127403 -0.820371234549147 0
3956 2.24483523415129 -0.6569833872880955 0
3957 23.19464673050679 -0.1582656600627898 0
3958 0.7683346531578259 -0.1897812481026458 0
3959 9.228591174079197 3.642729260097894 0
3960 0.260375970983318 -0.1105339869667231 0
3961 14.24436938537937 2.443683244900896 0
3962 -1.658863667972214 -0.3949681794251039 0
3963 12.52718521609818 -2.334476666166379 0
3964 -1.047457592998174 2.145022841868782 0
3965 14.15174006121759 -3.029370514923025 0
3966 18.75748502393783 -0.1753935760350231 0
3967 4.902020529608231 -0.9551903205365025 0
3968 0.437395024281485 0.6924259858481042 0
3969 0.4373950242815329 -0.6924259858480346 0
3970 0.1352794874205341 0.2701930441586217 0
3971 0.1373711071316814 -0.2703420615435723 0
3972 15.11612571614633 3.613507446152757 0
3973 13.76674764092377 3.032338556780366 0
3974 15.37539976222612 -2.321427796735719 0
3975 1.066753548770871 1.249320884138585 0
3976 25.23324549501777 1.435680748170588 0
3977 0.2701347375901185 0.02651336937706027 0
3978 -1.2463094054081 -0.7048876111027945 0
3979 14.08165564164917 -1.746769852485233 0
3980 21.75002964332359 0.9560557116824175 0
3981 15.18744740889831 3.0624599981841 0
3982 8.796668125991982 -1.452481405582274 0
3983 0.2421137782406126 -0.3550825725200204 0
3984 0.2421137782405829 0.3550825725200691 0
3985 6.643187890648628 3.673708430017211 0
3986 10.42863357838755 0.34781346759577 0
3987 13.55544666705662 -0.5789956685132853 0
3988 18.85838591702208 -1.733256265023413 0
3989 18.96203292002978 -2.175975694124323 0
3990 -1.6889713730469 -1.958476931879714 0
3991 17.56693617299529 3.580074382019274 0
3992 3.511153169803777 -1.686956029482038 0
3993 3.511017588656169 1.687810251135387 0
3994 0.5092184753882957 -0.03467971935193956 0
3995 0.1594842722783397 -0.3410813067655612 0
3996 0.1594842722782814 0.3410813067656811 0
3997 17.34598982208903 -3.646964786474486 0
3998 -0.35451480440135 -1.319586877205085 0
3999 1.538365811563349 -2.032760169457001 0
4000 -1.426415445177616 -0.8750362655937837 0
4001 6.76380754810647 0.3597482807814076 0
4002 0.1339868023091566 0.7935614370141085 0
4003 12.79267591876132 0.9051512061537121 0
4004 12.51222635784178 0.4611136435133505 0
4005 0.5166928475601829 0.03463333270309991 0
4006 4.27054021005746 3.645341379349045 0
4007 5.107230713616491 -0.2907805391782549 0
4008 0.5591905799510627 2.125742529170596 0
4009 -0.3121033805895317 0.6192918335434057 0
4010 -0.05872515457112847 1.09302844588762 0
4011 0.4515689960456316 -0.4175674891438498 0
4012 0.451568996045603 0.4175674891438922 0
4013 4.268387993565184 -3.64786125998655 0
4014 0.4919110616129786 -1.601983595387447 0
4015 6.118687759515081 3.063256998650904 0
4016 23.37116841103143 -1.605505982788467 0
4017 0.8750544422744992 1.960250472088696 0
4018 -0.1650317079053121 -1.910375309660272 0
4019 6.596205799243061 -3.6493882328393 0
4020 0.731746040476823 -0.7467272695713844 0
4021 0.7317460404768321 0.7467272695713586 0
4022 0.2880433388626386 1.291031977141537 0
4023 12.80368464382977 -3.614905550139602 0
4024 0.3906337574099239 0.2327171648663849 0
4025 10.54613890437728 -3.002804341953376 0
4026 15.9918476466264 -1.916172121515324 0
4027 -0.06048883841083414 0.7039042250784759 0
4028 13.56179873999128 1.077157524809682 0
4029 21.93394774475935 -3.036155633632127 0
4030 2.156750949068807 0.723145147101536 0
4031 22.50514741895952 0.03489735051625784 0
4032 0.8825586480419065 -2.436827267352812 0
4033 12.7252245941177 -3.098349543567144 0
4034 9.577953359433657 2.998301821619945 0
4035 8.776901395287272 1.542415763524938 0
4036 -0.3787336439619353 -0.7667611362018396 0
4037 7.413911358721545 -3.539909058028837 0
4038 3.740910995644962 -3.063263884433401 0
4039 3.740910374333676 3.063270600872528 0
4040 14.14811551922824 -0.1924086610552959 0
4041 -0.4994885196107679 0.07375904495111316 0
4042 4.224843616910606 0.9081869938847027 0
4043 10.93291041493557 3.657299634339897 0
4044 10.28559635000358 -0.4629217832214607 0
4045 -0.9606577479569115 0.3766526303901194 0
4046 23.22766369731358 -2.357129403872998 0
4047 25.01143192783312 0.7569088971991735 0
4048 20.82262499698288 2.31256113346508 0
4049 16.73195455177079 -0.6909333932807842 0
4050 0.1313188799009148 0.5057977051646354 0
4051 0.1315795599417319 -0.5055033471238027 0
4052 13.53404923554282 0.1852460248817633 0
4053 11.79183548098585 2.657675117623543 0
4054 20.1532849780768 -1.779673544361268 0
4055 0.2992364211793339 -0.1846866969591893 0
4056 0.04132264670869473 1.384436413823425 0
4057 20.8992407783188 -0.7275777276600994 0
4058 1.199073885424969 -0.3308881386791634 0
4059 15.28894469384151 -0.3420882177277844 0
4060 11.2435518744541 -1.393939888039038 0
4061 0.7514290772340965 -3.172108940365888 0
4062 0.1469427342680366 -0.3574731022516143 0
4063 0.1469427342680328 0.3574731022516835 0
4064 10.29278883321648 1.145539174984489 0
4065 -1.910414469601895 1.15245944238203 0
4066 19.4708822966157 1.413582414661873 0
4067 0.4667616409631562 -0.1970034476063722 0
4068 0.6098316922259429 2.373705211079541 0
4069 18.73428914753772 -3.679583258101157 0
4070 -1.712289592849268 -3.606177362568891 0
4071 10.05815123264096 1.886351150367402 0
4072 11.63648850217021 1.482534479975586 0
4073 0.4837485480533297 1.568200074145598 0
4074 9.750834469422296 -0.07021973497909427 0
4075 -0.112655450976374 -2.673725007184573 0
4076 0.27663970047988 -0.568205558506786 0
4077 0.2766820320706397 0.5681457731618621 0
4078 0.2598527546679256 -0.3957014789372988 0
4079 0.2598527546678964 0.395701478937321 0
4080 10.483092195207 -1.449782822584771 0
4081 25.14866879402484 0.1249879115308031 0
4082 -0.09428586053082136 0.4022909039383293 0
4083 0.4105948706558961 -0.1167951781369935 0
4084 2.074605296325057 -0.8386264937587879 0
4085 15.49770811518841 -3.099926763851208 0
4086 13.34558910425455 -2.032371149369792 0
4087 2.264068656488426 -3.107075187826696 0
4088 2.269913308297997 3.105127538595605 0
4089 22.21673251178732 2.130147900870638 0
4090 20.93468705466184 0.01904116703932379 0
4091 10.15741534758169 -1.892358995114734 0
4092 4.151248946093177 -0.9041514759309068 0
4093 0.4132857614735746 0.1090549226629619 0
4094 0.1880513264190957 -0.02669167106405722 0
4095 21.46493279470701 -1.31704720363467 0
4096 11.87741840287276 -1.106248495277316 0
4097 22.23965352600048 1.057572375184352 0
4098 19.16748087335025 3.690568997399482 0
4099 21.67754762956491 0.118516832304479 0
4100 0.0413850140355675 0.654823759799785 0
4101 0.02807970837243236 -0.6749051090181714 0
4102 5.109950422596795 2.967217567816982 0
4103 -0.0359713923041225 0.3007724306436803 0
4104 10.57641968673449 2.340331034024116 0
4105 5.136004859582886 -2.947106875095989 0
4106 0.004155623950707414 -1.210253423120293 0
4107 18.11130282357162 -0.572301344414804 0
4108 -0.5068644240010016 0.2099969403903195 0
4109 2.859329310539031 -0.5618934926319722 0
4110 0.3530859395566318 -0.2082230972597341 0
4111 -0.5144241067468428 -0.1404263765953303 0
4112 25.78761111646725 -1.040650042534689 0
4113 2.554663472953738 -0.8855184355588906 0
4114 -0.2640265213632456 0.7256998158103796 0
4115 0.3798217327150364 -1.03835553853178 0
4116 0.3625652863604318 1.052927634744796 0
4117 0.04608015163861053 0.07886359915988662 0
4118 0.879737010660512 3.132989568067576 0
4119 0.04525989064360823 -0.07859163962469218 0
4120 11.58372300667482 -0.7393658539628973 0
4121 -2.161256798574064 1.487101260718319 0
4122 15.57195434405955 -1.094525119351324 0
4123 23.51039848337593 -1.974306026195073 0
4124 3.244144390231274 -2.437050866125386 0
4125 3.244104339622061 2.437095599048511 0
4126 16.44591926092298 3.644484117933584 0
4127 16.28783195820152 -2.376069198695445 0
4128 0.3114851535538342 0.1004776639965101 0
4129 -2.203820352347986 3.158598070569857 0
4130 4.457362166820387 1.161557241579837 0
4131 -0.928883847633219 0.1675671688766427 0
4132 10.94884410769277 2.967001989299197 0
4133 -0.2190004645780144 0.5231526786370696 0
4134 -2.206200352338692 -0.855948566528725 0
4135 5.078749607224369 0.16279411434975 0
4136 1.005921154487331 0.8217585797834066 0
4137 1.005921154487291 -0.8217585797831093 0
4138 -1.784472430470488 3.043413580955 0
4139 0.2707783068844209 -1.332508635547929 0
4140 1.86968476926107 -0.565614671084375 0
4141 15.91494627157268 2.650610159603044 0
4142 -0.0733598855456313 -1.053151953093193 0
4143 9.291042374785372 -1.998084775918927 0
4144 2.805940893911103 -0.7954750517383428 0
4145 -1.017781120918724 1.539531216935097 0
4146 0.2965005409738408 0.1938685659094227 0
4147 2.890424899593957 1.240254280585015 0
4148 0.3674568456568993 -3.663559861052798 0
4149 1.564689687068462 1.994175654789361 0
4150 14.24969245132303 1.972611295532088 0
4151 2.895691875860403 -1.241144262075443 0
4152 12.95330006370081 -1.021066282069389 0
4153 2.469184597880034 -1.493272554301404 0
4154 2.471701952175214 1.480819776182388 0
4155 10.57247643188541 3.602420839690482 0
4156 3.430026501760324 -3.673882961045937 0
4157 3.430026501766252 3.673882961038796 0
4158 0.06925313690795422 0.8638114849320211 0
4159 -1.051318587778234 -3.653020946813156 0
4160 4.980982160862111 -3.62046385985983 0
4161 23.87089909927993 -2.669540257349445 0
4162 23.86431619739143 2.67307250661178 0
4163 1.950455941566309 0.3021171688605062 0
4164 11.58893561819736 3.644197541202976 0
4165 -1.207754890921213 1.144355891758035 0
4166 0.1811098142647109 -0.4520226106611636 0
4167 0.1811098142646826 0.4520226106612698 0
4168 6.558062666182787 -2.848518866225243 0
4169 -0.3324030072921518 2.205072551457565 0
4170 0.1221125104336405 -0.1170737069146179 0
4171 9.260574525243596 -2.707655493879233 0
4172 4.423673869797046 -3.000786725508195 0
4173 4.41816611982157 2.995651581764855 0
4174 0.2665814969699898 0.1180864291675588 0
4175 22.14051499350792 -2.258632717054634 0
4176 0.1070657136410914 0.3054965385522894 0
4177 0.1070657136410515 -0.3054965385520581 0
4178 10.44989399123882 1.559376143119374 0
4179 20.9329445205675 -3.692331257801597 0
4180 25.11969636949536 -2.738697195320808 0
4181 25.19305838024194 2.762282141308936 0
4182 6.512465933345899 2.812892816265671 0
4183 0.07103968323396732 0.1775608164145595 0
4184 15.09348916377056 1.462581510417586 0
4185 -2.218975642014988 3.628603426325037 0
4186 1.046522994917658 2.241459967638396 0
4187 1.299278761291299 -0.1174273204064874 0
4188 -0.3332104965855017 0.09180950198603934 0
4189 0.07284445641986603 -0.1789085704147065 0
4190 -0.1878622557969795 2.626616648295868 0
4191 0.1529346839325086 -0.3762188573024872 0
4192 0.1529346839325327 0.3762188573025607 0
4193 18.86717053087067 -2.888247050406337 0
4194 -0.08272279819553632 0.1736064247290961 0
4195 14.37699393170223 -0.595858737755998 0
4196 13.59560784047616 -1.251251241937137 0
4197 0.4386209258310794 1.923396090229 0
4198 5.832527726799563 0.3522682264597091 0
4199 16.49489337266104 -1.048454764040487 0
4200 0.5966228758378925 -0.7806473705666129 0
4201 0.5966228758378566 0.7806473705664591 0
4202 0.2608207213500608 1.606680641060715 0
4203 17.2375550584337 2.662554200874489 0
4204 23.53867843594034 -0.3691344397191347 0
4205 10.68354448255915 -3.665049087172676 0
4206 -0.4500444043662413 -0.3359925796681996 0
4207 0.5418365623915341 3.63979224819672 0
4208 -0.1439351131661438 -0.3497998241849199 0
4209 20.64280299835374 0.3528243004293636 0
4210 9.331883224032198 2.097053083928248 0
4211 1.004377180278713 -0.1112358771574806 0
4212 0.4171553872201588 2.852916108032661 0
4213 18.77176431609973 0.5518430277559782 0
4214 -0.5733172403737131 3.206868351006733 0
4215 0.5410862140607935 0.2904753692012721 0
4216 0.54076998911339 -0.2904719597261393 0
4217 -0.9575892261553577 3.673733887245492 0
4218 24.46469387269628 1.049096422968982 0
4219 5.515349827592272 -2.96550906843497 0
4220 20.93719835784004 3.687968605877082 0
4221 -0.4422214842460093 0.6087399810993706 0
4222 0.4513944012032409 -1.856954577418508 0
4223 4.03625521641387 -1.743624912239007 0
4224 0.5768137935515206 -0.1562874217247713 0
4225 0.5696530466976615 0.1508496181889367 0
4226 -0.152530411979909 -0.5091219875983345 0
4227 4.036257981741949 1.744247089398015 0
4228 2.961951374249613 -0.1448949919698158 0
4229 17.96977603132592 1.224445151701226 0
4230 -1.714988389792303 -0.09137614173938076 0
4231 0.7134989297745682 -2.871151780408387 0
4232 25.06135676329859 -1.389282435122605 0
4233 0.5122790446419885 -0.4012166289782009 0
4234 0.5122790446419579 0.4012166289782095 0
4235 8.387052979780073 -3.660786344084895 0
4236 18.17506402798698 -1.863335855249004 0
4237 10.91400138733977 -2.91080154667652 0
4238 0.5785278053564098 -0.3494319565844713 0
4239 0.5785729803488987 0.3494324436523461 0
4240 0.6976667187606745 0.1827001280500777 0
4241 9.140727371113293 2.788146235552905 0
4242 8.839007729535453 -2.564572682779125 0
4243 0.07881737509498593 -0.5552160081043956 0
4244 -0.7686191273786179 0.1447133969960065 0
4245 0.3695300885337984 0.3796907313946414 0
4246 0.3695422532060848 -0.3796702719233505 0
4247 22.73594733293209 -1.867396307042593 0
4248 1.170080809513519 0.05540221275869012 0
4249 21.99669693452531 1.705491402472348 0
4250 0.2144813666176162 -0.4142133165868916 0
4251 0.2144813666175944 0.414213316586922 0
4252 14.40215205311788 -3.621606345191823 0
4253 14.73302018196879 3.672817687803644 0
4254 -0.4822836544215841 0.4110188834854608 0
4255 2.673983630058499 -0.07843489572550945 0
4256 24.50284761988932 3.679631939751798 0
4257 24.50284761988447 -3.679631939752896 0
4258 15.69963308502212 1.215944246582675 0
4259 19.72874210520051 -0.8706019040778923 0
4260 4.970900178520824 3.629404718296381 0
4261 0.4268028269495169 -1.301375144911469 0
4262 -1.304726210712604 1.651741477352064 0
4263 22.25654503478059 0.3308776285152071 0
4264 -0.03589132808481874 -1.505341398431198 0
4265 8.379783141452165 3.673898126545657 0
4266 23.24113854992801 1.608923428190436 0
4267 18.34571410459553 1.069215350751763 0
4268 10.33264387190854 3.145693168522139 0
4269 0.9269893174136545 0.1536703861144332 0
4270 0.7420703213796154 -0.04249592328770857 0
4271 6.249514322231051 0.8583596371682966 0
4272 19.42801918329915 0.6251112381888435 0
4273 -0.1539825367447711 0.2762702224334868 0
4274 17.86652812123795 -1.275154453311345 0
4275 18.47013016775555 -3.024001092362405 0
4276 0.558883431379964 -0.6095539771461185 0
4277 0.5588834313799926 0.6095539771461481 0
4278 2.729282278159119 -2.226805908704169 0
4279 2.729282278159153 2.226805908704657 0
4280 -1.517585052990962 3.24900899464901 0
4281 -1.308092017228548 0.2125578556404172 0
4282 -0.2359749355548092 -2.136223448673416 0
4283 0.3360772892215101 -0.5048806159913116 0
4284 0.3360772892215358 0.5048806159913354 0
4285 2.142986004493281 0.008893627154117898 0
4286 4.9609122506345 -2.576627395704132 0
4287 8.606489194938597 -1.095917680594795 0
4288 4.438642206279075 -2.186447741963508 0
4289 4.446303085244005 2.191724034239122 0
4290 3.102157965728159 -3.152503963400722 0
4291 3.102157965729358 3.152503963400549 0
4292 6.775530344619678 -0.8503602084772975 0
4293 16.46261406743687 -2.995993172991408 0
4294 -1.582842567049898 -1.367856674458868 0
4295 14.95966989142607 -0.8931366900738307 0
4296 8.786062681059901 2.596553851456314 0
4297 1.696504853394594 -1.011507618824323 0
4298 1.700915276612993 1.009988187932506 0
4299 25.79256789573819 -2.444444444448762 0
4300 -1.352785268816908 -3.09510889566999 0
4301 0.2312275196101063 -0.04097171202578748 0
4302 15.17877826664199 -1.61031133698469 0
4303 -0.01350558110370721 -0.3610850980903941 0
4304 17.90536179575264 1.669139671853522 0
4305 0.2983942160742344 -0.09579432817117259 0
4306 3.712783103330852 -1.21383754594148 0
4307 1.32997129082507 -0.2742314261444325 0
4308 19.13046999151855 -1.32307748854287 0
4309 0.684430827664426 -0.1874116989784697 0
4310 23.1734393751065 -3.706502355399299 0
4311 23.17797844511259 3.701662505803396 0
4312 -0.4615070715720504 1.72680255351329 0
4313 0.8871153265260935 0.2398537619587823 0
4314 19.61440921294724 -0.2460047058149034 0
4315 6.124428115299775 1.56187541100832 0
4316 0.08633333890305391 2.138664104645854 0
4317 23.88580210017223 0.6890810801156579 0
4318 0.2131378769648218 -0.4379592588776643 0
4319 0.2131378769647933 0.4379592588776955 0
4320 12.09516773672771 -0.1205320121337054 0
4321 -1.155048943913082 -1.68786673682207 0
4322 2.785215920435055 0.5896683341359036 0
4323 4.597504398236918 2.568940008419786 0
4324 -0.8841733436763825 0.5938192166964875 0
4325 14.86493217932753 -1.293866140939811 0
4326 19.00750595570431 0.1145653810607385 0
4327 1.456982865689259 2.507025434823837 0
4328 -0.2132491293277206 0.1648558723908705 0
4329 1.527993392535607 -0.09146173732767959 0
4330 0.4738576529055486 -1.148034081029056 0
4331 21.51611714347532 1.288970779838245 0
4332 1.857715399822288 -0.7383221455432062 0
4333 0.3063404449541087 -0.4335754397437279 0
4334 0.3063404449540769 0.4335754397437398 0
4335 24.47960767791134 0.3538655014255248 0
4336 -0.0621787913483563 0.5295473858714805 0
4337 2.656872382796541 3.668994044939948 0
4338 2.656872382795615 -3.668994044935988 0
4339 19.11189561706874 -3.672311767064786 0
4340 2.559128620664636 -2.483131217483997 0
4341 2.559128620664648 2.483131217484263 0
4342 22.58703520586927 2.711227352460952 0
4343 22.39597461375778 1.39297983779196 0
4344 21.47748209250158 -2.057358767684552 0
4345 3.711274881201763 1.217055057982694 0
4346 -0.2211143141290606 1.182697775906238 0
4347 3.137531730815272 0.2456486756146489 0
4348 10.70216728359166 0.8211113604477003 0
4349 1.778680060676985 -0.09457199366061618 0
4350 9.571434292212743 0.6154179279505583 0
4351 8.000456365294765 -0.7173209379133347 0
4352 13.94749421207603 1.373972257027221 0
4353 8.503199033414315 1.265448232009657 0
4354 16.31608209943872 1.423387481845167 0
4355 2.513489300550439 0.9728370026072113 0
4356 14.57198578526055 3.069644942859142 0
4357 12.44124012733651 3.686802546855179 0
4358 -2.250971671287008 -2.312332673641596 0
4359 -1.437940827677743 0.9429285759311299 0
4360 -1.165913007732195 3.131870401858038 0
4361 16.49119570740881 -3.683897527632323 0
4362 12.58727076068854 -1.521686768474659 0
4363 22.81560812446534 -2.350830049574228 0
4364 0.386335186822449 -0.7665147860932201 0
4365 0.3884791962899543 0.7693762082477029 0
4366 -1.059028506971052 -3.257205842458195 0
4367 4.606067124876954 -2.564606398809563 0
4368 1.895054503548053 -2.739992001717793 0
4369 1.897180664848588 2.73497113378393 0
4370 0.3212202152146889 -0.5479938149892875 0
4371 0.3212202152146952 0.5479938149892947 0
4372 0.6221737046069492 -2.025325689346424 0
4373 0.5577530144832823 -0.4727828679268476 0
4374 0.5577530144832697 0.4727828679268246 0
4375 13.21602416327518 -3.667557528923008 0
4376 24.08051938036665 -1.561787867509412 0
4377 15.14696288278045 -3.695524152462427 0
4378 -0.7021357510524131 0.01516868046561739 0
4379 13.19820224793564 0.7479928986166464 0
4380 25.78916190273464 2.463494740563872 0
4381 0.1836222384446063 -0.3012772868677894 0
4382 0.184473768753348 0.2999351380239316 0
4383 10.49694877066446 -0.1854832728747604 0
4384 10.86155729866265 -0.8150317488767636 0
4385 17.70013996166639 0.3282624818452553 0
4386 1.17574729461216 -0.06827770507070649 0
4387 2.478732238162199 -0.4832699128674295 0
4388 -0.6559750076393845 0.2445673439291867 0
4389 10.03319073818178 0.6199977745413051 0
4390 4.662672514635935 0.4091292112501498 0
4391 6.030521787124444 1.154851988800255 0
4392 -0.3581125585270367 -0.5293082224851607 0
4393 16.48488019914248 2.469608187759673 0
4394 3.317950894688848 0.6874384784673524 0
4395 -0.4496450306188511 -0.2311503246546573 0
4396 25.19455605652469 -2.278297185384101 0
4397 25.18973804878909 2.291338664059939 0
4398 0.2187947729136845 0.1840910775721322 0
4399 16.35066879930199 3.221898328510069 0
4400 0.08566050535899265 0.2226209392470705 0
4401 0.3432601634799171 -0.02195011829307834 0
4402 0.7256098961908851 -0.3436886290154487 0
4403 0.7257664894877014 0.342727116459007 0
4404 9.308015525365834 -1.310450076370919 0
4405 -0.8107035316856991 -2.718922649641868 0
4406 -0.6648155969962123 -0.2099889518153082 0
4407 9.144574312412024 1.413918903641725 0
4408 8.355352993067985 -2.926434169347836 0
4409 0.08566050535887963 -0.2226209392463469 0
4410 -0.07501770207920602 -0.4601233249182329 0
4411 3.98321613875816 -0.6769618359514817 0
4412 10.0241840484087 -3.646563876932041 0
4413 0.5786906523700808 0.06085977859099422 0
4414 16.99959967990877 -0.1004220683138738 0
4415 -0.1296539667620033 2.916486152010247 0
4416 3.434850832219655 -1.967733927322644 0
4417 3.434714394812595 1.967950076384515 0
4418 -1.862694980398429 -1.295424369082963 0
4419 18.51866582971802 -1.617936233704454 0
4420 0.8461617406994228 -0.03102141900741223 0
4421 -1.026759494553434 0.02339056450605858 0
4422 16.17258630508995 -1.322280837596433 0
4423 14.80690236652033 0.8171265099374736 0
4424 1.512613646244631 -0.267303739909259 0
4425 5.638676138855915 -1.152701697700622 0
4426 4.684847878879255 -0.4053283153646572 0
4427 16.97527853129791 -2.643929276703853 0
4428 13.92616374455463 1.740412384531659 0
4429 18.61305408560387 3.149234508072221 0
4430 5.005829551882994 1.121420027879227 0
4431 -0.163286490639998 -0.1974709188965979 0
4432 0.6618970296037215 -0.9848781965534417 0
4433 0.662495380183438 0.9824098564531076 0
4434 -1.301921547414834 2.601513650371306 0
4435 0.143220366400075 -0.7930698535975897 0
4436 19.13129475092439 2.966177836622083 0
4437 1.41362907536585 -1.203195100989935 0
4438 1.413381322479477 1.203038789693441 0
4439 20.62415031809984 -3.68418327090421 0
4440 21.19202245982403 -3.187745669944068 0
4441 5.168190938041475 -2.270273235135081 0
4442 -0.1017994881421169 -0.110102869261469 0
4443 5.161159333045694 2.279751119813002 0
4444 21.32478583678403 -0.154306026801507 0
4445 21.29635753475617 3.224358833938179 0
4446 19.09429742956495 1.218963201302976 0
4447 0.2384456316212793 0.8199224622394027 0
4448 18.22206321090275 -2.653661798174723 0
4449 14.90845598418733 0.4377003453471585 0
4450 6.423915932273302 -2.218310409231284 0
4451 0.2179325650928243 -0.1837773987616527 0
4452 18.91594772636858 -0.512672494574432 0
4453 2.969385424645072 0.9721985990366708 0
4454 -0.6596960341606863 1.693785685915253 0
4455 0.8054052408600044 -0.5410892428133121 0
4456 0.8054052408599446 0.5410892428134735 0
4457 -0.1607693678721508 0.8931308503389149 0
4458 18.29240925166486 2.175894142560329 0
4459 1.132349529496344 -0.6713473220249586 0
4460 1.132349529496396 0.6713473220251098 0
4461 25.28571870775346 3.653796250515069 0
4462 25.28571870775522 -3.653796250518154 0
4463 9.435752332632218 0.1785118220828016 0
4464 17.38924868189194 -2.77674523498737 0
4465 0.4097730005226725 -2.499335826937019 0
4466 -0.3045939989522767 0.3362271627943257 0
4467 0.9127303321747703 -0.1160336989713553 0
4468 20.7215144177691 3.001515522305441 0
4469 24.4449040778955 -2.17301355221231 0
4470 24.45132049787131 2.178467025038916 0
4471 2.196637368106521 -1.645863295744032 0
4472 2.208517565446418 1.638726151101139 0
4473 1.098129908891951 1.828526811600738 0
4474 1.800137758710641 -2.419944454483154 0
4475 1.782186467540199 2.417224911626744 0
4476 11.03937893841285 -0.4034905748719458 0
4477 17.73850568516087 -1.684865879162515 0
4478 24.19432579727811 1.661623329408714 0
4479 24.31780921236059 -0.5922468316593211 0
4480 0.5821128393442119 -0.2326725730909884 0
4481 0.5815764572852976 0.2311734999865807 0
4482 5.473733377407976 2.966741067102778 0
4483 0.7120412183993939 0.06492487637943875 0
4484 5.64808370666645 1.107044710476851 0
4485 22.45693092419343 -0.6820729519313153 0
4486 16.67874198675993 -1.689521679697132 0
4487 15.83184506356636 0.2850279577911911 0
4488 5.211516074683448 -0.6611616209258747 0
4489 0.1301389525811959 -0.07870739479097215 0
4490 -0.8919308624543061 3.343821235588272 0
4491 3.408471503853634 -0.3347283050630939 0
4492 4.665291528156895 -0.7185579041833425 0
4493 -1.353400361755187 -2.471496925062553 0
4494 14.92351146596919 -0.2271124281174893 0
4495 9.505505812549812 -1.705439725594184 0
4496 1.077039955861737 -1.100296081610506 0
4497 -0.7117638517216928 -1.38675085428788 0
4498 25.74622186975907 0.370633727700646 0
4499 21.31788388338779 -0.5666708635462467 0
4500 -0.6211617471247077 1.32177192607732 0
4501 16.65503530494755 2.980177286284865 0
4502 0.2541294015601209 0.4547100370787905 0
4503 0.2541294015601371 -0.4547100370787661 0
4504 2.074343980000572 3.354169593438769 0
4505 1.318260414566563 0.2346708659777341 0
4506 20.30692169962044 1.117416383147748 0
4507 2.083733386401017 0.8906899813928819 0
4508 16.39809554169535 -0.3369980206041888 0
4509 0.6449174324108009 -0.1380630471410794 0
4510 20.71457294855916 -2.968277110479944 0
4511 -1.02576420647288 0.9489087508489309 0
4512 2.077389658898642 -3.345227920000458 0
4513 11.7943469511712 -2.217720245720707 0
4514 2.766645013727945 -3.299120258679423 0
4515 2.766674574340092 3.299161496231357 0
4516 2.699384549340907 -2.747777063655091 0
4517 2.699384549340535 2.747777063655966 0
4518 8.860719532217974 -1.878024872068316 0
4519 -0.8990170546805992 1.953810219764594 0
4520 7.953793588085416 0.8225044675313457 0
4521 12.1707856958492 3.133060913056031 0
4522 12.49397589879187 2.990075265432113 0
4523 0.4201534937225578 0.307888345798004 0
4524 0.4191040975055351 -0.3109541786480992 0
4525 0.6943900994262505 2.931323332625675 0
4526 16.85420852942561 1.825473572686727 0
4527 13.65991738209073 -2.674552781257135 0
4528 12.90562583306584 1.339290979898959 0
4529 15.62565229756205 3.64445917207466 0
4530 21.16885676822561 1.481923170002529 0
4531 11.15629924298468 -1.036302463566763 0
4532 23.56031896679449 -3.239251017454415 0
4533 23.53156962309441 3.223785781056788 0
4534 13.23921043767993 2.845921613367624 0
4535 0.1416309631512302 -0.9469205631371549 0
4536 -0.6839864043423187 -0.6784096451257201 0
4537 12.87791986446372 0.168405463718342 0
4538 18.3971744390713 2.652103167358643 0
4539 -2.3161659623314 0.2188114224010748 0
4540 0.2690772277727443 0.2344797054266755 0
4541 6.063855508336275 -1.610579620242999 0
4542 4.949595943062774 2.58541313607865 0
4543 0.7029751739024895 -1.627145624059203 0
4544 0.372970637456589 -0.4739481624411676 0
4545 0.3729706374565838 0.4739481624411727 0
4546 19.09574503953563 0.8083745965627626 0
4547 0.2991302963304169 0.7491407061625376 0
4548 0.3031656709666828 -0.7342906119113084 0
4549 -1.392364215690186 -2.12876613671289 0
4550 12.25361643819616 -3.092598743492613 0
4551 12.09463912588831 1.978175582757923 0
4552 0.5315041820138418 0.6948306496971286 0
4553 0.531504182013849 -0.6948306496971011 0
4554 3.994623472585472 0.6709496831278443 0
4555 -1.895037675405342 -2.315652039600792 0
4556 -2.103413677031721 0.8523827311788571 0
4557 1.298264426718845 0.108793688002012 0
4558 1.062510511311537 -2.274332449173648 0
4559 0.8459921666451617 -0.6973839919382208 0
4560 0.8459921666451925 0.6973839919382802 0
4561 0.480548021354198 1.139163883074155 0
4562 18.78129292449534 3.69451513966639 0
4563 9.409555217621845 1.7138182766917 0
4564 14.86172414440613 2.952013263412582 0
4565 20.26524662115203 -0.2114410132739883 0
4566 18.18981412604673 3.707650442394545 0
4567 -1.901173158534299 -0.9979641999566811 0
4568 15.42247188075695 0.90942079264604 0
4569 8.962852335686108 0.8309778576647209 0
4570 16.24292302093011 -1.659968326158892 0
4571 23.12180163809348 2.996510915197283 0
4572 23.12180163809481 -2.996510915196113 0
4573 -0.5573209364404635 -0.3896584325089652 0
4574 0.9571082191304334 0.4190305203781568 0
4575 21.50354204947701 2.220240006387583 0
4576 4.621550442460519 1.837209003165635 0
4577 21.12293114641107 -1.972899406967242 0
4578 1.073576299807587 1.097987404748729 0
4579 13.84739276193216 -2.362181160198954 0
4580 15.09475296731766 1.063367555930135 0
4581 -1.072392083491524 -0.3350546948539457 0
4582 11.64628685066149 -3.667645396008289 0
4583 15.48149063108796 1.56184977344285 0
4584 24.52505775460353 1.441537506511034 0
4585 23.12009197559073 -0.8782813548112998 0
4586 22.87015691870436 -1.224438147644347 0
4587 -1.480932974538292 -1.604864127948782 0
4588 19.70705374934215 1.128700439788379 0
4589 0.743721035197668 -0.4447071066391718 0
4590 0.7442800987872729 0.4440065094119873 0
4591 17.61772609527411 -2.334856358721537 0
4592 0.3445645695878786 0.2168526266274701 0
4593 14.876463046981 -3.176069579338199 0
4594 -1.730202292976305 -2.609435829807776 0
4595 21.44453276399886 2.640223401045129 0
4596 -0.641451036418621 -3.721534412405692 0
4597 3.050594397101766 1.434955583259276 0
4598 0.1984909583651827 0.3239471157845527 0
4599 0.1975456912123643 -0.3258247268504737 0
4600 12.18495854318229 0.2264843821539517 0
4601 24.18242254388141 -3.20448922690395 0
4602 24.18242254388052 3.204489226902222 0
4603 0.2607672805065747 0.1602231267872886 0
4604 0.4529458381661498 1.282626550759081 0
4605 8.775523400820793 0.328179591846852 0
4606 19.55684392693003 -3.719448833133523 0
4607 25.76562287127851 -0.7367364128990046 0
4608 0.05799853662342565 1.12561401724742 0
4609 7.473246609564455 0.5260356682148 0
4610 9.882080608735356 3.662183399442515 0
4611 11.98936784274924 -2.687080575725997 0
4612 3.052664781010558 -1.433961583802862 0
4613 3.911409566812965 -2.512668291868509 0
4614 3.91145539798184 2.512937803305764 0
4615 12.42407473503018 -3.72695666740496 0
4616 0.342612188057885 0.01867687536037838 0
4617 -1.179464382046228 0.4076307559084212 0
4618 0.3443355827802902 -0.3040180650987384 0
4619 5.669930831244451 -2.671059976385962 0
4620 14.40237977603443 -2.845911681901313 0
4621 -0.3424935248624239 -0.07819302835255766 0
4622 10.12975246065224 -1.169086679484262 0
4623 4.610519199037073 -1.817177983581747 0
4624 0.952677898881556 -0.4251159982747927 0
4625 8.344447392713475 2.939064612761413 0
4626 1.305296847198787 2.021792664868038 0
4627 0.4089073505161199 0.1894913187520343 0
4628 21.44234107825482 -2.690861299246315 0
4629 20.47314130862166 1.787748763518419 0
4630 2.651553610224441 1.290612231924836 0
4631 10.71613002750349 -2.243404744951647 0
4632 8.028654154373672 -1.024151987673695 0
4633 20.89979247592827 -2.551197041795971 0
4634 20.97933973844456 0.8686130767314467 0
4635 0.2818114374439651 0.3339080299720764 0
4636 0.2824056065142075 -0.333992820028603 0
4637 6.080360573245995 -1.231745229673561 0
4638 21.27507908712677 0.6083986198174819 0
4639 2.649190830960249 -1.291635798954685 0
4640 0.1533981787005656 -0.4062569532091261 0
4641 0.1533981787005785 0.4062569532091959 0
4642 5.055645055595487 -1.24327865215484 0
4643 -0.7577337733873558 1.238522222468577 0
4644 25.75802099399723 -1.671574975005745 0
4645 14.21668191951852 -2.33208662067389 0
4646 0.342900230370826 0.3029835581268998 0
4647 9.748659736497588 2.305030733468483 0
4648 5.792790000150296 -3.271828741795481 0
4649 6.773962594549012 1.428092332530458 0
4650 9.033448175082709 -0.6684788310886586 0
4651 14.4285426437333 1.293059394633731 0
4652 9.751328813597738 1.613375184700308 0
4653 13.52837405120702 2.26762756756936 0
4654 2.230338093677101 -1.909885965094249 0
4655 2.231125156845962 1.909357424709685 0
4656 0.08626147007866471 0.05530896357748499 0
4657 17.1640871826393 -0.7092029427240536 0
4658 16.81840158688902 3.696009807676212 0
4659 1.010133489989103 -0.3109638491446394 0
4660 17.33713186945469 -1.685119842208551 0
4661 0.1629706136455109 0.4291859252874038 0
4662 0.162970613645464 -0.4291859252873134 0
4663 0.1929756009058729 0.03811708513536934 0
4664 13.78597024954702 -3.735595487279757 0
4665 1.351412199877343 -0.7770646710689193 0
4666 1.357603028821046 0.7845264738254044 0
4667 -0.0002113228443297967 -0.8000022491424948 0
4668 2.984631215589186 -0.9593837014315885 0
4669 -1.424005806358681 -0.3929831513159163 0
4670 1.786857716113451 0.05781470405339214 0
4671 0.1619567961471914 0.09453006020199095 0
4672 1.528791105192217 0.489387305377704 0
4673 15.9383088283838 2.014396731961186 0
4674 22.88147105532901 -0.5444142176127277 0
4675 9.991484411385407 -3.286153553640355 0
4676 6.728725788783255 -1.517594809394775 0
4677 25.31215210696943 0.8290193372869774 0
4678 23.98849413386024 -0.01025403384031303 0
4679 21.71262762719137 -1.71705166994202 0
4680 0.2271885216687761 -0.5607017368255399 0
4681 0.2276167655802218 0.5607124085650406 0
4682 1.377651683094592 -0.4863610392848661 0
4683 1.362888494325657 0.4890057998563807 0
4684 -0.53337411922697 2.118454100816917 0
4685 23.29647080573899 0.8428047384877201 0
4686 22.98933126995248 1.06010744069614 0
4687 -2.300061603569586 2.087991013683017 0
4688 7.25953987016866 3.092749419727061 0
4689 24.64975362192392 0.7229259360962041 0
4690 14.74332051661444 0.1294000223198475 0
4691 25.81171960766665 1.120777096215499 0
4692 10.02276174139065 -2.648067892929522 0
4693 9.81092500077264 1.260631195491197 0
4694 20.32708003350779 -2.409213655653645 0
4695 5.639708028372029 2.681713050101628 0
4696 -1.903042704160014 3.73201822928099 0
4697 1.388409558277013 -2.571931549092898 0
4698 -1.916599096072943 0.5565977678779498 0
4699 0.2174633345859524 -1.471958601243461 0
4700 0.43166530532073 -2.79096717218965 0
4701 2.538799322664836 -1.967027481671001 0
4702 2.538930499859598 1.966939391606999 0
4703 13.41054348794389 -3.178321271366326 0
4704 0.2728642244541867 1.163726583645665 0
4705 0.06558332791959373 1.549940962786625 0
4706 22.81590681348652 -0.1441312881644791 0
4707 12.22575028110545 1.224654574508357 0
4708 6.295087392777567 3.682942297417218 0
4709 4.877055229092658 -3.204406118561284 0
4710 19.18330702956432 -0.6670843478165775 0
4711 0.6243146822605187 -1.123103887628508 0
4712 24.08550731555012 1.04130259171073 0
4713 15.4816821019461 -1.469642862747178 0
4714 20.33878053448874 2.444085561567598 0
4715 -0.06386065327339269 -1.359666281988344 0
4716 2.3078849858591 0.1546532479710309 0
4717 23.66331403391141 0.3596262927321357 0
4718 7.038406714307334 -3.7400106452904 0
4719 -1.979885503205974 -1.793092871115674 0
4720 0.270332611954881 -0.1499753245866245 0
4721 -1.704361125818497 -0.7391062055702442 0
4722 0.215640271855525 -0.3682768896470555 0
4723 0.2156402718554987 0.3682768896471029 0
4724 1.83764838264819 -1.953961200692874 0
4725 1.845259888628394 1.945446140696709 0
4726 0.6144019126253621 1.100123344653774 0
4727 1.795756960483445 -0.2652122700019084 0
4728 0.3982435647180306 0.1529609974761083 0
4729 0.01855778987482002 0.4239545079207292 0
4730 -0.2047318113498001 -0.08122773831048775 0
4731 -1.844628811712765 1.720455835535357 0
4732 0.2366352121769795 -1.983140487693861 0
4733 0.2766489565861632 -0.2179427351975891 0
4734 0.7475069949847777 -1.379576207154121 0
4735 2.299857693104626 -2.427495840216879 0
4736 2.299857693104348 2.427495840217275 0
4737 12.40731958890886 -0.7246898997861851 0
4738 1.000451376396788 0.330670920722088 0
4739 0.0176928379730553 -0.9294138801811251 0
4740 23.00728729369919 -1.580600090336949 0
4741 5.325666917876669 -3.704406398338116 0
4742 14.72431275184135 -0.6002227920398621 0
4743 0.4714187630564454 0.1251225890532412 0
4744 -0.1778350825955793 0.1181314274340498 0
4745 -1.17586457513949 -1.984626694532598 0
4746 15.18424445207326 -2.987970933512906 0
4747 16.74691153272517 -1.305549527992266 0
4748 2.902536720245099 -1.701243436579919 0
4749 2.64738577704874 -1.730271985543522 0
4750 2.902452922912869 1.701299230499457 0
4751 2.647913294762624 1.72816720215362 0
4752 13.11536883925364 -2.562183817220788 0
4753 18.05929045765624 -3.666737648114283 0
4754 22.63088658167126 1.953085088933582 0
4755 15.63022695848357 3.183184466281936 0
4756 -1.899496576859292 2.4843902876594 0
4757 11.60047486906948 1.079628221526773 0
4758 0.05714194840109008 0.1136249577855028 0
4759 21.95704174482104 0.3376379133684528 0
4760 8.685603365404321 -0.745861636891376 0
4761 -0.05800786093653808 -3.729609477407449 0
4762 21.91985387481953 -1.077718233168095 0
4763 5.27620768378597 3.72318970981143 0
4764 13.02069733043699 2.609362392968132 0
4765 0.2669647950619978 -0.2948693491378896 0
4766 23.56618377594722 1.37967296444656 0
4767 0.3834494011665789 -3.350591575599262 0
4768 1.193148485625446 -1.003845633991137 0
4769 1.193148485625526 1.003845633991272 0
4770 8.967327882003417 2.075146478787093 0
4771 0.385782664343544 -0.2449974131031543 0
4772 3.197230817959259 0.8947248233880716 0
4773 -1.251713374765401 -0.4879666386713359 0
4774 8.616739556155007 0.9391011235535881 0
4775 0.3522973582436448 -0.4244808233003287 0
4776 0.3522963238327108 0.4244825630512963 0
4777 14.09547499725353 3.69736048867289 0
4778 4.853516497248824 3.165811194948187 0
4779 1.788122332143971 0.3553158124911627 0
4780 17.27367820895302 -1.155338074703582 0
4781 0.2093165965025255 -0.2441103928146362 0
4782 1.842552845274775 1.122089085627563 0
4783 1.842552845274259 -1.122089085627235 0
4784 1.547887685347122 0.3210039532941214 0
4785 13.22535491937209 0.3443318344306227 0
4786 -0.3265044391197827 1.517514860001163 0
4787 0.4713961109505693 -0.1259045166994181 0
4788 25.79124945380767 3.248014362272499 0
4789 25.79124945380689 -3.248014362273068 0
4790 -2.287552665531668 -1.92349853837585 0
4791 7.034890202374674 3.746144128289318 0
4792 13.54532659272113 2.762219934504469 0
4793 11.61617888783235 3.308292873023419 0
4794 17.47365945528425 1.675995279364055 0
4795 -0.5273512614942069 -1.018123665647812 0
4796 3.418103401153876 -2.990013292014513 0
4797 3.41810331239551 2.990014251505943 0
4798 1.431625774375327 -0.9187045072061684 0
4799 1.430337302560643 0.9163114467651818 0
4800 2.44406283629201 -0.7117469850250595 0
4801 0.2031189504022997 -0.3891131898221878 0
4802 0.2031189504022902 0.3891131898222305 0
4803 0.1240131042152435 -0.6722166775524494 0
4804 -0.3778121227946649 0.2352812620276003 0
4805 2.762510353848061 0.3101571785631549 0
4806 20.50225661201013 -1.812129924178159 0
4807 3.070320994807016 -1.924673073096125 0
4808 3.070343471032801 1.924679680757315 0
4809 -2.300873643337919 -3.284593131579533 0
4810 0.4567139950989008 -0.238615547971881 0
4811 0.7564322304594211 0.2014005889737182 0
4812 0.6547661820102516 -0.3188795816810407 0
4813 0.6546230043837378 0.3190548716985848 0
4814 9.937479783670707 3.29499828457021 0
4815 -0.6754816570721049 0.3697491912591157 0
4816 0.6450402721519506 0.2440316685382592 0
4817 0.6433357730172178 -0.2457610097474666 0
4818 -0.3094807636812765 -0.1618225976701367 0
4819 0.2406376324860799 -0.4102652813094171 0
4820 0.2406376324860547 0.4102652813094412 0
4821 9.840802579643018 -1.716771451676107 0
4822 20.63861930410454 3.695138466866051 0
4823 5.723888489418973 3.245400191776153 0
4824 0.224719737716382 -0.3216863290669565 0
4825 0.2257431456665481 0.3211116730796222 0
4826 -0.7565810091540972 -0.9626014697474281 0
4827 7.006128383346931 -0.5399055114617825 0
4828 25.19002979686579 -1.067389473536153 0
4829 0.2163262352891981 0.9661979369903227 0
4830 12.61154470656059 -0.9371633296299939 0
4831 1.532011056284216 3.264101045312923 0
4832 23.78559532726934 2.093927707833343 0
4833 22.401823701378 -2.428939898841273 0
4834 0.9362184531723351 -0.9317495598320433 0
4835 0.9354709743025634 0.9319085629466527 0
4836 11.01557064001821 1.384899505573664 0
4837 17.88616608783437 2.263405361875698 0
4838 -0.4797620626068407 0.8121986816452091 0
4839 6.029106704350883 2.263524750748233 0
4840 -2.319382185124391 -3.729848468417906 0
4841 11.0997756947172 -3.248776388974971 0
4842 20.68467176206598 -0.3136134220627768 0
4843 11.68680577758849 -3.333518648724815 0
4844 -0.3791003897137355 -0.9512143259583865 0
4845 -0.5331658500946321 -3.270776879218147 0
4846 -1.422794713536132 -3.733726664144899 0
4847 19.58193683768391 3.754352327416784 0
4848 12.17690506221754 -1.995998888198543 0
4849 1.574938978307464 -0.9160479830307706 0
4850 1.583312947669993 0.9134485161079033 0
4851 18.95078047019815 2.538257507730239 0
4852 25.8494007815964 -0.2059490048644883 0
4853 0.9803069278190142 -2.013283456926182 0
4854 0.2886557116379417 -0.4081859139446851 0
4855 0.2886557116379068 0.4081859139447007 0
4856 18.23977290940684 1.814360147961208 0
4857 21.73528571191816 -2.7551493178885 0
4858 0.01775133824504024 -0.001052801164851043 0
4859 -0.0638226044880208 1.663819788591653 0
4860 17.35574833245761 1.33775328033748 0
4861 5.861384007959946 -0.3425598913947717 0
4862 0.3428664711534271 0.08695788035958178 0
4863 0.331503538578114 0.1694369524370222 0
4864 0.3347333752583451 -0.1603897649286088 0
4865 0.9746787207322012 -2.672658443717026 0
4866 23.91940097767228 1.365830962387072 0
4867 0.3178891072460283 0.2752731475300698 0
4868 5.070876905651941 0.8197362721732849 0
4869 13.84400778247607 0.703831054951031 0
4870 0.3837671722500322 0.2925186577950699 0
4871 0.3178692439244094 -0.2734732193218157 0
4872 0.1474645439045901 -0.0188485098840841 0
4873 24.66965998705554 -1.369901958486927 0
4874 16.22025161370598 -3.205968115205191 0
4875 9.714986131098675 -3.74922291227068 0
4876 9.41916112802506 -2.334398650221977 0
4877 13.69825517541961 -2.030871663424517 0
4878 15.29884011121994 -0.7765295950368524 0
4879 1.340570705989149 -1.04171609574612 0
4880 1.340287004715127 1.04127574905195 0
4881 8.766638675290043 1.878793557159863 0
4882 19.70588383421224 -1.198845836929826 0
4883 0.2005462447737179 0.1073255778273463 0
4884 11.17835691793889 2.324343406423584 0
4885 11.43438794601212 -0.442683261764125 0
4886 6.405569334801714 2.377341051143061 0
4887 19.67134732663672 0.8433658438258533 0
4888 0.3826681189702769 -0.2873202139909371 0
4889 22.31599058541095 -0.2570232208691174 0
4890 -1.365446629735546 1.974501710463681 0
4891 7.266314677206603 -3.109352525052209 0
4892 0.2275332227754275 1.812490290969728 0
4893 -0.4100701744705227 0.05512921260944544 0
4894 1.57973595553831 -0.6600821896285642 0
4895 1.57569317963715 0.6582438415252075 0
4896 0.2666807222780381 0.2956435156339663 0
4897 0.03695610079668106 0.4827604299315274 0
4898 1.52126927276792 0.05480187329684208 0
4899 1.673491008375414 0.291442180673689 0
4900 0.1667999017374495 0.4528839567999252 0
4901 0.1667999017374732 -0.4528839567998431 0
4902 -0.1113648914407726 0.5929367757831764 0
4903 0.158026669288866 -0.1486263745347178 0
4904 -0.4449584873365667 -0.6043838823627992 0
4905 -0.0652299119498921 0.9780492640604082 0
4906 22.32480406232748 2.897422143252566 0
4907 9.914210066236631 2.647518211337678 0
4908 18.07926798910872 -3.289231660857359 0
4909 0.6184245824348187 0.01594883474919306 0
4910 -0.8145186606727698 -0.7865689027399108 0
4911 9.687000987976738 -0.9977083992580027 0
4912 0.4324448703489172 -0.5560101383812438 0
4913 0.4324448703489295 0.5560101383813125 0
4914 15.17611834600384 -1.988011441786548 0
4915 6.148049781789306 -3.770274721987748 0
4916 11.53377230803362 0.094829374010273 0
4917 11.63148267858658 0.4051831109237816 0
4918 1.657126379346457 -0.3210764113413495 0
4919 -0.2095680463238937 2.365959042646102 0
4920 -0.2063965190743138 0.2255883190260558 0
4921 0.2082808802894374 -0.4715609787327886 0
4922 0.2082808802893747 0.4715609787328174 0
4923 0.1250724142069383 0.2125260628457808 0
4924 2.561223698376207 -3.018232728538746 0
4925 2.563899718944237 3.01225569958312 0
4926 2.809701633583721 0.8161117677212081 0
4927 15.99143131044826 -0.6830934854717963 0
4928 2.994345855597385 -2.23363739027688 0
4929 2.994344361177111 2.233641755973278 0
4930 7.606328198426997 2.79235728266218 0
4931 17.50792233546893 2.859015341201014 0
4932 1.565979748601249 -1.610215185782125 0
4933 1.569416748539121 1.606473683442024 0
4934 16.63972612443328 -0.01594956850719612 0
4935 -0.5643624905468908 -0.01097374574906341 0
4936 7.965078253380137 1.132563969982756 0
4937 24.10918480233293 -1.179228688676296 0
4938 -0.937264588464966 -0.2414830580899698 0
4939 0.1250564864366269 -0.2104577007548171 0
4940 13.77020821114402 3.768772968429559 0
4941 0.805456811665953 0.08928866309901519 0
4942 6.076553701226155 -2.213486136182841 0
4943 5.561747724991509 -1.599179891689398 0
4944 -2.322459813188953 2.82616413823401 0
4945 13.57155178719234 1.854550224172316 0
4946 21.09969325130125 -1.564864217805072 0
4947 12.92667926837843 -1.463313000482725 0
4948 10.08640651941589 0.3040308970798342 0
4949 0.5006609810361862 -1.420608298188683 0
4950 0.1861533859369963 -0.4661991595923852 0
4951 0.1861533859368845 0.4661991595924442 0
4952 17.84358382695742 3.737745294793075 0
4953 -0.9363241246634488 -2.122813153284594 0
4954 25.84513646306583 -3.755817821348405 0
4955 25.84513646306705 3.755817821346067 0
4956 2.133723044832655 -0.5375542358277579 0
4957 -1.884184218628869 -0.5032595146978696 0
4958 9.629973191190992 -0.5428528613549632 0
4959 10.41436009661767 -2.185972708649642 0
4960 7.673418884247534 -2.461511100885683 0
4961 25.17912743682277 1.0601849108146 0
4962 0.7686313601236739 1.388909025990318 0
4963 25.34250761577697 -0.5654966297612858 0
4964 3.210062482898489 -0.8697813095691481 0
4965 24.86997755325419 -0.3644793518550682 0
4966 -0.1451226458032866 0.001363911814635068 0
4967 24.51112998275667 -0.2851156985324022 0
4968 -0.7314098170325147 -0.1045769340528025 0
4969 0.4013593796196371 -2.312000079262588 0
4970 3.464508529386205 0.2051225942240699 0
$EndNodes
$Elements
9940
1 1 2 4 1 1 21
2 1 2 4 1 21 22
3 1 2 4 1 22 23
4 1 2 4 1 23 24
5 1 2 4 1 24 25
6 1 2 4 1 25 26
7 1 2 4 1 26 27
8 1 2 4 1 27 2
9 1 2 4 2 2 3
10 1 2 4 3 3 4
11 1 2 5 4 4 28
12 1 2 5 4 28 29
13 1 2 5 4 29 30
14 1 2 5 4 30 5
15 1 2 5 5 5 31
16 1 2 5 5 31 32
17 1 2 5 5 32 33
18 1 2 5 5 33 6
19 1 2 4 6 6 34
20 1 2 4 6 34 35
21 1 2 4 6 35 36
22 1 2 4 6 36 37
23 1 2 4 6 37 38
24 1 2 4 6 38 39
25 1 2 4 6 39 40
26 1 2 4 6 40 41
27 1 2 4 6 41 42
28 1 2 4 6 42 43
29 1 2 4 6 43 7
30 1 2 4 7 7 44
31 1 2 4 7 44 45
32 1 2 4 7 45 46
33 1 2 4 7 46 47
34 1 2 4 7 47 48
35 1 2 4 7 48 49
36 1 2 4 7 49 50
37 1 2 4 7 50 51
38 1 2 4 7 51 52
39 1 2 4 7 52 53
40 1 2 4 7 53 8
41 1 2 6 8 8 54
42 1 2 6 8 54 55
43 1 2 6 8 55 56
44 1 2 6 8 56 9
45 1 2 6 9 9 57
46 1 2 6 9 57 58
47 1 2 6 9 58 59
48 1 2 6 9 59 10
49 1 2 4 10 10 11
50 1 2 4 11 11 12
51 1 2 4 12 12 60
52 1 2 4 12 60 61
53 1 2 4 12 61 62
54 1 2 4 12 62 63
55 1 2 4 12 63 64
56 1 2 4 12 64 65
57 1 2 4 12 65 66
58 1 2 4 12 66 1
59 1 2 1 13 13 67
60 1 2 1 13 67 68
61 1 2 1 13 68 69
62 1 2 1 13 69 70
63 1 2 1 13 70 71
64 1 2 1 13 71 72
65 1 2 1 13 72 73
66 1 2 1 13 73 74
67 1 2 1 13 74 75
68 1 2 1 13 75 76
69 1 2 1 13 76 77
70 1 2 1 13 77 78
71 1 2 1 13 78 79
72 1 2 1 13 79 80
73 1 2 1 13 80 81
74 1 2 1 13 81 82
75 1 2 1 13 82 83
76 1 2 1 13 83 84
77 1 2 1 13 84 85
78 1 2 1 13 85 86
79 1 2 1 13 86 87
80 1 2 1 13 87 88
81 1 2 1 13 88 89
82 1 2 1 13 89 90
83 1 2 1 13 90 91
84 1 2 1 13 91 92
85 1 2 1 13 92 93
86 1 2 1 13 93 94
87 1 2 1 13 94 95
88 1 2 1 13 95 96
89 1 2 1 13 96 97
90 1 2 1 13 97 98
91 1 2 1 13 98 99
92 1 2 1 13 99 100
93 1 2 1 13 100 101
94 1 2 1 13 101 102
95 1 2 1 13 102 103
96 1 2 1 13 103 104
97 1 2 1 13 104 105
98 1 2 1 13 105 106
99 1 2 1 13 106 107
100 1 2 1 13 107 108
101 1 2 1 13 108 109
102 1 2 1 13 109 110
103 1 2 1 13 110 111
104 1 2 1 13 111 112
105 1 2 1 13 112 14
106 1 2 2 14 14 113
107 1 2 2 14 113 114
108 1 2 2 14 114 115
109 1 2 2 14 115 116
110 1 2 2 14 116 117
111 1 2 2 14 117 118
112 1 2 2 14 118 119
113 1 2 2 14 119 120
114 1 2 2 14 120 121
115 1 2 2 14 121 122
116 1 2 2 14 122 123
117 1 2 2 14 123 124
118 1 2 2 14 124 18
119 1 2 2 15 18 125
120 1 2 2 15 125 126
121 1 2 2 15 126 127
122 1 2 2 15 127 128
123 1 2 2 15 128 129
124 1 2 2 15 129 130
125 1 2 2 15 130 131
126 1 2 2 15 131 132
127 1 2 2 15 132 133
128 1 2 2 15 133 134
129 1 2 2 15 134 135
130 1 2 2 15 135 136
131 1 2 2 15 136 137
132 1 2 2 15 137 138
133 1 2 2 15 138 139
134 1 2 2 15 139 140
135 1 2 2 15 140 141
136 1 2 2 15 141 19
137 1 2 2 16 19 142
138 1 2 2 16 142 143
139 1 2 2 16 143 144
140 1 2 2 16 144 145
141 1 2 2 16 145 146
142 1 2 2 16 146 147
143 1 2 2 16 147 148
144 1 2 2 16 148 149
145 1 2 2 16 149 150
146 1 2 2 16 150 151
147 1 2 2 16 151 152
148 1 2 2 16 152 153
149 1 2 2 16 153 15
150 1 2 1 17 15 154
151 1 2 1 17 154 155
152 1 2 1 17 155 156
153 1 2 1 17 156 157
154 1 2 1 17 157 158
155 1 2 1 17 158 159
156 1 2 1 17 159 160
157 1 2 1 17 160 161
158 1 2 1 17 161 162
159 1 2 1 17 162 163
160 1 2 1 17 163 164
161 1 2 1 17 164 165
162 1 2 1 17 165 166
163 1 2 1 17 166 167
164 1 2 1 17 167 168
165 1 2 1 17 168 169
166 1 2 1 17 169 170
167 1 2 1 17 170 171
168 1 2 1 17 171 172
169 1 2 1 17 172 173
170 1 2 1 17 173 174
171 1 2 1 17 174 175
172 1 2 1 17 175 176
173 1 2 1 17 176 177
174 1 2 1 17 177 178
175 1 2 1 17 178 179
176 1 2 1 17 179 180
177 1 2 1 17 180 181
178 1 2 1 17 181 182
179 1 2 1 17 182 183
180 1 2 1 17 183 184
181 1 2 1 17 184 185
182 1 2 1 17 185 186
183 1 2 1 17 186 187
184 1 2 1 17 187 188
185 1 2 1 17 188 189
186 1 2 1 17 189 190
187 1 2 1 17 190 191
188 1 2 1 17 191 192
189 1 2 1 17 192 193
190 1 2 1 17 193 194
191 1 2 1 17 194 195
192 1 2 1 17 195 196
193 1 2 1 17 196 197
194 1 2 1 17 197 198
195 1 2 1 17 198 199
196 1 2 1 17 199 16
197 1 2 3 18 16 200
198 1 2 3 18 200 201
199 1 2 3 18 201 202
200 1 2 3 18 202 203
201 1 2 3 18 203 204
202 1 2 3 18 204 205
203 1 2 3 18 205 206
204 1 2 3 18 206 207
205 1 2 3 18 207 208
206 1 2 3 18 208 209
207 1 2 3 18 209 210
208 1 2 3 18 210 211
209 1 2 3 18 211 212
210 1 2 3 18 212 213
211 1 2 3 18 213 214
212 1 2 3 18 214 215
213 1 2 3 18 215 216
214 1 2 3 18 216 217
215 1 2 3 18 217 218
216 1 2 3 18 218 219
217 1 2 3 18 219 220
218 1 2 3 18 220 221
219 1 2 3 18 221 222
220 1 2 3 18 222 223
221 1 2 3 18 223 13
222 2 2 1 23 2019 1352 622
223 2 2 1 23 1027 1352 2019
224 2 2 1 23 1721 471 1345
225 2 2 1 23 1772 727 983
226 2 2 1 23 1771 982 726
227 2 2 1 23 1022 1384 2159
228 2 2 1 23 1310 794 2347
229 2 2 1 23 1311 2348 795
230 2 2 1 23 2115 798 1314
231 2 2 1 23 2116 1315 799
232 2 2 1 23 2347 794 1016
233 2 2 1 23 2348 1017 795
234 2 2 1 23 2159 1384 436
235 2 2 1 23 727 1616 983
236 2 2 1 23 726 982 1617
237 2 2 1 23 2130 563 1144
238 2 2 1 23 999 2130 1144
239 2 2 1 23 536 1991 1441
240 2 2 1 23 801 2349 1024
241 2 2 1 23 967 1721 1345
242 2 2 1 23 2349 1265 1024
243 2 2 1 23 2323 872 1973
244 2 2 1 23 1019 2115 1314
245 2 2 1 23 1020 1315 2116
246 2 2 1 23 1170 2323 1973
247 2 2 1 23 207 1532 1464
248 2 2 1 23 492 925 2147
249 2 2 1 23 493 2146 926
250 2 2 1 23 395 1795 1798
251 2 2 1 23 490 2140 928
252 2 2 1 23 491 929 2141
253 2 2 1 23 2070 536 1441
254 2 2 1 23 387 1453 901
255 2 2 1 23 142 143 1539
256 2 2 1 23 123 124 1538
257 2 2 1 23 1480 2283 1882
258 2 2 1 23 556 1780 1124
259 2 2 1 23 856 1535 1783
260 2 2 1 23 434 1179 1244
261 2 2 1 23 1331 2209 528
262 2 2 1 23 498 893 1779
263 2 2 1 23 499 1778 894
264 2 2 1 23 485 1772 983
265 2 2 1 23 486 982 1771
266 2 2 1 23 494 2129 941
267 2 2 1 23 495 942 2128
268 2 2 1 23 2490 1973 888
269 2 2 1 23 143 1768 1539
270 2 2 1 23 123 1538 1767
271 2 2 1 23 767 1547 1232
272 2 2 1 23 1015 1744 1753
273 2 2 1 23 717 975 1804
274 2 2 1 23 97 964 1791
275 2 2 1 23 169 1790 963
276 2 2 1 23 650 970 1651
277 2 2 1 23 649 1650 971
278 2 2 1 23 367 1165 987
279 2 2 1 23 1530 2148 2049
280 2 2 1 23 570 1122 1274
281 2 2 1 23 571 1275 1123
282 2 2 1 23 566 1129 1278
283 2 2 1 23 567 1279 1130
284 2 2 1 23 572 1125 1276
285 2 2 1 23 573 1277 1126
286 2 2 1 23 568 1138 1281
287 2 2 1 23 569 1280 1139
288 2 2 1 23 577 909 2399
289 2 2 1 23 496 2098 958
290 2 2 1 23 497 959 2097
291 2 2 1 23 517 1078 1646
292 2 2 1 23 551 1042 1406
293 2 2 1 23 552 1407 1043
294 2 2 1 23 564 1625 1040
295 2 2 1 23 868 1512 1920
296 2 2 1 23 1997 180 1066
297 2 2 1 23 216 1442 1068
298 2 2 1 23 803 1023 1957
299 2 2 1 23 610 1452 908
300 2 2 1 23 388 993 1148
301 2 2 1 23 569 1151 1280
302 2 2 1 23 568 1281 1152
303 2 2 1 23 547 1112 1116
304 2 2 1 23 359 1388 1900
305 2 2 1 23 574 1555 1051
306 2 2 1 23 1004 2209 1331
307 2 2 1 23 999 2315 1192
308 2 2 1 23 259 1187 260
309 2 2 1 23 313 1186 314
310 2 2 1 23 250 1188 251
311 2 2 1 23 322 1189 323
312 2 2 1 23 331 1190 332
313 2 2 1 23 241 1191 242
314 2 2 1 23 646 1967 987
315 2 2 1 23 146 147 1337
316 2 2 1 23 119 120 1338
317 2 2 1 23 18 1538 124
318 2 2 1 23 19 142 1539
319 2 2 1 23 624 1364 1286
320 2 2 1 23 565 1170 1973
321 2 2 1 23 465 1811 1458
322 2 2 1 23 437 1312 1195
323 2 2 1 23 1069 1467 2000
324 2 2 1 23 642 1920 1512
325 2 2 1 23 653 1469 1433
326 2 2 1 23 395 1240 1795
327 2 2 1 23 885 1480 1882
328 2 2 1 23 610 908 1357
329 2 2 1 23 412 999 1192
330 2 2 1 23 546 1581 1885
331 2 2 1 23 215 216 1068
332 2 2 1 23 1239 1973 2490
333 2 2 1 23 438 1105 1613
334 2 2 1 23 439 1614 1106
335 2 2 1 23 18 286 1538
336 2 2 1 23 19 1539 287
337 2 2 1 23 869 1452 1409
338 2 2 1 23 782 1985 1018
339 2 2 1 23 755 1140 1576
340 2 2 1 23 275 1033 276
341 2 2 1 23 679 1753 1744
342 2 2 1 23 783 2001 1011
343 2 2 1 23 784 1012 2002
344 2 2 1 23 301 1034 302
345 2 2 1 23 267 1035 268
346 2 2 1 23 309 1036 310
347 2 2 1 23 859 1433 1469
348 2 2 1 23 97 1571 964
349 2 2 1 23 169 963 1570
350 2 2 1 23 1136 1699 1656
351 2 2 1 23 1137 1657 1700
352 2 2 1 23 1143 1662 1703
353 2 2 1 23 1142 1702 1661
354 2 2 1 23 377 924 1238
355 2 2 1 23 497 1915 959
356 2 2 1 23 496 958 1914
357 2 2 1 23 627 2179 1088
358 2 2 1 23 69 1087 1678
359 2 2 1 23 730 1116 1112
360 2 2 1 23 165 1751 962
361 2 2 1 23 101 961 1752
362 2 2 1 23 498 1108 1431
363 2 2 1 23 499 1432 1107
364 2 2 1 23 629 2177 1092
365 2 2 1 23 628 1093 2176
366 2 2 1 23 631 2173 1094
367 2 2 1 23 630 1095 2172
368 2 2 1 23 633 2175 1096
369 2 2 1 23 632 1097 2174
370 2 2 1 23 1127 1695 1645
371 2 2 1 23 1128 1644 1694
372 2 2 1 23 543 1307 1577
373 2 2 1 23 902 1458 1811
374 2 2 1 23 622 997 1399
375 2 2 1 23 486 1738 982
376 2 2 1 23 485 983 1739
377 2 2 1 23 564 1295 1032
378 2 2 1 23 627 1247 2179
379 2 2 1 23 1180 1451 2580
380 2 2 1 23 359 1900 360
381 2 2 1 23 551 1406 1114
382 2 2 1 23 552 1115 1407
383 2 2 1 23 559 1032 1184
384 2 2 1 23 945 2148 1530
385 2 2 1 23 629 1248 2177
386 2 2 1 23 628 2176 1249
387 2 2 1 23 631 1251 2173
388 2 2 1 23 630 2172 1250
389 2 2 1 23 633 1252 2175
390 2 2 1 23 632 2174 1253
391 2 2 1 23 2315 582 1192
392 2 2 1 23 494 941 1908
393 2 2 1 23 495 1909 942
394 2 2 1 23 871 1124 1780
395 2 2 1 23 420 1598 1424
396 2 2 1 23 572 1276 1083
397 2 2 1 23 573 1084 1277
398 2 2 1 23 504 1957 1023
399 2 2 1 23 314 1186 2290
400 2 2 1 23 259 2289 1187
401 2 2 1 23 250 2292 1188
402 2 2 1 23 323 1189 2291
403 2 2 1 23 332 1190 2294
404 2 2 1 23 241 2293 1191
405 2 2 1 23 1120 1687 1622
406 2 2 1 23 1121 1621 1686
407 2 2 1 23 570 1274 1081
408 2 2 1 23 571 1082 1275
409 2 2 1 23 566 1278 1079
410 2 2 1 23 567 1080 1279
411 2 2 1 23 883 1582 1792
412 2 2 1 23 1039 1996 2559
413 2 2 1 23 377 1413 924
414 2 2 1 23 432 1783 1535
415 2 2 1 23 577 1785 909
416 2 2 1 23 491 1907 929
417 2 2 1 23 490 928 1906
418 2 2 1 23 1195 1312 1929
419 2 2 1 23 610 1357 998
420 2 2 1 23 179 180 1997
421 2 2 1 23 772 1214 1540
422 2 2 1 23 700 1652 1013
423 2 2 1 23 564 1032 1547
424 2 2 1 23 639 1208 1283
425 2 2 1 23 641 1282 1209
426 2 2 1 23 746 1051 1555
427 2 2 1 23 634 1707 1222
428 2 2 1 23 529 1136 1656
429 2 2 1 23 530 1657 1137
430 2 2 1 23 565 1973 1239
431 2 2 1 23 523 1640 1013
432 2 2 1 23 183 1357 908
433 2 2 1 23 421 1428 1597
434 2 2 1 23 493 926 1911
435 2 2 1 23 492 1910 925
436 2 2 1 23 526 1127 1645
437 2 2 1 23 527 1644 1128
438 2 2 1 23 532 1662 1143
439 2 2 1 23 531 1142 1661
440 2 2 1 23 575 1456 990
441 2 2 1 23 2418 1236 451
442 2 2 1 23 387 901 2096
443 2 2 1 23 525 1120 1622
444 2 2 1 23 524 1621 1121
445 2 2 1 23 367 987 1256
446 2 2 1 23 436 1384 1147
447 2 2 1 23 1111 1236 2418
448 2 2 1 23 165 962 1638
449 2 2 1 23 101 1639 961
450 2 2 1 23 504 1023 1447
451 2 2 1 23 563 1981 1144
452 2 2 1 23 564 1240 1625
453 2 2 1 23 585 1393 919
454 2 2 1 23 584 920 1394
455 2 2 1 23 688 1153 1170
456 2 2 1 23 586 918 1392
457 2 2 1 23 587 1391 917
458 2 2 1 23 1581 546 2255
459 2 2 1 23 742 909 2006
460 2 2 1 23 536 1027 2019
461 2 2 1 23 589 915 1389
462 2 2 1 23 588 1390 916
463 2 2 1 23 152 153 1544
464 2 2 1 23 113 114 1543
465 2 2 1 23 442 1045 1559
466 2 2 1 23 501 1996 1039
467 2 2 1 23 492 2147 1002
468 2 2 1 23 493 1003 2146
469 2 2 1 23 439 1651 970
470 2 2 1 23 438 971 1650
471 2 2 1 23 297 1215 298
472 2 2 1 23 271 1216 272
473 2 2 1 23 532 1143 1314
474 2 2 1 23 531 1315 1142
475 2 2 1 23 305 1218 306
476 2 2 1 23 414 1352 1027
477 2 2 1 23 432 1646 1078
478 2 2 1 23 562 1626 1336
479 2 2 1 23 809 2278 1589
480 2 2 1 23 67 1678 1234
481 2 2 1 23 747 1088 2179
482 2 2 1 23 634 1360 1707
483 2 2 1 23 559 1232 1547
484 2 2 1 23 416 1576 1140
485 2 2 1 23 490 1000 2140
486 2 2 1 23 491 2141 1001
487 2 2 1 23 379 1485 1016
488 2 2 1 23 372 1017 1486
489 2 2 1 23 279 1217 280
490 2 2 1 23 749 1092 2177
491 2 2 1 23 748 2176 1093
492 2 2 1 23 498 1506 893
493 2 2 1 23 499 894 1507
494 2 2 1 23 751 1094 2173
495 2 2 1 23 750 2172 1095
496 2 2 1 23 753 1096 2175
497 2 2 1 23 752 2174 1097
498 2 2 1 23 71 72 1028
499 2 2 1 23 418 2465 1032
500 2 2 1 23 1032 2465 1184
501 2 2 1 23 523 1013 1652
502 2 2 1 23 218 1210 2167
503 2 2 1 23 638 1283 1208
504 2 2 1 23 640 1209 1282
505 2 2 1 23 394 2572 1342
506 2 2 1 23 460 1579 1070
507 2 2 1 23 1014 1581 2255
508 2 2 1 23 500 1018 1985
509 2 2 1 23 388 1200 1364
510 2 2 1 23 2580 1451 903
511 2 2 1 23 1013 1640 2164
512 2 2 1 23 528 1055 1331
513 2 2 1 23 554 1321 1480
514 2 2 1 23 667 1274 1122
515 2 2 1 23 668 1123 1275
516 2 2 1 23 789 2000 1467
517 2 2 1 23 761 875 1493
518 2 2 1 23 762 1494 876
519 2 2 1 23 764 1495 877
520 2 2 1 23 763 878 1496
521 2 2 1 23 766 879 1498
522 2 2 1 23 765 1497 880
523 2 2 1 23 669 1278 1129
524 2 2 1 23 670 1130 1279
525 2 2 1 23 665 1276 1125
526 2 2 1 23 666 1126 1277
527 2 2 1 23 517 1646 1353
528 2 2 1 23 730 1101 1781
529 2 2 1 23 438 1613 1204
530 2 2 1 23 439 1205 1614
531 2 2 1 23 674 1281 1138
532 2 2 1 23 673 1139 1280
533 2 2 1 23 655 1040 1202
534 2 2 1 23 386 1170 1153
535 2 2 1 23 656 1430 1626
536 2 2 1 23 455 1467 1069
537 2 2 1 23 1151 2076 1280
538 2 2 1 23 1152 1281 2078
539 2 2 1 23 693 1590 925
540 2 2 1 23 694 926 1591
541 2 2 1 23 419 1565 1321
542 2 2 1 23 67 68 1678
543 2 2 1 23 536 2019 2405
544 2 2 1 23 385 934 1346
545 2 2 1 23 494 1006 2129
546 2 2 1 23 495 2128 1007
547 2 2 1 23 575 1956 1236
548 2 2 1 23 689 928 1587
549 2 2 1 23 690 1588 929
550 2 2 1 23 717 1030 1829
551 2 2 1 23 2407 1246 1595
552 2 2 1 23 1169 1487 2449
553 2 2 1 23 677 1200 1376
554 2 2 1 23 414 2368 1050
555 2 2 1 23 521 1117 1334
556 2 2 1 23 521 927 1602
557 2 2 1 23 148 2216 1568
558 2 2 1 23 118 1569 2217
559 2 2 1 23 575 1318 1956
560 2 2 1 23 611 943 1598
561 2 2 1 23 612 1597 944
562 2 2 1 23 537 998 2448
563 2 2 1 23 708 1454 1149
564 2 2 1 23 709 1150 1455
565 2 2 1 23 811 1321 1565
566 2 2 1 23 519 1181 1542
567 2 2 1 23 847 1577 1307
568 2 2 1 23 2548 1600 1004
569 2 2 1 23 700 1364 1200
570 2 2 1 23 613 967 2162
571 2 2 1 23 886 2237 2114
572 2 2 1 23 547 1046 1163
573 2 2 1 23 229 1100 1960
574 2 2 1 23 691 941 1593
575 2 2 1 23 692 1594 942
576 2 2 1 23 344 1963 1103
577 2 2 1 23 606 1242 1090
578 2 2 1 23 607 1091 1243
579 2 2 1 23 547 1116 1636
580 2 2 1 23 370 2049 2148
581 2 2 1 23 492 1759 961
582 2 2 1 23 493 962 1758
583 2 2 1 23 700 1013 1286
584 2 2 1 23 440 1286 1013
585 2 2 1 23 543 1577 1530
586 2 2 1 23 524 1121 1339
587 2 2 1 23 525 1340 1120
588 2 2 1 23 484 1792 1582
589 2 2 1 23 731 1107 1432
590 2 2 1 23 732 1431 1108
591 2 2 1 23 502 1011 2001
592 2 2 1 23 503 2002 1012
593 2 2 1 23 686 1783 1078
594 2 2 1 23 490 963 1746
595 2 2 1 23 491 1747 964
596 2 2 1 23 610 1409 1452
597 2 2 1 23 384 1814 2400
598 2 2 1 23 708 982 1738
599 2 2 1 23 709 1739 983
600 2 2 1 23 298 1215 2412
601 2 2 1 23 272 1216 2413
602 2 2 1 23 306 1218 2414
603 2 2 1 23 280 1217 2459
604 2 2 1 23 650 1634 970
605 2 2 1 23 649 971 1633
606 2 2 1 23 700 1286 1364
607 2 2 1 23 506 1198 1902
608 2 2 1 23 704 1322 1087
609 2 2 1 23 505 1199 1901
610 2 2 1 23 194 195 1104
611 2 2 1 23 147 1568 1337
612 2 2 1 23 119 1338 1569
613 2 2 1 23 814 1474 1458
614 2 2 1 23 507 1201 1904
615 2 2 1 23 390 1540 1214
616 2 2 1 23 68 69 1678
617 2 2 1 23 743 1464 1532
618 2 2 1 23 527 1128 1343
619 2 2 1 23 526 1344 1127
620 2 2 1 23 561 1883 1197
621 2 2 1 23 496 1009 2098
622 2 2 1 23 497 2097 1010
623 2 2 1 23 84 85 992
624 2 2 1 23 695 958 1603
625 2 2 1 23 696 1604 959
626 2 2 1 23 503 1012 1924
627 2 2 1 23 502 1925 1011
628 2 2 1 23 870 1336 1626
629 2 2 1 23 834 1396 1729
630 2 2 1 23 508 1207 1903
631 2 2 1 23 717 1831 975
632 2 2 1 23 743 1070 1579
633 2 2 1 23 870 1626 1430
634 2 2 1 23 608 1424 943
635 2 2 1 23 609 944 1428
636 2 2 1 23 1179 1897 1244
637 2 2 1 23 529 1347 1136
638 2 2 1 23 530 1137 1348
639 2 2 1 23 651 923 2344
640 2 2 1 23 118 119 1569
641 2 2 1 23 147 148 1568
642 2 2 1 23 413 1102 2267
643 2 2 1 23 735 1021 1926
644 2 2 1 23 457 1115 1282
645 2 2 1 23 458 1283 1114
646 2 2 1 23 261 1059 262
647 2 2 1 23 320 1060 321
648 2 2 1 23 252 1061 253
649 2 2 1 23 243 1062 244
650 2 2 1 23 329 1063 330
651 2 2 1 23 338 1064 339
652 2 2 1 23 234 1065 235
653 2 2 1 23 367 1296 1165
654 2 2 1 23 551 1299 1204
655 2 2 1 23 552 1205 1300
656 2 2 1 23 494 972 1719
657 2 2 1 23 495 1720 973
658 2 2 1 23 1124 1342 2572
659 2 2 1 23 295 1058 296
660 2 2 1 23 782 1018 1682
661 2 2 1 23 645 974 2464
662 2 2 1 23 635 1068 1442
663 2 2 1 23 197 198 1182
664 2 2 1 23 412 2499 999
665 2 2 1 23 698 1194 1514
666 2 2 1 23 654 1113 1757
667 2 2 1 23 465 1458 1474
668 2 2 1 23 857 1197 1883
669 2 2 1 23 153 1418 1544
670 2 2 1 23 113 1543 1419
671 2 2 1 23 739 1107 1680
672 2 2 1 23 740 1681 1108
673 2 2 1 23 583 1196 1417
674 2 2 1 23 492 961 1806
675 2 2 1 23 493 1805 962
676 2 2 1 23 943 1424 1598
677 2 2 1 23 490 1809 963
678 2 2 1 23 491 964 1810
679 2 2 1 23 577 2399 1354
680 2 2 1 23 679 1930 1673
681 2 2 1 23 84 992 1263
682 2 2 1 23 181 1110 1615
683 2 2 1 23 672 1314 1143
684 2 2 1 23 671 1142 1315
685 2 2 1 23 486 1633 971
686 2 2 1 23 485 970 1634
687 2 2 1 23 413 1067 1733
688 2 2 1 23 581 1246 2407
689 2 2 1 23 652 1615 1110
690 2 2 1 23 343 1963 344
691 2 2 1 23 576 1259 1024
692 2 2 1 23 656 1818 1430
693 2 2 1 23 574 1425 1233
694 2 2 1 23 642 1512 913
695 2 2 1 23 946 2376 1785
696 2 2 1 23 218 219 1210
697 2 2 1 23 742 1847 909
698 2 2 1 23 2273 1132 1677
699 2 2 1 23 496 988 1732
700 2 2 1 23 497 1731 989
701 2 2 1 23 1144 1981 1387
702 2 2 1 23 522 1559 1045
703 2 2 1 23 229 1960 230
704 2 2 1 23 1468 1489 2457
705 2 2 1 23 1083 1276 2214
706 2 2 1 23 1084 2215 1277
707 2 2 1 23 642 913 2073
708 2 2 1 23 1081 1274 2212
709 2 2 1 23 1082 2213 1275
710 2 2 1 23 158 159 1149
711 2 2 1 23 107 108 1150
712 2 2 1 23 1079 1278 2210
713 2 2 1 23 1080 2211 1279
714 2 2 1 23 1116 1980 1636
715 2 2 1 23 944 1597 1428
716 2 2 1 23 494 1803 972
717 2 2 1 23 495 973 1802
718 2 2 1 23 579 2548 1004
719 2 2 1 23 716 1750 992
720 2 2 1 23 827 1902 1198
721 2 2 1 23 826 1901 1199
722 2 2 1 23 546 1885 1231
723 2 2 1 23 194 1104 1992
724 2 2 1 23 613 1721 967
725 2 2 1 23 829 1904 1201
726 2 2 1 23 703 1489 1468
727 2 2 1 23 710 2070 1637
728 2 2 1 23 417 1589 1031
729 2 2 1 23 457 1680 1107
730 2 2 1 23 458 1108 1681
731 2 2 1 23 418 1032 1295
732 2 2 1 23 384 927 1581
733 2 2 1 23 808 1331 1055
734 2 2 1 23 427 1327 951
735 2 2 1 23 426 952 1328
736 2 2 1 23 428 1323 953
737 2 2 1 23 429 954 1324
738 2 2 1 23 431 1326 955
739 2 2 1 23 430 956 1325
740 2 2 1 23 471 2276 1345
741 2 2 1 23 828 1903 1207
742 2 2 1 23 521 2525 927
743 2 2 1 23 643 1299 1308
744 2 2 1 23 644 1309 1300
745 2 2 1 23 424 1329 949
746 2 2 1 23 423 950 1330
747 2 2 1 23 945 1530 1577
748 2 2 1 23 783 1011 1767
749 2 2 1 23 784 1768 1012
750 2 2 1 23 708 1696 1454
751 2 2 1 23 709 1455 1697
752 2 2 1 23 412 1729 1396
753 2 2 1 23 576 1024 1265
754 2 2 1 23 888 2155 1289
755 2 2 1 23 350 1141 2066
756 2 2 1 23 767 1232 1756
757 2 2 1 23 811 1480 1321
758 2 2 1 23 697 1443 1410
759 2 2 1 23 1675 1131 2253
760 2 2 1 23 893 1290 1779
761 2 2 1 23 894 1778 1291
762 2 2 1 23 263 1267 264
763 2 2 1 23 318 1268 319
764 2 2 1 23 254 1269 255
765 2 2 1 23 245 1271 246
766 2 2 1 23 327 1270 328
767 2 2 1 23 336 1272 337
768 2 2 1 23 236 1273 237
769 2 2 1 23 747 2179 1866
770 2 2 1 23 293 1260 294
771 2 2 1 23 950 2205 1435
772 2 2 1 23 418 1426 1005
773 2 2 1 23 951 1438 2199
774 2 2 1 23 952 2200 1437
775 2 2 1 23 953 1439 2201
776 2 2 1 23 954 2202 1440
777 2 2 1 23 657 1334 1117
778 2 2 1 23 678 2528 1022
779 2 2 1 23 646 987 1654
780 2 2 1 23 516 2028 1085
781 2 2 1 23 515 1086 2029
782 2 2 1 23 388 2576 993
783 2 2 1 23 496 1797 988
784 2 2 1 23 497 989 1796
785 2 2 1 23 624 1286 1212
786 2 2 1 23 350 2066 351
787 2 2 1 23 2449 1487 626
788 2 2 1 23 461 1882 2283
789 2 2 1 23 749 2177 1864
790 2 2 1 23 748 1863 2176
791 2 2 1 23 751 2173 1862
792 2 2 1 23 750 1861 2172
793 2 2 1 23 753 2175 1859
794 2 2 1 23 752 1860 2174
795 2 2 1 23 384 2400 1465
796 2 2 1 23 927 1885 1581
797 2 2 1 23 772 2114 2237
798 2 2 1 23 575 1179 1318
799 2 2 1 23 433 1785 2376
800 2 2 1 23 755 1941 1140
801 2 2 1 23 231 1960 1606
802 2 2 1 23 388 1376 1200
803 2 2 1 23 901 1345 2276
804 2 2 1 23 686 1416 1783
805 2 2 1 23 660 1339 1121
806 2 2 1 23 659 1120 1340
807 2 2 1 23 1089 1444 1989
808 2 2 1 23 716 992 1884
809 2 2 1 23 621 1206 1212
810 2 2 1 23 432 1395 1646
811 2 2 1 23 396 1951 1015
812 2 2 1 23 342 1607 1963
813 2 2 1 23 610 998 1501
814 2 2 1 23 229 1554 1100
815 2 2 1 23 975 2446 1804
816 2 2 1 23 144 1012 1768
817 2 2 1 23 122 1767 1011
818 2 2 1 23 378 1610 1047
819 2 2 1 23 371 1048 1609
820 2 2 1 23 648 1684 1318
821 2 2 1 23 384 1926 1021
822 2 2 1 23 1090 2316 1642
823 2 2 1 23 1091 2321 1643
824 2 2 1 23 344 1103 1553
825 2 2 1 23 705 1422 1572
826 2 2 1 23 662 1343 1128
827 2 2 1 23 661 1127 1344
828 2 2 1 23 647 995 1534
829 2 2 1 23 1102 2032 2267
830 2 2 1 23 719 961 1759
831 2 2 1 23 718 1758 962
832 2 2 1 23 899 2210 1381
833 2 2 1 23 900 1382 2211
834 2 2 1 23 898 1380 2213
835 2 2 1 23 897 2212 1379
836 2 2 1 23 895 1378 2215
837 2 2 1 23 896 2214 1377
838 2 2 1 23 761 2350 875
839 2 2 1 23 762 876 2351
840 2 2 1 23 764 877 2352
841 2 2 1 23 763 2353 878
842 2 2 1 23 766 2355 879
843 2 2 1 23 765 880 2354
844 2 2 1 23 881 1231 1885
845 2 2 1 23 537 1501 998
846 2 2 1 23 589 1630 915
847 2 2 1 23 588 916 1629
848 2 2 1 23 587 917 1623
849 2 2 1 23 586 1624 918
850 2 2 1 23 544 1235 1895
851 2 2 1 23 697 1410 1195
852 2 2 1 23 1930 2333 1673
853 2 2 1 23 585 919 1620
854 2 2 1 23 584 1619 920
855 2 2 1 23 564 1040 2135
856 2 2 1 23 714 1746 963
857 2 2 1 23 715 964 1747
858 2 2 1 23 638 1308 1299
859 2 2 1 23 640 1300 1309
860 2 2 1 23 663 1136 1347
861 2 2 1 23 664 1348 1137
862 2 2 1 23 440 1362 1146
863 2 2 1 23 367 1456 1296
864 2 2 1 23 844 2167 1210
865 2 2 1 23 624 1212 1206
866 2 2 1 23 840 1401 1597
867 2 2 1 23 604 1090 1242
868 2 2 1 23 605 1243 1091
869 2 2 1 23 758 1542 1181
870 2 2 1 23 468 1425 1051
871 2 2 1 23 842 1572 1422
872 2 2 1 23 602 2329 1068
873 2 2 1 23 805 1924 1012
874 2 2 1 23 804 1011 1925
875 2 2 1 23 1050 2368 1548
876 2 2 1 23 384 1465 927
877 2 2 1 23 1031 1589 2278
878 2 2 1 23 406 1381 2210
879 2 2 1 23 407 2211 1382
880 2 2 1 23 404 2213 1380
881 2 2 1 23 405 1379 2212
882 2 2 1 23 403 2215 1378
883 2 2 1 23 402 1377 2214
884 2 2 1 23 234 1397 1065
885 2 2 1 23 339 1064 1398
886 2 2 1 23 625 1725 1458
887 2 2 1 23 421 1597 1401
888 2 2 1 23 434 1244 1144
889 2 2 1 23 488 1289 2155
890 2 2 1 23 656 1361 1818
891 2 2 1 23 611 1472 943
892 2 2 1 23 612 944 1473
893 2 2 1 23 549 1264 1537
894 2 2 1 23 770 1236 2538
895 2 2 1 23 451 1287 1332
896 2 2 1 23 842 2057 1580
897 2 2 1 23 1233 1425 2406
898 2 2 1 23 537 2190 1008
899 2 2 1 23 366 1029 1952
900 2 2 1 23 618 1427 1214
901 2 2 1 23 432 1535 1745
902 2 2 1 23 706 1719 972
903 2 2 1 23 707 973 1720
904 2 2 1 23 643 1204 1299
905 2 2 1 23 644 1300 1205
906 2 2 1 23 452 1444 1089
907 2 2 1 23 667 1122 1171
908 2 2 1 23 668 1172 1123
909 2 2 1 23 181 182 1110
910 2 2 1 23 669 1129 1174
911 2 2 1 23 670 1173 1130
912 2 2 1 23 822 1235 1303
913 2 2 1 23 665 1125 1177
914 2 2 1 23 666 1178 1126
915 2 2 1 23 674 1138 1175
916 2 2 1 23 673 1176 1139
917 2 2 1 23 17 1365 1470
918 2 2 1 23 366 1940 1029
919 2 2 1 23 685 1714 1026
920 2 2 1 23 987 1967 1256
921 2 2 1 23 579 1004 1331
922 2 2 1 23 442 1559 1928
923 2 2 1 23 648 1318 1179
924 2 2 1 23 602 1102 1635
925 2 2 1 23 1091 1659 2280
926 2 2 1 23 595 1186 2236
927 2 2 1 23 1090 1660 2282
928 2 2 1 23 725 1806 961
929 2 2 1 23 724 962 1805
930 2 2 1 23 508 933 1520
931 2 2 1 23 506 930 1556
932 2 2 1 23 516 1402 2028
933 2 2 1 23 515 2029 1403
934 2 2 1 23 505 931 1557
935 2 2 1 23 681 1165 1296
936 2 2 1 23 510 1525 936
937 2 2 1 23 509 935 1524
938 2 2 1 23 512 1527 938
939 2 2 1 23 511 937 1526
940 2 2 1 23 513 1529 939
941 2 2 1 23 514 940 1528
942 2 2 1 23 803 1994 1023
943 2 2 1 23 728 963 1809
944 2 2 1 23 729 1810 964
945 2 2 1 23 507 932 1558
946 2 2 1 23 735 1889 1021
947 2 2 1 23 797 2559 1996
948 2 2 1 23 424 949 1578
949 2 2 1 23 814 1458 1725
950 2 2 1 23 595 2236 1341
951 2 2 1 23 1101 2367 1781
952 2 2 1 23 537 1015 2190
953 2 2 1 23 293 2460 1260
954 2 2 1 23 423 2205 950
955 2 2 1 23 873 1895 1235
956 2 2 1 23 427 951 2199
957 2 2 1 23 426 2200 952
958 2 2 1 23 428 953 2201
959 2 2 1 23 429 2202 954
960 2 2 1 23 431 955 2203
961 2 2 1 23 430 2204 956
962 2 2 1 23 597 2199 1438
963 2 2 1 23 596 1437 2200
964 2 2 1 23 598 1440 2202
965 2 2 1 23 599 2201 1439
966 2 2 1 23 594 1435 2205
967 2 2 1 23 487 2332 995
968 2 2 1 23 824 1292 1231
969 2 2 1 23 122 1011 1844
970 2 2 1 23 144 1843 1012
971 2 2 1 23 183 908 2343
972 2 2 1 23 430 1325 1219
973 2 2 1 23 431 1220 1326
974 2 2 1 23 611 1598 2062
975 2 2 1 23 612 2063 1597
976 2 2 1 23 564 1547 1795
977 2 2 1 23 510 1762 1377
978 2 2 1 23 509 1378 1761
979 2 2 1 23 512 1764 1379
980 2 2 1 23 511 1380 1763
981 2 2 1 23 513 1765 1381
982 2 2 1 23 514 1382 1766
983 2 2 1 23 350 1531 1141
984 2 2 1 23 843 1259 1929
985 2 2 1 23 858 1318 1684
986 2 2 1 23 677 2134 1200
987 2 2 1 23 370 1514 1194
988 2 2 1 23 428 1224 1323
989 2 2 1 23 429 1324 1223
990 2 2 1 23 206 207 1464
991 2 2 1 23 522 1045 1838
992 2 2 1 23 427 1225 1327
993 2 2 1 23 426 1328 1226
994 2 2 1 23 424 1228 1329
995 2 2 1 23 423 1330 1229
996 2 2 1 23 869 1760 1452
997 2 2 1 23 385 1775 934
998 2 2 1 23 158 1149 1828
999 2 2 1 23 108 1827 1150
1000 2 2 1 23 327 2423 1270
1001 2 2 1 23 246 1271 2422
1002 2 2 1 23 336 2424 1272
1003 2 2 1 23 237 1273 2425
1004 2 2 1 23 318 2421 1268
1005 2 2 1 23 255 1269 2420
1006 2 2 1 23 712 1732 988
1007 2 2 1 23 711 989 1731
1008 2 2 1 23 281 1298 282
1009 2 2 1 23 291 1297 292
1010 2 2 1 23 264 1267 2415
1011 2 2 1 23 198 1912 1182
1012 2 2 1 23 524 1619 976
1013 2 2 1 23 525 977 1620
1014 2 2 1 23 417 1164 1589
1015 2 2 1 23 413 1733 1239
1016 2 2 1 23 591 1118 1735
1017 2 2 1 23 590 1736 1119
1018 2 2 1 23 735 1319 1575
1019 2 2 1 23 722 972 1803
1020 2 2 1 23 723 1802 973
1021 2 2 1 23 526 978 1623
1022 2 2 1 23 527 1624 979
1023 2 2 1 23 1949 2333 1400
1024 2 2 1 23 529 980 1629
1025 2 2 1 23 530 1630 981
1026 2 2 1 23 576 1929 1259
1027 2 2 1 23 708 2064 982
1028 2 2 1 23 709 983 2065
1029 2 2 1 23 551 1114 1299
1030 2 2 1 23 552 1300 1115
1031 2 2 1 23 203 204 1133
1032 2 2 1 23 353 1948 2364
1033 2 2 1 23 575 990 1897
1034 2 2 1 23 826 1199 1886
1035 2 2 1 23 532 1522 985
1036 2 2 1 23 531 984 1523
1037 2 2 1 23 786 1537 1264
1038 2 2 1 23 625 1560 1005
1039 2 2 1 23 361 1900 1145
1040 2 2 1 23 901 1453 1345
1041 2 2 1 23 608 1132 2273
1042 2 2 1 23 1449 2494 637
1043 2 2 1 23 698 2160 1387
1044 2 2 1 23 745 2284 1046
1045 2 2 1 23 645 2152 974
1046 2 2 1 23 347 1586 1789
1047 2 2 1 23 789 1992 1104
1048 2 2 1 23 1111 2538 1236
1049 2 2 1 23 580 1164 1492
1050 2 2 1 23 226 1788 1583
1051 2 2 1 23 521 1602 1117
1052 2 2 1 23 925 1590 2045
1053 2 2 1 23 926 2046 1591
1054 2 2 1 23 701 2164 1640
1055 2 2 1 23 414 1050 1352
1056 2 2 1 23 685 1026 1979
1057 2 2 1 23 2494 1234 637
1058 2 2 1 23 584 1219 1931
1059 2 2 1 23 585 1932 1220
1060 2 2 1 23 809 1589 2077
1061 2 2 1 23 928 2043 1587
1062 2 2 1 23 929 1588 2044
1063 2 2 1 23 1131 609 2253
1064 2 2 1 23 1030 1471 1829
1065 2 2 1 23 232 1606 1793
1066 2 2 1 23 341 1794 1607
1067 2 2 1 23 800 1055 1995
1068 2 2 1 23 625 1005 1655
1069 2 2 1 23 604 2316 1090
1070 2 2 1 23 591 1735 2127
1071 2 2 1 23 80 81 1109
1072 2 2 1 23 590 2131 1736
1073 2 2 1 23 607 2321 1091
1074 2 2 1 23 602 1068 2334
1075 2 2 1 23 802 1663 1147
1076 2 2 1 23 1400 2333 852
1077 2 2 1 23 738 1870 1041
1078 2 2 1 23 637 1087 1322
1079 2 2 1 23 823 1608 1146
1080 2 2 1 23 941 2050 1593
1081 2 2 1 23 942 1594 2051
1082 2 2 1 23 904 1165 2246
1083 2 2 1 23 586 1223 1938
1084 2 2 1 23 587 1939 1224
1085 2 2 1 23 613 1814 1021
1086 2 2 1 23 1181 2512 1596
1087 2 2 1 23 487 995 1502
1088 2 2 1 23 693 925 1910
1089 2 2 1 23 694 1911 926
1090 2 2 1 23 399 1886 1199
1091 2 2 1 23 640 1282 1115
1092 2 2 1 23 638 1114 1283
1093 2 2 1 23 732 1406 1042
1094 2 2 1 23 731 1043 1407
1095 2 2 1 23 1387 2160 2373
1096 2 2 1 23 732 1042 1749
1097 2 2 1 23 731 1748 1043
1098 2 2 1 23 1022 2528 1384
1099 2 2 1 23 867 1931 1219
1100 2 2 1 23 866 1220 1932
1101 2 2 1 23 687 1332 1287
1102 2 2 1 23 1059 1709 2257
1103 2 2 1 23 689 1906 928
1104 2 2 1 23 690 929 1907
1105 2 2 1 23 548 2275 1434
1106 2 2 1 23 827 1198 1734
1107 2 2 1 23 482 1452 1760
1108 2 2 1 23 1061 1711 2259
1109 2 2 1 23 1060 2260 1710
1110 2 2 1 23 1062 1712 2261
1111 2 2 1 23 1063 2262 1713
1112 2 2 1 23 589 1226 1944
1113 2 2 1 23 588 1943 1225
1114 2 2 1 23 72 1421 1028
1115 2 2 1 23 605 1091 2280
1116 2 2 1 23 606 1090 2282
1117 2 2 1 23 590 1945 1228
1118 2 2 1 23 591 1229 1946
1119 2 2 1 23 550 1067 1842
1120 2 2 1 23 828 1207 1737
1121 2 2 1 23 537 1744 1015
1122 2 2 1 23 902 2564 1458
1123 2 2 1 23 609 1047 1610
1124 2 2 1 23 608 1609 1048
1125 2 2 1 23 958 2054 1603
1126 2 2 1 23 959 1604 2053
1127 2 2 1 23 378 2145 1748
1128 2 2 1 23 371 1749 2144
1129 2 2 1 23 829 1201 1881
1130 2 2 1 23 839 2062 1598
1131 2 2 1 23 840 1597 2063
1132 2 2 1 23 696 1915 1056
1133 2 2 1 23 695 1057 1914
1134 2 2 1 23 637 1722 1449
1135 2 2 1 23 691 1908 941
1136 2 2 1 23 692 942 1909
1137 2 2 1 23 865 1938 1223
1138 2 2 1 23 864 1224 1939
1139 2 2 1 23 490 1906 1076
1140 2 2 1 23 491 1077 1907
1141 2 2 1 23 653 1030 1824
1142 2 2 1 23 602 1420 2329
1143 2 2 1 23 947 1898 1543
1144 2 2 1 23 948 1544 1899
1145 2 2 1 23 652 1536 1066
1146 2 2 1 23 653 1471 1030
1147 2 2 1 23 770 1296 1456
1148 2 2 1 23 230 1960 231
1149 2 2 1 23 492 1075 1910
1150 2 2 1 23 493 1911 1074
1151 2 2 1 23 592 1337 2542
1152 2 2 1 23 593 2543 1338
1153 2 2 1 23 608 943 1609
1154 2 2 1 23 609 1610 944
1155 2 2 1 23 742 2006 1203
1156 2 2 1 23 884 1449 1722
1157 2 2 1 23 161 1617 982
1158 2 2 1 23 105 983 1616
1159 2 2 1 23 621 1444 1206
1160 2 2 1 23 693 1703 1662
1161 2 2 1 23 694 1661 1702
1162 2 2 1 23 528 1995 1055
1163 2 2 1 23 896 1377 1762
1164 2 2 1 23 895 1761 1378
1165 2 2 1 23 897 1379 1764
1166 2 2 1 23 898 1763 1380
1167 2 2 1 23 899 1381 1765
1168 2 2 1 23 900 1766 1382
1169 2 2 1 23 689 1656 1699
1170 2 2 1 23 690 1700 1657
1171 2 2 1 23 457 1407 1115
1172 2 2 1 23 458 1114 1406
1173 2 2 1 23 613 1953 1814
1174 2 2 1 23 861 1944 1226
1175 2 2 1 23 860 1225 1943
1176 2 2 1 23 950 1435 2514
1177 2 2 1 23 951 2510 1438
1178 2 2 1 23 952 1437 2511
1179 2 2 1 23 953 2508 1439
1180 2 2 1 23 954 1440 2509
1181 2 2 1 23 692 1909 1071
1182 2 2 1 23 691 1072 1908
1183 2 2 1 23 494 1908 1072
1184 2 2 1 23 495 1071 1909
1185 2 2 1 23 520 1070 1784
1186 2 2 1 23 191 1041 1978
1187 2 2 1 23 863 1228 1945
1188 2 2 1 23 862 1946 1229
1189 2 2 1 23 2542 1337 1568
1190 2 2 1 23 2543 1569 1338
1191 2 2 1 23 550 1733 1067
1192 2 2 1 23 342 1963 343
1193 2 2 1 23 85 1884 992
1194 2 2 1 23 71 1028 1446
1195 2 2 1 23 689 1076 1906
1196 2 2 1 23 690 1907 1077
1197 2 2 1 23 694 1074 1911
1198 2 2 1 23 693 1910 1075
1199 2 2 1 23 574 1051 1425
1200 2 2 1 23 695 1914 958
1201 2 2 1 23 696 959 1915
1202 2 2 1 23 651 1972 923
1203 2 2 1 23 1058 2281 1693
1204 2 2 1 23 433 2006 1785
1205 2 2 1 23 728 1570 963
1206 2 2 1 23 729 964 1571
1207 2 2 1 23 609 1549 1047
1208 2 2 1 23 608 1048 1550
1209 2 2 1 23 2512 415 1596
1210 2 2 1 23 275 1481 1033
1211 2 2 1 23 301 1482 1034
1212 2 2 1 23 267 1483 1035
1213 2 2 1 23 746 1366 1051
1214 2 2 1 23 309 1484 1036
1215 2 2 1 23 691 1645 1695
1216 2 2 1 23 692 1694 1644
1217 2 2 1 23 711 1463 1213
1218 2 2 1 23 439 970 1697
1219 2 2 1 23 438 1696 971
1220 2 2 1 23 418 1005 1560
1221 2 2 1 23 448 1002 1852
1222 2 2 1 23 447 1853 1003
1223 2 2 1 23 678 1022 1717
1224 2 2 1 23 445 1849 1000
1225 2 2 1 23 446 1001 1850
1226 2 2 1 23 574 1203 1555
1227 2 2 1 23 686 1078 1858
1228 2 2 1 23 594 2257 1709
1229 2 2 1 23 645 2464 1515
1230 2 2 1 23 381 2044 1588
1231 2 2 1 23 374 1587 2043
1232 2 2 1 23 380 2045 1590
1233 2 2 1 23 373 1591 2046
1234 2 2 1 23 596 2259 1711
1235 2 2 1 23 597 1710 2260
1236 2 2 1 23 598 2261 1712
1237 2 2 1 23 599 1713 2262
1238 2 2 1 23 496 1914 1057
1239 2 2 1 23 497 1056 1915
1240 2 2 1 23 806 1989 1444
1241 2 2 1 23 801 1024 1948
1242 2 2 1 23 890 1745 1535
1243 2 2 1 23 876 2290 1186
1244 2 2 1 23 875 1187 2289
1245 2 2 1 23 878 1188 2292
1246 2 2 1 23 877 2291 1189
1247 2 2 1 23 880 2294 1190
1248 2 2 1 23 879 1191 2293
1249 2 2 1 23 444 1856 1006
1250 2 2 1 23 443 1007 1857
1251 2 2 1 23 622 1923 997
1252 2 2 1 23 1016 1485 2347
1253 2 2 1 23 1017 2348 1486
1254 2 2 1 23 809 1365 1858
1255 2 2 1 23 665 1177 1347
1256 2 2 1 23 666 1348 1178
1257 2 2 1 23 375 1593 2050
1258 2 2 1 23 382 2051 1594
1259 2 2 1 23 281 2459 1298
1260 2 2 1 23 292 1297 2460
1261 2 2 1 23 161 982 2064
1262 2 2 1 23 105 2065 983
1263 2 2 1 23 794 2093 1016
1264 2 2 1 23 483 2245 1040
1265 2 2 1 23 651 2344 1238
1266 2 2 1 23 725 961 1639
1267 2 2 1 23 724 1638 962
1268 2 2 1 23 795 1017 2094
1269 2 2 1 23 548 1434 1988
1270 2 2 1 23 667 1171 1344
1271 2 2 1 23 668 1343 1172
1272 2 2 1 23 276 1033 1692
1273 2 2 1 23 310 1036 1676
1274 2 2 1 23 695 1622 1687
1275 2 2 1 23 696 1686 1621
1276 2 2 1 23 302 1034 1690
1277 2 2 1 23 268 1035 1691
1278 2 2 1 23 455 1025 1451
1279 2 2 1 23 559 1547 1032
1280 2 2 1 23 435 1409 2149
1281 2 2 1 23 703 994 1489
1282 2 2 1 23 449 1769 2269
1283 2 2 1 23 450 2268 1770
1284 2 2 1 23 669 1174 1340
1285 2 2 1 23 670 1339 1173
1286 2 2 1 23 398 1881 1201
1287 2 2 1 23 1015 1951 2190
1288 2 2 1 23 653 2367 1101
1289 2 2 1 23 376 1603 2054
1290 2 2 1 23 383 2053 1604
1291 2 2 1 23 681 2246 1165
1292 2 2 1 23 506 2393 930
1293 2 2 1 23 505 2392 931
1294 2 2 1 23 440 1212 1286
1295 2 2 1 23 915 1630 1977
1296 2 2 1 23 916 1976 1629
1297 2 2 1 23 480 1984 1545
1298 2 2 1 23 507 2395 932
1299 2 2 1 23 508 2394 933
1300 2 2 1 23 893 1568 2216
1301 2 2 1 23 894 2217 1569
1302 2 2 1 23 673 1334 1176
1303 2 2 1 23 674 1175 1335
1304 2 2 1 23 696 1056 1686
1305 2 2 1 23 695 1687 1057
1306 2 2 1 23 719 1752 961
1307 2 2 1 23 718 962 1751
1308 2 2 1 23 756 1182 1412
1309 2 2 1 23 440 1013 2164
1310 2 2 1 23 714 963 1790
1311 2 2 1 23 715 1791 964
1312 2 2 1 23 602 1635 1289
1313 2 2 1 23 613 1021 1721
1314 2 2 1 23 722 1648 972
1315 2 2 1 23 723 973 1647
1316 2 2 1 23 917 1971 1623
1317 2 2 1 23 918 1624 1970
1318 2 2 1 23 516 1085 2221
1319 2 2 1 23 515 2222 1086
1320 2 2 1 23 524 976 1621
1321 2 2 1 23 525 1622 977
1322 2 2 1 23 452 1089 1595
1323 2 2 1 23 481 1546 1986
1324 2 2 1 23 991 1599 2256
1325 2 2 1 23 523 1028 1640
1326 2 2 1 23 406 2443 1381
1327 2 2 1 23 407 1382 2444
1328 2 2 1 23 404 1380 2441
1329 2 2 1 23 405 2442 1379
1330 2 2 1 23 403 1378 2439
1331 2 2 1 23 402 2440 1377
1332 2 2 1 23 352 1948 353
1333 2 2 1 23 526 1645 978
1334 2 2 1 23 527 979 1644
1335 2 2 1 23 1214 1427 2487
1336 2 2 1 23 998 1505 2448
1337 2 2 1 23 1043 1748 2145
1338 2 2 1 23 1042 2144 1749
1339 2 2 1 23 411 1349 1085
1340 2 2 1 23 410 1086 1350
1341 2 2 1 23 529 1656 980
1342 2 2 1 23 530 981 1657
1343 2 2 1 23 687 2182 1025
1344 2 2 1 23 717 2523 1030
1345 2 2 1 23 360 1900 361
1346 2 2 1 23 534 2132 1105
1347 2 2 1 23 535 1106 2133
1348 2 2 1 23 531 1661 984
1349 2 2 1 23 532 985 1662
1350 2 2 1 23 919 1959 1620
1351 2 2 1 23 920 1619 1958
1352 2 2 1 23 692 1071 1694
1353 2 2 1 23 691 1695 1072
1354 2 2 1 23 456 1471 1101
1355 2 2 1 23 523 1689 1028
1356 2 2 1 23 562 2178 1073
1357 2 2 1 23 720 1796 1727
1358 2 2 1 23 721 1728 1797
1359 2 2 1 23 965 2459 1217
1360 2 2 1 23 698 1981 1194
1361 2 2 1 23 416 1039 1417
1362 2 2 1 23 743 1784 1070
1363 2 2 1 23 378 1047 2145
1364 2 2 1 23 371 2144 1048
1365 2 2 1 23 706 972 1823
1366 2 2 1 23 707 1822 973
1367 2 2 1 23 837 1306 1346
1368 2 2 1 23 694 1702 1074
1369 2 2 1 23 693 1075 1703
1370 2 2 1 23 705 1572 1193
1371 2 2 1 23 500 1955 1605
1372 2 2 1 23 689 1699 1076
1373 2 2 1 23 690 1077 1700
1374 2 2 1 23 744 2190 1951
1375 2 2 1 23 1026 1714 2391
1376 2 2 1 23 836 1200 2134
1377 2 2 1 23 809 1470 1365
1378 2 2 1 23 807 1637 2070
1379 2 2 1 23 876 1186 1436
1380 2 2 1 23 875 1435 1187
1381 2 2 1 23 878 1437 1188
1382 2 2 1 23 877 1189 1438
1383 2 2 1 23 880 1190 1439
1384 2 2 1 23 879 1440 1191
1385 2 2 1 23 1316 2197 2330
1386 2 2 1 23 379 1016 2478
1387 2 2 1 23 372 2479 1017
1388 2 2 1 23 396 1015 1753
1389 2 2 1 23 485 1739 970
1390 2 2 1 23 486 971 1738
1391 2 2 1 23 195 1462 1104
1392 2 2 1 23 989 1727 1796
1393 2 2 1 23 988 1797 1728
1394 2 2 1 23 90 91 1262
1395 2 2 1 23 175 176 1261
1396 2 2 1 23 845 2197 1316
1397 2 2 1 23 720 1262 1478
1398 2 2 1 23 721 1477 1261
1399 2 2 1 23 647 1502 995
1400 2 2 1 23 1065 1397 2263
1401 2 2 1 23 1064 2264 1398
1402 2 2 1 23 504 1447 2330
1403 2 2 1 23 627 1088 1520
1404 2 2 1 23 786 1070 2154
1405 2 2 1 23 509 2082 935
1406 2 2 1 23 510 936 2083
1407 2 2 1 23 511 2084 937
1408 2 2 1 23 512 938 2085
1409 2 2 1 23 513 939 2086
1410 2 2 1 23 514 2087 940
1411 2 2 1 23 439 1455 1205
1412 2 2 1 23 438 1204 1454
1413 2 2 1 23 687 1025 2369
1414 2 2 1 23 735 1575 1889
1415 2 2 1 23 657 1176 1334
1416 2 2 1 23 658 1335 1175
1417 2 2 1 23 930 2412 1215
1418 2 2 1 23 931 2413 1216
1419 2 2 1 23 435 2165 1726
1420 2 2 1 23 932 2414 1218
1421 2 2 1 23 536 1592 1027
1422 2 2 1 23 801 1141 1354
1423 2 2 1 23 483 1040 1625
1424 2 2 1 23 378 1473 1610
1425 2 2 1 23 371 1609 1472
1426 2 2 1 23 1163 1947 1905
1427 2 2 1 23 615 1516 1166
1428 2 2 1 23 520 2154 1070
1429 2 2 1 23 629 1092 1524
1430 2 2 1 23 628 1525 1093
1431 2 2 1 23 631 1094 1526
1432 2 2 1 23 630 1527 1095
1433 2 2 1 23 633 1096 1528
1434 2 2 1 23 632 1529 1097
1435 2 2 1 23 444 1006 2191
1436 2 2 1 23 443 2192 1007
1437 2 2 1 23 616 1517 1167
1438 2 2 1 23 1046 2284 1163
1439 2 2 1 23 969 2269 1769
1440 2 2 1 23 968 1770 2268
1441 2 2 1 23 468 1826 1632
1442 2 2 1 23 635 2334 1068
1443 2 2 1 23 723 1294 1500
1444 2 2 1 23 722 1499 1293
1445 2 2 1 23 445 1000 2223
1446 2 2 1 23 446 2224 1001
1447 2 2 1 23 400 1734 1198
1448 2 2 1 23 411 2295 1134
1449 2 2 1 23 410 1135 2296
1450 2 2 1 23 411 2496 2295
1451 2 2 1 23 410 2296 2495
1452 2 2 1 23 758 1158 1457
1453 2 2 1 23 467 1756 1232
1454 2 2 1 23 401 1737 1207
1455 2 2 1 23 724 1518 1304
1456 2 2 1 23 725 1305 1519
1457 2 2 1 23 613 2162 1476
1458 2 2 1 23 1122 2307 1171
1459 2 2 1 23 1123 1172 2306
1460 2 2 1 23 712 988 1821
1461 2 2 1 23 711 1820 989
1462 2 2 1 23 1023 2041 2186
1463 2 2 1 23 659 1340 1174
1464 2 2 1 23 660 1173 1339
1465 2 2 1 23 448 2235 1002
1466 2 2 1 23 447 1003 2234
1467 2 2 1 23 728 1510 1301
1468 2 2 1 23 729 1302 1511
1469 2 2 1 23 564 2135 1295
1470 2 2 1 23 1129 2308 1174
1471 2 2 1 23 1130 1173 2309
1472 2 2 1 23 624 1206 1404
1473 2 2 1 23 203 1133 1950
1474 2 2 1 23 703 2101 994
1475 2 2 1 23 1125 2302 1177
1476 2 2 1 23 1126 1178 2301
1477 2 2 1 23 699 1580 2057
1478 2 2 1 23 739 1680 1573
1479 2 2 1 23 740 1574 1681
1480 2 2 1 23 570 2106 1122
1481 2 2 1 23 571 1123 2107
1482 2 2 1 23 638 1299 1114
1483 2 2 1 23 640 1115 1300
1484 2 2 1 23 2281 614 1693
1485 2 2 1 23 1138 2311 1175
1486 2 2 1 23 1139 1176 2310
1487 2 2 1 23 566 2108 1129
1488 2 2 1 23 567 1130 2109
1489 2 2 1 23 572 2111 1125
1490 2 2 1 23 573 1126 2110
1491 2 2 1 23 544 1895 1413
1492 2 2 1 23 1009 1705 1928
1493 2 2 1 23 543 2256 1599
1494 2 2 1 23 569 1139 2112
1495 2 2 1 23 568 2113 1138
1496 2 2 1 23 662 1172 1343
1497 2 2 1 23 661 1344 1171
1498 2 2 1 23 500 1605 1018
1499 2 2 1 23 1705 442 1928
1500 2 2 1 23 786 2154 1052
1501 2 2 1 23 663 1347 1177
1502 2 2 1 23 664 1178 1348
1503 2 2 1 23 221 222 1449
1504 2 2 1 23 930 1215 1556
1505 2 2 1 23 655 2135 1040
1506 2 2 1 23 931 1216 1557
1507 2 2 1 23 396 1049 1755
1508 2 2 1 23 472 2365 1673
1509 2 2 1 23 932 1218 1558
1510 2 2 1 23 823 1146 2186
1511 2 2 1 23 773 1677 1198
1512 2 2 1 23 841 1405 2317
1513 2 2 1 23 459 1193 1572
1514 2 2 1 23 848 2159 1211
1515 2 2 1 23 653 1101 1471
1516 2 2 1 23 75 76 1197
1517 2 2 1 23 155 156 1208
1518 2 2 1 23 110 111 1209
1519 2 2 1 23 800 2218 1055
1520 2 2 1 23 575 2265 1456
1521 2 2 1 23 1008 2149 1409
1522 2 2 1 23 641 1543 1898
1523 2 2 1 23 639 1899 1544
1524 2 2 1 23 997 2229 1399
1525 2 2 1 23 379 2287 1019
1526 2 2 1 23 372 1020 2288
1527 2 2 1 23 422 1090 1642
1528 2 2 1 23 515 1918 965
1529 2 2 1 23 516 966 1917
1530 2 2 1 23 425 1091 1643
1531 2 2 1 23 1605 1955 2461
1532 2 2 1 23 620 1445 1565
1533 2 2 1 23 786 2143 1070
1534 2 2 1 23 425 1659 1091
1535 2 2 1 23 422 1660 1090
1536 2 2 1 23 351 2066 352
1537 2 2 1 23 1005 1955 1655
1538 2 2 1 23 816 2226 1155
1539 2 2 1 23 581 1147 1384
1540 2 2 1 23 615 1216 2183
1541 2 2 1 23 616 1218 2184
1542 2 2 1 23 388 1364 2576
1543 2 2 1 23 530 1977 1630
1544 2 2 1 23 529 1629 1976
1545 2 2 1 23 747 1735 1207
1546 2 2 1 23 384 1021 1814
1547 2 2 1 23 754 1098 1954
1548 2 2 1 23 1961 515 965
1549 2 2 1 23 434 1385 1179
1550 2 2 1 23 224 1258 225
1551 2 2 1 23 20 1531 350
1552 2 2 1 23 808 1055 2497
1553 2 2 1 23 1008 1409 1501
1554 2 2 1 23 402 2214 1276
1555 2 2 1 23 403 1277 2215
1556 2 2 1 23 1431 1749 2571
1557 2 2 1 23 1432 2570 1748
1558 2 2 1 23 454 1722 1322
1559 2 2 1 23 405 2212 1274
1560 2 2 1 23 404 1275 2213
1561 2 2 1 23 817 1105 2132
1562 2 2 1 23 818 2133 1106
1563 2 2 1 23 233 1397 234
1564 2 2 1 23 339 1398 340
1565 2 2 1 23 406 2210 1278
1566 2 2 1 23 407 1279 2211
1567 2 2 1 23 819 2227 1156
1568 2 2 1 23 389 1044 1601
1569 2 2 1 23 820 2228 1157
1570 2 2 1 23 1654 1962 646
1571 2 2 1 23 555 1241 1819
1572 2 2 1 23 526 1623 1971
1573 2 2 1 23 527 1970 1624
1574 2 2 1 23 440 1146 1608
1575 2 2 1 23 613 1476 1953
1576 2 2 1 23 987 1919 1654
1577 2 2 1 23 516 1718 966
1578 2 2 1 23 413 2267 1067
1579 2 2 1 23 517 1858 1078
1580 2 2 1 23 815 2208 1160
1581 2 2 1 23 472 1427 2365
1582 2 2 1 23 400 1198 1677
1583 2 2 1 23 537 1008 1501
1584 2 2 1 23 418 1295 1426
1585 2 2 1 23 191 1730 1041
1586 2 2 1 23 1040 2245 1202
1587 2 2 1 23 522 1335 1559
1588 2 2 1 23 525 1620 1959
1589 2 2 1 23 524 1958 1619
1590 2 2 1 23 738 1459 1467
1591 2 2 1 23 635 1102 2334
1592 2 2 1 23 1196 2060 1417
1593 2 2 1 23 401 1207 1735
1594 2 2 1 23 221 1449 2358
1595 2 2 1 23 936 1525 1268
1596 2 2 1 23 935 1269 1524
1597 2 2 1 23 938 1527 1270
1598 2 2 1 23 937 1271 1526
1599 2 2 1 23 939 1529 1272
1600 2 2 1 23 940 1273 1528
1601 2 2 1 23 1235 2251 1303
1602 2 2 1 23 1054 1962 1654
1603 2 2 1 23 549 1044 2016
1604 2 2 1 23 933 1267 1520
1605 2 2 1 23 823 2186 2041
1606 2 2 1 23 652 1110 1990
1607 2 2 1 23 603 1451 2182
1608 2 2 1 23 617 1217 2166
1609 2 2 1 23 201 202 1237
1610 2 2 1 23 346 1586 347
1611 2 2 1 23 783 1767 1538
1612 2 2 1 23 784 1539 1768
1613 2 2 1 23 226 1583 227
1614 2 2 1 23 520 1831 1098
1615 2 2 1 23 204 1423 1133
1616 2 2 1 23 745 1046 2434
1617 2 2 1 23 2158 508 1520
1618 2 2 1 23 348 1288 349
1619 2 2 1 23 1113 2056 1757
1620 2 2 1 23 500 1655 1955
1621 2 2 1 23 842 1227 1572
1622 2 2 1 23 809 1858 2278
1623 2 2 1 23 738 1041 1730
1624 2 2 1 23 520 1098 1848
1625 2 2 1 23 1156 2526 1517
1626 2 2 1 23 1157 2527 1516
1627 2 2 1 23 73 1503 1421
1628 2 2 1 23 677 1509 1169
1629 2 2 1 23 682 1716 1257
1630 2 2 1 23 215 1068 2329
1631 2 2 1 23 385 1154 1775
1632 2 2 1 23 735 1014 1740
1633 2 2 1 23 995 1476 1534
1634 2 2 1 23 771 1950 1133
1635 2 2 1 23 344 1553 345
1636 2 2 1 23 228 1554 229
1637 2 2 1 23 501 1285 1521
1638 2 2 1 23 687 1601 1332
1639 2 2 1 23 557 1817 1255
1640 2 2 1 23 993 2170 2462
1641 2 2 1 23 541 1890 2305
1642 2 2 1 23 594 1709 1187
1643 2 2 1 23 596 1711 1188
1644 2 2 1 23 597 1189 1710
1645 2 2 1 23 598 1712 1191
1646 2 2 1 23 599 1190 1713
1647 2 2 1 23 540 1892 2313
1648 2 2 1 23 789 1467 1459
1649 2 2 1 23 578 1346 2185
1650 2 2 1 23 561 2186 1146
1651 2 2 1 23 460 1070 2143
1652 2 2 1 23 456 1954 1098
1653 2 2 1 23 1632 1826 2451
1654 2 2 1 23 643 1149 1454
1655 2 2 1 23 644 1455 1150
1656 2 2 1 23 231 1606 232
1657 2 2 1 23 352 2066 1948
1658 2 2 1 23 341 1607 342
1659 2 2 1 23 652 1066 1615
1660 2 2 1 23 836 1333 1652
1661 2 2 1 23 386 1116 1704
1662 2 2 1 23 391 1724 2031
1663 2 2 1 23 619 1706 1408
1664 2 2 1 23 993 1404 2170
1665 2 2 1 23 545 1104 1894
1666 2 2 1 23 626 1487 1210
1667 2 2 1 23 396 1753 1049
1668 2 2 1 23 490 1076 1809
1669 2 2 1 23 491 1810 1077
1670 2 2 1 23 466 1169 1509
1671 2 2 1 23 2303 1799 553
1672 2 2 1 23 157 1308 1845
1673 2 2 1 23 109 1846 1309
1674 2 2 1 23 600 2263 1397
1675 2 2 1 23 601 1398 2264
1676 2 2 1 23 434 1144 1387
1677 2 2 1 23 211 1030 2523
1678 2 2 1 23 414 1027 1913
1679 2 2 1 23 615 2183 1374
1680 2 2 1 23 616 2184 1375
1681 2 2 1 23 454 1411 1722
1682 2 2 1 23 655 1202 1683
1683 2 2 1 23 518 1654 1919
1684 2 2 1 23 818 2145 1047
1685 2 2 1 23 817 1048 2144
1686 2 2 1 23 492 1806 1075
1687 2 2 1 23 493 1074 1805
1688 2 2 1 23 385 1346 1306
1689 2 2 1 23 436 1211 2159
1690 2 2 1 23 2231 1556 614
1691 2 2 1 23 452 1404 1206
1692 2 2 1 23 882 1714 2031
1693 2 2 1 23 841 2317 2209
1694 2 2 1 23 577 1354 1141
1695 2 2 1 23 786 1052 2052
1696 2 2 1 23 459 1572 1227
1697 2 2 1 23 523 1652 1333
1698 2 2 1 23 211 1824 1030
1699 2 2 1 23 69 1800 1087
1700 2 2 1 23 494 1072 1803
1701 2 2 1 23 495 1802 1071
1702 2 2 1 23 549 1987 1044
1703 2 2 1 23 2270 506 1556
1704 2 2 1 23 192 1459 1730
1705 2 2 1 23 212 213 1469
1706 2 2 1 23 2271 505 1557
1707 2 2 1 23 617 1961 1217
1708 2 2 1 23 844 1210 1487
1709 2 2 1 23 2272 507 1558
1710 2 2 1 23 1429 2285 2041
1711 2 2 1 23 1025 2182 1451
1712 2 2 1 23 680 1412 1182
1713 2 2 1 23 735 1926 1014
1714 2 2 1 23 812 1194 2014
1715 2 2 1 23 1088 2158 1520
1716 2 2 1 23 535 2020 1106
1717 2 2 1 23 534 1105 2021
1718 2 2 1 23 556 1140 1941
1719 2 2 1 23 645 1618 1185
1720 2 2 1 23 860 1122 2106
1721 2 2 1 23 861 2107 1123
1722 2 2 1 23 545 2000 1104
1723 2 2 1 23 864 1129 2108
1724 2 2 1 23 865 2109 1130
1725 2 2 1 23 863 1125 2111
1726 2 2 1 23 862 2110 1126
1727 2 2 1 23 699 1069 1580
1728 2 2 1 23 867 2112 1139
1729 2 2 1 23 866 1138 2113
1730 2 2 1 23 17 366 1952
1731 2 2 1 23 437 1195 1410
1732 2 2 1 23 577 1141 1531
1733 2 2 1 23 86 87 1213
1734 2 2 1 23 636 1395 1460
1735 2 2 1 23 927 1465 1602
1736 2 2 1 23 490 1746 1000
1737 2 2 1 23 491 1001 1747
1738 2 2 1 23 494 1719 1006
1739 2 2 1 23 495 1007 1720
1740 2 2 1 23 420 2231 1222
1741 2 2 1 23 442 2486 1045
1742 2 2 1 23 199 1373 1912
1743 2 2 1 23 1147 1663 2390
1744 2 2 1 23 716 1884 1213
1745 2 2 1 23 637 1678 1087
1746 2 2 1 23 452 1595 1246
1747 2 2 1 23 539 1155 2226
1748 2 2 1 23 551 2318 1042
1749 2 2 1 23 552 1043 2319
1750 2 2 1 23 387 1457 1158
1751 2 2 1 23 492 1002 1759
1752 2 2 1 23 493 1758 1003
1753 2 2 1 23 754 1947 1052
1754 2 2 1 23 626 1210 2450
1755 2 2 1 23 838 2363 2366
1756 2 2 1 23 617 2166 1383
1757 2 2 1 23 906 1584 1813
1758 2 2 1 23 905 1812 1585
1759 2 2 1 23 440 1608 1212
1760 2 2 1 23 966 1260 2460
1761 2 2 1 23 374 1171 2307
1762 2 2 1 23 381 2306 1172
1763 2 2 1 23 1041 1870 1988
1764 2 2 1 23 654 1679 1113
1765 2 2 1 23 541 1156 2227
1766 2 2 1 23 540 1157 2228
1767 2 2 1 23 497 1010 1731
1768 2 2 1 23 496 1732 1009
1769 2 2 1 23 547 1163 1905
1770 2 2 1 23 213 2239 1469
1771 2 2 1 23 375 1174 2308
1772 2 2 1 23 382 2309 1173
1773 2 2 1 23 496 1057 1797
1774 2 2 1 23 497 1796 1056
1775 2 2 1 23 737 1509 1376
1776 2 2 1 23 699 1855 1069
1777 2 2 1 23 634 1260 1718
1778 2 2 1 23 685 1410 1443
1779 2 2 1 23 373 1177 2302
1780 2 2 1 23 380 2301 1178
1781 2 2 1 23 557 1546 1817
1782 2 2 1 23 542 1160 2208
1783 2 2 1 23 789 1104 2000
1784 2 2 1 23 653 1433 2367
1785 2 2 1 23 376 1175 2311
1786 2 2 1 23 383 2310 1176
1787 2 2 1 23 903 1451 2532
1788 2 2 1 23 710 1592 2070
1789 2 2 1 23 379 1019 1566
1790 2 2 1 23 372 1567 1020
1791 2 2 1 23 499 1107 1778
1792 2 2 1 23 498 1779 1108
1793 2 2 1 23 455 1069 1855
1794 2 2 1 23 2470 1612 470
1795 2 2 1 23 192 193 1459
1796 2 2 1 23 1408 1706 2463
1797 2 2 1 23 580 1589 1164
1798 2 2 1 23 455 1855 1025
1799 2 2 1 23 1436 2541 2513
1800 2 2 1 23 178 1997 1821
1801 2 2 1 23 1430 1994 2312
1802 2 2 1 23 644 1205 1455
1803 2 2 1 23 643 1454 1204
1804 2 2 1 23 618 1755 2365
1805 2 2 1 23 732 1749 1431
1806 2 2 1 23 731 1432 1748
1807 2 2 1 23 469 2391 1714
1808 2 2 1 23 553 1099 2363
1809 2 2 1 23 555 1819 1545
1810 2 2 1 23 676 1917 1297
1811 2 2 1 23 675 1298 1918
1812 2 2 1 23 480 1545 2535
1813 2 2 1 23 804 1844 1011
1814 2 2 1 23 805 1012 1843
1815 2 2 1 23 369 1816 1715
1816 2 2 1 23 851 1814 1953
1817 2 2 1 23 413 1635 1102
1818 2 2 1 23 1153 1799 2303
1819 2 2 1 23 389 1801 1044
1820 2 2 1 23 83 84 1263
1821 2 2 1 23 397 2052 1947
1822 2 2 1 23 1099 2366 2363
1823 2 2 1 23 758 1457 1542
1824 2 2 1 23 757 1140 1641
1825 2 2 1 23 295 1664 1058
1826 2 2 1 23 1168 2270 1556
1827 2 2 1 23 262 1059 1666
1828 2 2 1 23 320 1668 1060
1829 2 2 1 23 253 1061 1667
1830 2 2 1 23 244 1062 1669
1831 2 2 1 23 329 1670 1063
1832 2 2 1 23 338 1672 1064
1833 2 2 1 23 235 1065 1671
1834 2 2 1 23 651 1317 1363
1835 2 2 1 23 730 1704 1116
1836 2 2 1 23 1166 2271 1557
1837 2 2 1 23 169 170 1790
1838 2 2 1 23 96 97 1791
1839 2 2 1 23 392 1994 1430
1840 2 2 1 23 1167 2272 1558
1841 2 2 1 23 670 2036 1958
1842 2 2 1 23 669 1959 2035
1843 2 2 1 23 947 1573 1680
1844 2 2 1 23 948 1681 1574
1845 2 2 1 23 767 1798 1795
1846 2 2 1 23 798 1998 1314
1847 2 2 1 23 799 1315 1999
1848 2 2 1 23 823 2285 1608
1849 2 2 1 23 938 1270 2423
1850 2 2 1 23 937 2422 1271
1851 2 2 1 23 939 1272 2424
1852 2 2 1 23 940 2425 1273
1853 2 2 1 23 936 1268 2421
1854 2 2 1 23 935 2420 1269
1855 2 2 1 23 625 1154 1725
1856 2 2 1 23 933 2415 1267
1857 2 2 1 23 1022 2219 1717
1858 2 2 1 23 650 2020 1310
1859 2 2 1 23 649 1311 2021
1860 2 2 1 23 481 2536 1546
1861 2 2 1 23 2456 1637 393
1862 2 2 1 23 198 199 1912
1863 2 2 1 23 156 157 1845
1864 2 2 1 23 109 110 1846
1865 2 2 1 23 386 1980 1116
1866 2 2 1 23 547 1636 1046
1867 2 2 1 23 183 184 1357
1868 2 2 1 23 416 1140 1922
1869 2 2 1 23 934 2185 1346
1870 2 2 1 23 592 1506 1134
1871 2 2 1 23 593 1135 1507
1872 2 2 1 23 648 1179 1385
1873 2 2 1 23 848 1211 2408
1874 2 2 1 23 811 1565 1445
1875 2 2 1 23 1038 2295 2496
1876 2 2 1 23 1037 2495 2296
1877 2 2 1 23 824 1819 1241
1878 2 2 1 23 296 1058 1693
1879 2 2 1 23 545 1580 1069
1880 2 2 1 23 610 1501 1409
1881 2 2 1 23 452 1206 1444
1882 2 2 1 23 562 1073 1626
1883 2 2 1 23 833 2530 1292
1884 2 2 1 23 554 2274 1321
1885 2 2 1 23 816 1815 1383
1886 2 2 1 23 261 1709 1059
1887 2 2 1 23 321 1060 1710
1888 2 2 1 23 252 1711 1061
1889 2 2 1 23 243 1712 1062
1890 2 2 1 23 330 1063 1713
1891 2 2 1 23 1144 1244 2315
1892 2 2 1 23 1103 2410 2018
1893 2 2 1 23 810 2274 2008
1894 2 2 1 23 602 2334 1102
1895 2 2 1 23 924 1413 1895
1896 2 2 1 23 457 1282 1898
1897 2 2 1 23 458 1899 1283
1898 2 2 1 23 2527 422 1516
1899 2 2 1 23 2526 425 1517
1900 2 2 1 23 1117 1602 1757
1901 2 2 1 23 390 1320 1684
1902 2 2 1 23 882 1405 1714
1903 2 2 1 23 621 2445 1444
1904 2 2 1 23 704 1087 1800
1905 2 2 1 23 486 2427 1633
1906 2 2 1 23 485 1634 2426
1907 2 2 1 23 652 1363 1317
1908 2 2 1 23 643 1828 1149
1909 2 2 1 23 644 1150 1827
1910 2 2 1 23 668 2038 1970
1911 2 2 1 23 667 1971 2037
1912 2 2 1 23 634 1718 1360
1913 2 2 1 23 675 1813 1584
1914 2 2 1 23 676 1585 1812
1915 2 2 1 23 758 1181 1596
1916 2 2 1 23 995 1953 1476
1917 2 2 1 23 455 1451 1180
1918 2 2 1 23 90 1262 2401
1919 2 2 1 23 176 2402 1261
1920 2 2 1 23 1052 1947 2052
1921 2 2 1 23 1019 1314 2550
1922 2 2 1 23 1020 2551 1315
1923 2 2 1 23 611 1161 1472
1924 2 2 1 23 612 1473 1162
1925 2 2 1 23 840 1541 1401
1926 2 2 1 23 459 1412 1508
1927 2 2 1 23 665 1976 2040
1928 2 2 1 23 666 2039 1977
1929 2 2 1 23 560 1053 1723
1930 2 2 1 23 702 1542 1457
1931 2 2 1 23 618 1183 1755
1932 2 2 1 23 1067 2169 1842
1933 2 2 1 23 677 1169 1491
1934 2 2 1 23 487 1113 1679
1935 2 2 1 23 618 2375 1183
1936 2 2 1 23 702 1460 1395
1937 2 2 1 23 410 2029 1086
1938 2 2 1 23 411 1085 2028
1939 2 2 1 23 734 1521 1285
1940 2 2 1 23 1160 2516 1578
1941 2 2 1 23 701 1421 1503
1942 2 2 1 23 460 1264 2117
1943 2 2 1 23 910 1715 1816
1944 2 2 1 23 178 179 1997
1945 2 2 1 23 822 1255 1817
1946 2 2 1 23 885 1896 1480
1947 2 2 1 23 1266 1637 2456
1948 2 2 1 23 466 1487 1169
1949 2 2 1 23 704 1927 1322
1950 2 2 1 23 730 1933 1101
1951 2 2 1 23 468 1051 1826
1952 2 2 1 23 478 1439 2508
1953 2 2 1 23 479 2509 1440
1954 2 2 1 23 477 1438 2510
1955 2 2 1 23 476 2511 1437
1956 2 2 1 23 489 1466 1935
1957 2 2 1 23 1183 1612 2470
1958 2 2 1 23 474 2514 1435
1959 2 2 1 23 475 1436 2513
1960 2 2 1 23 563 2014 1194
1961 2 2 1 23 582 1967 1192
1962 2 2 1 23 889 2405 2019
1963 2 2 1 23 679 1049 1753
1964 2 2 1 23 615 1166 1557
1965 2 2 1 23 754 1848 1098
1966 2 2 1 23 576 1195 1929
1967 2 2 1 23 1024 2364 1948
1968 2 2 1 23 616 1167 1558
1969 2 2 1 23 847 1342 1408
1970 2 2 1 23 617 1383 1815
1971 2 2 1 23 260 1187 1709
1972 2 2 1 23 322 1710 1189
1973 2 2 1 23 251 1188 1711
1974 2 2 1 23 331 1713 1190
1975 2 2 1 23 242 1191 1712
1976 2 2 1 23 460 2143 1264
1977 2 2 1 23 716 1213 1463
1978 2 2 1 23 817 1613 1105
1979 2 2 1 23 818 1106 1614
1980 2 2 1 23 551 1204 1613
1981 2 2 1 23 552 1614 1205
1982 2 2 1 23 1168 1556 2231
1983 2 2 1 23 657 2053 1176
1984 2 2 1 23 658 1175 2054
1985 2 2 1 23 399 1131 1675
1986 2 2 1 23 594 1187 1435
1987 2 2 1 23 595 1436 1186
1988 2 2 1 23 596 1188 1437
1989 2 2 1 23 597 1438 1189
1990 2 2 1 23 598 1191 1440
1991 2 2 1 23 599 1439 1190
1992 2 2 1 23 684 1726 1780
1993 2 2 1 23 400 1677 1132
1994 2 2 1 23 401 1735 1118
1995 2 2 1 23 398 1119 1736
1996 2 2 1 23 754 1052 1848
1997 2 2 1 23 904 1919 1165
1998 2 2 1 23 967 1345 2568
1999 2 2 1 23 1219 1325 2112
2000 2 2 1 23 1220 2113 1326
2001 2 2 1 23 1203 2161 1555
2002 2 2 1 23 713 2303 1414
2003 2 2 1 23 435 1448 2165
2004 2 2 1 23 577 1531 2240
2005 2 2 1 23 554 1480 1896
2006 2 2 1 23 465 1488 2104
2007 2 2 1 23 591 1522 1118
2008 2 2 1 23 590 1119 1523
2009 2 2 1 23 1224 2108 1323
2010 2 2 1 23 1223 1324 2109
2011 2 2 1 23 544 2251 1235
2012 2 2 1 23 759 1255 1830
2013 2 2 1 23 1225 2106 1327
2014 2 2 1 23 1226 1328 2107
2015 2 2 1 23 1228 2111 1329
2016 2 2 1 23 1229 1330 2110
2017 2 2 1 23 532 1314 1998
2018 2 2 1 23 531 1999 1315
2019 2 2 1 23 705 1193 1723
2020 2 2 1 23 760 1782 1241
2021 2 2 1 23 143 144 1768
2022 2 2 1 23 122 123 1767
2023 2 2 1 23 646 1729 1192
2024 2 2 1 23 1124 1965 1342
2025 2 2 1 23 681 1415 1479
2026 2 2 1 23 556 1124 1641
2027 2 2 1 23 80 1109 1533
2028 2 2 1 23 660 2051 1173
2029 2 2 1 23 659 1174 2050
2030 2 2 1 23 454 1491 1411
2031 2 2 1 23 417 1031 1776
2032 2 2 1 23 379 2478 1242
2033 2 2 1 23 372 1243 2479
2034 2 2 1 23 966 2460 1297
2035 2 2 1 23 965 1298 2459
2036 2 2 1 23 284 1628 285
2037 2 2 1 23 288 1627 289
2038 2 2 1 23 560 1880 1053
2039 2 2 1 23 606 2287 1242
2040 2 2 1 23 607 1243 2288
2041 2 2 1 23 1202 2058 1683
2042 2 2 1 23 717 1098 1831
2043 2 2 1 23 406 2035 1393
2044 2 2 1 23 407 1394 2036
2045 2 2 1 23 711 1871 1463
2046 2 2 1 23 405 2037 1391
2047 2 2 1 23 404 1392 2038
2048 2 2 1 23 402 2040 1390
2049 2 2 1 23 403 1389 2039
2050 2 2 1 23 86 1213 1884
2051 2 2 1 23 679 1673 1049
2052 2 2 1 23 794 1310 2003
2053 2 2 1 23 795 2004 1311
2054 2 2 1 23 614 1215 1693
2055 2 2 1 23 456 1101 1933
2056 2 2 1 23 960 1817 1546
2057 2 2 1 23 1257 1716 2153
2058 2 2 1 23 634 1058 1664
2059 2 2 1 23 662 2044 1172
2060 2 2 1 23 661 1171 2043
2061 2 2 1 23 724 2356 1518
2062 2 2 1 23 725 1519 2357
2063 2 2 1 23 1332 1601 2151
2064 2 2 1 23 420 1891 2231
2065 2 2 1 23 464 1196 1808
2066 2 2 1 23 920 1958 2036
2067 2 2 1 23 919 2035 1959
2068 2 2 1 23 991 2161 1879
2069 2 2 1 23 627 1666 1059
2070 2 2 1 23 628 1060 1668
2071 2 2 1 23 629 1667 1061
2072 2 2 1 23 630 1063 1670
2073 2 2 1 23 631 1669 1062
2074 2 2 1 23 632 1064 1672
2075 2 2 1 23 633 1671 1065
2076 2 2 1 23 550 1717 2219
2077 2 2 1 23 676 1402 1917
2078 2 2 1 23 675 1918 1403
2079 2 2 1 23 1109 2008 2274
2080 2 2 1 23 771 1508 1237
2081 2 2 1 23 745 1415 1935
2082 2 2 1 23 297 1693 1215
2083 2 2 1 23 1358 2116 2033
2084 2 2 1 23 663 1177 2046
2085 2 2 1 23 664 2045 1178
2086 2 2 1 23 1359 2034 2115
2087 2 2 1 23 907 1935 1466
2088 2 2 1 23 583 1417 2027
2089 2 2 1 23 680 1237 1508
2090 2 2 1 23 81 2008 1109
2091 2 2 1 23 95 1294 2432
2092 2 2 1 23 171 2433 1293
2093 2 2 1 23 782 1775 1154
2094 2 2 1 23 437 1410 1979
2095 2 2 1 23 609 1131 1549
2096 2 2 1 23 608 1550 1132
2097 2 2 1 23 519 1682 1181
2098 2 2 1 23 957 1545 1819
2099 2 2 1 23 757 1922 1140
2100 2 2 1 23 818 1047 2133
2101 2 2 1 23 817 2132 1048
2102 2 2 1 23 657 2097 2053
2103 2 2 1 23 658 2054 2098
2104 2 2 1 23 825 1595 2254
2105 2 2 1 23 1183 2375 1612
2106 2 2 1 23 553 1799 1099
2107 2 2 1 23 1185 1618 2157
2108 2 2 1 23 728 2345 1510
2109 2 2 1 23 729 1511 2346
2110 2 2 1 23 886 2114 1385
2111 2 2 1 23 187 188 1807
2112 2 2 1 23 501 1039 1936
2113 2 2 1 23 871 1780 1726
2114 2 2 1 23 642 2073 1221
2115 2 2 1 23 456 1098 1829
2116 2 2 1 23 591 1946 1522
2117 2 2 1 23 590 1523 1945
2118 2 2 1 23 1426 2493 1955
2119 2 2 1 23 754 1905 1947
2120 2 2 1 23 398 2033 1119
2121 2 2 1 23 626 2450 1513
2122 2 2 1 23 401 1118 2034
2123 2 2 1 23 180 1615 1066
2124 2 2 1 23 361 1145 1993
2125 2 2 1 23 854 1793 1606
2126 2 2 1 23 855 1607 1794
2127 2 2 1 23 645 1185 2152
2128 2 2 1 23 849 1583 1788
2129 2 2 1 23 820 1157 2118
2130 2 2 1 23 819 1156 2120
2131 2 2 1 23 850 1789 1586
2132 2 2 1 23 385 1725 1154
2133 2 2 1 23 1146 1362 1883
2134 2 2 1 23 888 1289 1635
2135 2 2 1 23 918 1970 2038
2136 2 2 1 23 917 2037 1971
2137 2 2 1 23 1049 2365 1755
2138 2 2 1 23 547 1905 1112
2139 2 2 1 23 635 2032 1102
2140 2 2 1 23 652 1317 1536
2141 2 2 1 23 723 1500 2338
2142 2 2 1 23 722 2339 1499
2143 2 2 1 23 592 1134 2295
2144 2 2 1 23 593 2296 1135
2145 2 2 1 23 457 1107 2136
2146 2 2 1 23 458 2137 1108
2147 2 2 1 23 416 1922 1039
2148 2 2 1 23 834 2409 1396
2149 2 2 1 23 924 2482 1838
2150 2 2 1 23 390 1684 1540
2151 2 2 1 23 835 1504 1774
2152 2 2 1 23 706 1261 1477
2153 2 2 1 23 707 1478 1262
2154 2 2 1 23 833 2255 2530
2155 2 2 1 23 739 1778 1107
2156 2 2 1 23 740 1108 1779
2157 2 2 1 23 660 2128 2051
2158 2 2 1 23 659 2050 2129
2159 2 2 1 23 399 2025 1131
2160 2 2 1 23 400 1132 2026
2161 2 2 1 23 371 1472 1161
2162 2 2 1 23 378 1162 1473
2163 2 2 1 23 781 1545 1984
2164 2 2 1 23 868 1474 2480
2165 2 2 1 23 815 1160 2156
2166 2 2 1 23 560 1723 1193
2167 2 2 1 23 857 2252 1197
2168 2 2 1 23 986 1706 1951
2169 2 2 1 23 2410 557 2018
2170 2 2 1 23 802 1147 2249
2171 2 2 1 23 582 1244 2540
2172 2 2 1 23 560 1974 1133
2173 2 2 1 23 1089 2254 1595
2174 2 2 1 23 916 2040 1976
2175 2 2 1 23 915 1977 2039
2176 2 2 1 23 1005 1426 1955
2177 2 2 1 23 417 2232 1164
2178 2 2 1 23 2516 424 1578
2179 2 2 1 23 545 1069 2000
2180 2 2 1 23 182 2343 1110
2181 2 2 1 23 393 1618 1512
2182 2 2 1 23 892 2067 1567
2183 2 2 1 23 891 1566 2068
2184 2 2 1 23 842 1422 2057
2185 2 2 1 23 780 1986 1546
2186 2 2 1 23 190 191 1978
2187 2 2 1 23 437 1979 1515
2188 2 2 1 23 720 1478 2326
2189 2 2 1 23 721 2327 1477
2190 2 2 1 23 313 2236 1186
2191 2 2 1 23 576 1611 1195
2192 2 2 1 23 737 1774 1509
2193 2 2 1 23 661 2043 2140
2194 2 2 1 23 662 2141 2044
2195 2 2 1 23 453 1468 2457
2196 2 2 1 23 713 1701 2303
2197 2 2 1 23 356 1386 357
2198 2 2 1 23 484 1582 2152
2199 2 2 1 23 999 1144 2315
2200 2 2 1 23 466 1774 1504
2201 2 2 1 23 998 2539 1505
2202 2 2 1 23 645 1515 2206
2203 2 2 1 23 716 2056 1113
2204 2 2 1 23 409 1280 2076
2205 2 2 1 23 294 1260 1664
2206 2 2 1 23 408 2078 1281
2207 2 2 1 23 650 1651 2020
2208 2 2 1 23 649 2021 1650
2209 2 2 1 23 363 1399 364
2210 2 2 1 23 411 1134 2013
2211 2 2 1 23 410 2012 1135
2212 2 2 1 23 582 2315 1244
2213 2 2 1 23 263 1666 1267
2214 2 2 1 23 816 1155 1815
2215 2 2 1 23 319 1268 1668
2216 2 2 1 23 254 1667 1269
2217 2 2 1 23 245 1669 1271
2218 2 2 1 23 328 1270 1670
2219 2 2 1 23 337 1272 1672
2220 2 2 1 23 236 1671 1273
2221 2 2 1 23 663 2046 2146
2222 2 2 1 23 664 2147 2045
2223 2 2 1 23 833 1164 2232
2224 2 2 1 23 736 1816 1159
2225 2 2 1 23 801 2066 1141
2226 2 2 1 23 75 1197 2252
2227 2 2 1 23 824 1231 2361
2228 2 2 1 23 647 1263 1502
2229 2 2 1 23 462 1966 1292
2230 2 2 1 23 656 2483 1361
2231 2 2 1 23 714 1293 1499
2232 2 2 1 23 715 1500 1294
2233 2 2 1 23 1073 2178 1596
2234 2 2 1 23 771 1133 1974
2235 2 2 1 23 316 1368 317
2236 2 2 1 23 256 1367 257
2237 2 2 1 23 325 1369 326
2238 2 2 1 23 247 1370 248
2239 2 2 1 23 334 1371 335
2240 2 2 1 23 238 1372 239
2241 2 2 1 23 1155 2314 2579
2242 2 2 1 23 109 1309 1827
2243 2 2 1 23 157 1828 1308
2244 2 2 1 23 465 2104 1811
2245 2 2 1 23 121 122 1844
2246 2 2 1 23 144 145 1843
2247 2 2 1 23 656 2557 2483
2248 2 2 1 23 156 1845 1208
2249 2 2 1 23 110 1209 1846
2250 2 2 1 23 624 1404 2576
2251 2 2 1 23 441 1871 1869
2252 2 2 1 23 556 1641 1140
2253 2 2 1 23 717 1829 1098
2254 2 2 1 23 115 116 1573
2255 2 2 1 23 150 151 1574
2256 2 2 1 23 392 1429 2041
2257 2 2 1 23 20 1934 1531
2258 2 2 1 23 779 1441 1991
2259 2 2 1 23 720 2326 1056
2260 2 2 1 23 721 1057 2327
2261 2 2 1 23 655 1426 1295
2262 2 2 1 23 619 1408 1342
2263 2 2 1 23 550 1148 1717
2264 2 2 1 23 560 1133 2515
2265 2 2 1 23 583 1808 1196
2266 2 2 1 23 617 1541 1961
2267 2 2 1 23 195 196 1462
2268 2 2 1 23 745 1479 1415
2269 2 2 1 23 1474 2142 2480
2270 2 2 1 23 423 1247 2205
2271 2 2 1 23 188 2477 1807
2272 2 2 1 23 1010 1869 1871
2273 2 2 1 23 787 2148 1921
2274 2 2 1 23 426 1248 2200
2275 2 2 1 23 427 2199 1249
2276 2 2 1 23 428 2201 1250
2277 2 2 1 23 429 1251 2202
2278 2 2 1 23 430 1252 2204
2279 2 2 1 23 431 2203 1253
2280 2 2 1 23 535 2003 1310
2281 2 2 1 23 534 1311 2004
2282 2 2 1 23 744 1951 1706
2283 2 2 1 23 846 2487 1427
2284 2 2 1 23 913 1512 1618
2285 2 2 1 23 688 1170 2374
2286 2 2 1 23 581 2528 1246
2287 2 2 1 23 652 1990 1363
2288 2 2 1 23 611 1983 1161
2289 2 2 1 23 612 1162 1982
2290 2 2 1 23 718 1301 1510
2291 2 2 1 23 719 1511 1302
2292 2 2 1 23 436 1147 2390
2293 2 2 1 23 703 1468 1414
2294 2 2 1 23 185 1505 2539
2295 2 2 1 23 582 1256 1967
2296 2 2 1 23 379 1242 2287
2297 2 2 1 23 372 2288 1243
2298 2 2 1 23 430 1219 1859
2299 2 2 1 23 431 1860 1220
2300 2 2 1 23 723 2338 1071
2301 2 2 1 23 722 1072 2339
2302 2 2 1 23 760 1241 2015
2303 2 2 1 23 1221 1715 2507
2304 2 2 1 23 708 1149 1786
2305 2 2 1 23 709 1787 1150
2306 2 2 1 23 581 2249 1147
2307 2 2 1 23 100 101 1752
2308 2 2 1 23 165 166 1751
2309 2 2 1 23 822 2341 1235
2310 2 2 1 23 429 1223 1862
2311 2 2 1 23 428 1861 1224
2312 2 2 1 23 432 1078 1783
2313 2 2 1 23 867 1219 2112
2314 2 2 1 23 866 2113 1220
2315 2 2 1 23 78 1316 2428
2316 2 2 1 23 224 1470 1258
2317 2 2 1 23 990 2540 1244
2318 2 2 1 23 851 2400 1814
2319 2 2 1 23 427 1863 1225
2320 2 2 1 23 426 1226 1864
2321 2 2 1 23 637 1234 1678
2322 2 2 1 23 864 2108 1224
2323 2 2 1 23 865 1223 2109
2324 2 2 1 23 724 1074 2356
2325 2 2 1 23 725 2357 1075
2326 2 2 1 23 726 1304 1518
2327 2 2 1 23 727 1519 1305
2328 2 2 1 23 423 1229 1866
2329 2 2 1 23 424 1867 1228
2330 2 2 1 23 945 1921 2148
2331 2 2 1 23 728 1076 2345
2332 2 2 1 23 729 2346 1077
2333 2 2 1 23 1026 2206 1515
2334 2 2 1 23 860 2106 1225
2335 2 2 1 23 861 1226 2107
2336 2 2 1 23 863 2111 1228
2337 2 2 1 23 862 1229 2110
2338 2 2 1 23 756 1227 1894
2339 2 2 1 23 487 1750 1113
2340 2 2 1 23 454 2134 1491
2341 2 2 1 23 730 1112 1933
2342 2 2 1 23 733 2168 1111
2343 2 2 1 23 702 1457 1460
2344 2 2 1 23 634 2281 1058
2345 2 2 1 23 621 1212 1608
2346 2 2 1 23 823 2041 2285
2347 2 2 1 23 671 1769 1142
2348 2 2 1 23 672 1143 1770
2349 2 2 1 23 1461 2266 2411
2350 2 2 1 23 911 2240 1531
2351 2 2 1 23 758 2178 1158
2352 2 2 1 23 1036 2126 2208
2353 2 2 1 23 755 1777 1413
2354 2 2 1 23 468 2218 1425
2355 2 2 1 23 1227 2389 1894
2356 2 2 1 23 464 1830 1255
2357 2 2 1 23 759 2018 1255
2358 2 2 1 23 462 1241 1782
2359 2 2 1 23 204 205 1423
2360 2 2 1 23 639 2024 1208
2361 2 2 1 23 641 1209 2023
2362 2 2 1 23 628 2260 1060
2363 2 2 1 23 629 1061 2259
2364 2 2 1 23 630 2262 1063
2365 2 2 1 23 631 1062 2261
2366 2 2 1 23 632 2264 1064
2367 2 2 1 23 633 1065 2263
2368 2 2 1 23 627 1059 2257
2369 2 2 1 23 542 1688 1160
2370 2 2 1 23 849 1782 1583
2371 2 2 1 23 349 1288 1475
2372 2 2 1 23 2579 2314 421
2373 2 2 1 23 919 1393 2035
2374 2 2 1 23 920 2036 1394
2375 2 2 1 23 917 1391 2037
2376 2 2 1 23 918 2038 1392
2377 2 2 1 23 558 2142 1306
2378 2 2 1 23 738 1730 1459
2379 2 2 1 23 915 2039 1389
2380 2 2 1 23 916 1390 2040
2381 2 2 1 23 1577 2498 1921
2382 2 2 1 23 550 2219 1733
2383 2 2 1 23 72 73 1421
2384 2 2 1 23 846 1434 2275
2385 2 2 1 23 807 2070 1441
2386 2 2 1 23 620 2568 1345
2387 2 2 1 23 555 1100 2015
2388 2 2 1 23 457 1898 1680
2389 2 2 1 23 458 1681 1899
2390 2 2 1 23 720 1056 1796
2391 2 2 1 23 721 1797 1057
2392 2 2 1 23 438 1650 1105
2393 2 2 1 23 439 1106 1651
2394 2 2 1 23 541 2305 1741
2395 2 2 1 23 617 1815 1401
2396 2 2 1 23 760 1583 1782
2397 2 2 1 23 1018 2512 1682
2398 2 2 1 23 540 2313 1743
2399 2 2 1 23 602 1975 1420
2400 2 2 1 23 82 1351 2008
2401 2 2 1 23 745 1935 1674
2402 2 2 1 23 741 2360 1881
2403 2 2 1 23 73 74 1503
2404 2 2 1 23 700 1200 2563
2405 2 2 1 23 771 1237 1950
2406 2 2 1 23 539 1742 1155
2407 2 2 1 23 657 1117 1869
2408 2 2 1 23 442 1536 1317
2409 2 2 1 23 882 2031 1724
2410 2 2 1 23 756 1773 1182
2411 2 2 1 23 171 172 2433
2412 2 2 1 23 94 95 2432
2413 2 2 1 23 541 1741 1156
2414 2 2 1 23 659 1856 1120
2415 2 2 1 23 660 1121 1857
2416 2 2 1 23 540 1743 1157
2417 2 2 1 23 734 1307 1599
2418 2 2 1 23 688 1799 1153
2419 2 2 1 23 993 2462 1148
2420 2 2 1 23 733 1111 2418
2421 2 2 1 23 1034 2123 2227
2422 2 2 1 23 661 1849 1127
2423 2 2 1 23 662 1128 1850
2424 2 2 1 23 1035 2125 2228
2425 2 2 1 23 386 1153 1701
2426 2 2 1 23 1033 2119 2226
2427 2 2 1 23 853 1683 1716
2428 2 2 1 23 663 1853 1136
2429 2 2 1 23 664 1137 1852
2430 2 2 1 23 682 1257 1865
2431 2 2 1 23 859 1420 1975
2432 2 2 1 23 70 71 1446
2433 2 2 1 23 749 2471 1092
2434 2 2 1 23 748 1093 2472
2435 2 2 1 23 751 2473 1094
2436 2 2 1 23 750 1095 2474
2437 2 2 1 23 753 2475 1096
2438 2 2 1 23 752 1097 2476
2439 2 2 1 23 680 1182 1912
2440 2 2 1 23 723 1071 1802
2441 2 2 1 23 722 1803 1072
2442 2 2 1 23 550 1842 1148
2443 2 2 1 23 566 1079 1835
2444 2 2 1 23 567 1834 1080
2445 2 2 1 23 570 1081 1836
2446 2 2 1 23 571 1837 1082
2447 2 2 1 23 572 1083 1840
2448 2 2 1 23 573 1839 1084
2449 2 2 1 23 456 1112 1954
2450 2 2 1 23 779 1900 1388
2451 2 2 1 23 456 1933 1112
2452 2 2 1 23 614 1556 1215
2453 2 2 1 23 615 1557 1216
2454 2 2 1 23 387 1158 2189
2455 2 2 1 23 843 1312 2230
2456 2 2 1 23 724 1805 1074
2457 2 2 1 23 725 1075 1806
2458 2 2 1 23 616 1558 1218
2459 2 2 1 23 412 1192 1729
2460 2 2 1 23 437 2081 1312
2461 2 2 1 23 728 1809 1076
2462 2 2 1 23 729 1077 1810
2463 2 2 1 23 225 1258 1788
2464 2 2 1 23 985 1522 1946
2465 2 2 1 23 984 1945 1523
2466 2 2 1 23 634 1222 2281
2467 2 2 1 23 627 1520 1267
2468 2 2 1 23 743 1579 1464
2469 2 2 1 23 625 1655 1154
2470 2 2 1 23 945 1577 1921
2471 2 2 1 23 629 1524 1269
2472 2 2 1 23 628 1268 1525
2473 2 2 1 23 631 1526 1271
2474 2 2 1 23 630 1270 1527
2475 2 2 1 23 632 1272 1529
2476 2 2 1 23 633 1528 1273
2477 2 2 1 23 653 1824 1469
2478 2 2 1 23 674 1665 1281
2479 2 2 1 23 555 2429 1100
2480 2 2 1 23 775 1734 1356
2481 2 2 1 23 454 2279 2134
2482 2 2 1 23 884 2358 1449
2483 2 2 1 23 788 1464 1579
2484 2 2 1 23 777 1737 1359
2485 2 2 1 23 548 1988 1870
2486 2 2 1 23 683 1353 1653
2487 2 2 1 23 673 1280 1685
2488 2 2 1 23 747 2158 1088
2489 2 2 1 23 839 1598 1707
2490 2 2 1 23 2507 1715 910
2491 2 2 1 23 992 2537 1263
2492 2 2 1 23 697 1195 1611
2493 2 2 1 23 1056 2326 1686
2494 2 2 1 23 1057 1687 2327
2495 2 2 1 23 575 1897 1179
2496 2 2 1 23 377 2139 1413
2497 2 2 1 23 1164 1966 1492
2498 2 2 1 23 388 1148 1964
2499 2 2 1 23 987 1165 1919
2500 2 2 1 23 87 88 2241
2501 2 2 1 23 197 1182 1773
2502 2 2 1 23 1231 1292 2530
2503 2 2 1 23 176 177 1728
2504 2 2 1 23 89 90 1727
2505 2 2 1 23 1071 2338 1694
2506 2 2 1 23 1072 1695 2339
2507 2 2 1 23 974 2152 1582
2508 2 2 1 23 348 1789 1288
2509 2 2 1 23 452 1246 2170
2510 2 2 1 23 271 2183 1216
2511 2 2 1 23 555 2015 1241
2512 2 2 1 23 1074 1702 2356
2513 2 2 1 23 1075 2357 1703
2514 2 2 1 23 305 2184 1218
2515 2 2 1 23 799 1119 2033
2516 2 2 1 23 798 2034 1118
2517 2 2 1 23 623 2230 1312
2518 2 2 1 23 202 1950 1237
2519 2 2 1 23 1076 1699 2345
2520 2 2 1 23 1077 2346 1700
2521 2 2 1 23 779 1145 1900
2522 2 2 1 23 870 2248 1336
2523 2 2 1 23 561 1146 1883
2524 2 2 1 23 665 2040 1276
2525 2 2 1 23 666 1277 2039
2526 2 2 1 23 667 2037 1274
2527 2 2 1 23 668 1275 2038
2528 2 2 1 23 185 186 1505
2529 2 2 1 23 520 1784 1831
2530 2 2 1 23 669 2035 1278
2531 2 2 1 23 670 1279 2036
2532 2 2 1 23 617 1401 1541
2533 2 2 1 23 1109 2274 2506
2534 2 2 1 23 713 1414 1468
2535 2 2 1 23 443 1686 2326
2536 2 2 1 23 444 2327 1687
2537 2 2 1 23 731 2136 1107
2538 2 2 1 23 732 1108 2137
2539 2 2 1 23 840 2222 1541
2540 2 2 1 23 442 1317 2486
2541 2 2 1 23 543 1599 1307
2542 2 2 1 23 108 109 1827
2543 2 2 1 23 157 158 1828
2544 2 2 1 23 859 1469 2239
2545 2 2 1 23 216 217 1442
2546 2 2 1 23 710 1637 1266
2547 2 2 1 23 705 1490 1422
2548 2 2 1 23 443 1121 1686
2549 2 2 1 23 444 1687 1120
2550 2 2 1 23 998 1357 2539
2551 2 2 1 23 446 1694 2338
2552 2 2 1 23 445 2339 1695
2553 2 2 1 23 279 2166 1217
2554 2 2 1 23 993 2576 1404
2555 2 2 1 23 800 2406 1425
2556 2 2 1 23 1050 2220 2188
2557 2 2 1 23 794 1131 2025
2558 2 2 1 23 464 1808 1830
2559 2 2 1 23 795 2026 1132
2560 2 2 1 23 284 2453 1628
2561 2 2 1 23 289 1627 2452
2562 2 2 1 23 433 1879 2161
2563 2 2 1 23 634 1664 1260
2564 2 2 1 23 742 1233 1868
2565 2 2 1 23 776 2336 1886
2566 2 2 1 23 685 2031 1714
2567 2 2 1 23 557 1255 2018
2568 2 2 1 23 833 1292 1966
2569 2 2 1 23 716 1113 1750
2570 2 2 1 23 449 2356 1702
2571 2 2 1 23 450 1703 2357
2572 2 2 1 23 447 2345 1699
2573 2 2 1 23 448 1700 2346
2574 2 2 1 23 445 1695 1127
2575 2 2 1 23 446 1128 1694
2576 2 2 1 23 620 1345 1453
2577 2 2 1 23 77 78 2428
2578 2 2 1 23 389 1422 1490
2579 2 2 1 23 386 2323 1170
2580 2 2 1 23 561 1197 2277
2581 2 2 1 23 850 1586 1830
2582 2 2 1 23 565 2374 1170
2583 2 2 1 23 627 1267 1666
2584 2 2 1 23 628 1668 1268
2585 2 2 1 23 629 1269 1667
2586 2 2 1 23 630 1670 1270
2587 2 2 1 23 631 1271 1669
2588 2 2 1 23 632 1672 1272
2589 2 2 1 23 633 1273 1671
2590 2 2 1 23 455 1180 2187
2591 2 2 1 23 627 2257 1247
2592 2 2 1 23 436 1851 1211
2593 2 2 1 23 420 1707 1598
2594 2 2 1 23 447 1699 1136
2595 2 2 1 23 448 1137 1700
2596 2 2 1 23 891 2426 1634
2597 2 2 1 23 892 1633 2427
2598 2 2 1 23 628 1249 2260
2599 2 2 1 23 629 2259 1248
2600 2 2 1 23 630 1250 2262
2601 2 2 1 23 631 2261 1251
2602 2 2 1 23 633 2263 1252
2603 2 2 1 23 632 1253 2264
2604 2 2 1 23 584 1931 1619
2605 2 2 1 23 585 1620 1932
2606 2 2 1 23 408 1281 1665
2607 2 2 1 23 636 1653 1353
2608 2 2 1 23 1073 2557 1626
2609 2 2 1 23 671 1567 2067
2610 2 2 1 23 672 2068 1566
2611 2 2 1 23 769 1134 2010
2612 2 2 1 23 768 2011 1135
2613 2 2 1 23 81 82 2008
2614 2 2 1 23 397 1163 2284
2615 2 2 1 23 759 1830 1586
2616 2 2 1 23 449 1702 1142
2617 2 2 1 23 450 1143 1703
2618 2 2 1 23 576 1265 1611
2619 2 2 1 23 647 2042 1263
2620 2 2 1 23 542 2208 2126
2621 2 2 1 23 587 1623 1939
2622 2 2 1 23 586 1938 1624
2623 2 2 1 23 200 2080 1373
2624 2 2 1 23 581 1384 2528
2625 2 2 1 23 677 1376 1509
2626 2 2 1 23 79 1533 2048
2627 2 2 1 23 675 2431 1298
2628 2 2 1 23 676 1297 2430
2629 2 2 1 23 804 2074 1338
2630 2 2 1 23 805 1337 2075
2631 2 2 1 23 274 1481 275
2632 2 2 1 23 300 1482 301
2633 2 2 1 23 441 1117 1757
2634 2 2 1 23 266 1483 267
2635 2 2 1 23 308 1484 309
2636 2 2 1 23 680 2080 1237
2637 2 2 1 23 391 1868 1233
2638 2 2 1 23 1023 2186 1447
2639 2 2 1 23 546 1231 2530
2640 2 2 1 23 1044 1987 2151
2641 2 2 1 23 400 1356 1734
2642 2 2 1 23 588 1629 1943
2643 2 2 1 23 589 1944 1630
2644 2 2 1 23 409 1685 1280
2645 2 2 1 23 377 1254 2139
2646 2 2 1 23 742 1203 2163
2647 2 2 1 23 506 2270 1198
2648 2 2 1 23 505 2271 1199
2649 2 2 1 23 401 1359 1737
2650 2 2 1 23 656 1626 2557
2651 2 2 1 23 810 2008 1351
2652 2 2 1 23 584 2088 1219
2653 2 2 1 23 585 1220 2089
2654 2 2 1 23 607 2116 1358
2655 2 2 1 23 507 2272 1201
2656 2 2 1 23 509 1524 2471
2657 2 2 1 23 510 2472 1525
2658 2 2 1 23 511 1526 2473
2659 2 2 1 23 512 2474 1527
2660 2 2 1 23 514 1528 2475
2661 2 2 1 23 513 2476 1529
2662 2 2 1 23 806 1429 1818
2663 2 2 1 23 606 1359 2115
2664 2 2 1 23 639 1544 1418
2665 2 2 1 23 641 1419 1543
2666 2 2 1 23 586 2099 1223
2667 2 2 1 23 587 1224 2100
2668 2 2 1 23 854 1984 1551
2669 2 2 1 23 416 1417 2060
2670 2 2 1 23 855 1552 1986
2671 2 2 1 23 768 1135 2012
2672 2 2 1 23 769 2013 1134
2673 2 2 1 23 588 1225 2121
2674 2 2 1 23 589 2122 1226
2675 2 2 1 23 189 1400 2477
2676 2 2 1 23 354 1259 2079
2677 2 2 1 23 860 2307 1122
2678 2 2 1 23 861 1123 2306
2679 2 2 1 23 674 1335 1698
2680 2 2 1 23 591 2127 1229
2681 2 2 1 23 387 1460 1457
2682 2 2 1 23 541 2227 2123
2683 2 2 1 23 736 1159 2069
2684 2 2 1 23 539 2226 2119
2685 2 2 1 23 683 1575 1319
2686 2 2 1 23 540 2228 2125
2687 2 2 1 23 863 2302 1125
2688 2 2 1 23 862 1126 2301
2689 2 2 1 23 590 1228 2131
2690 2 2 1 23 864 2308 1129
2691 2 2 1 23 865 1130 2309
2692 2 2 1 23 705 2059 1490
2693 2 2 1 23 680 1508 1412
2694 2 2 1 23 684 1780 1254
2695 2 2 1 23 369 2455 1816
2696 2 2 1 23 774 1166 2007
2697 2 2 1 23 975 1831 1784
2698 2 2 1 23 368 1716 1683
2699 2 2 1 23 778 1167 2009
2700 2 2 1 23 441 1869 1117
2701 2 2 1 23 650 1485 1634
2702 2 2 1 23 649 1633 1486
2703 2 2 1 23 866 2311 1138
2704 2 2 1 23 867 1139 2310
2705 2 2 1 23 622 1352 1923
2706 2 2 1 23 781 1606 1960
2707 2 2 1 23 871 1726 2165
2708 2 2 1 23 812 2233 1194
2709 2 2 1 23 545 1894 2389
2710 2 2 1 23 718 2102 1301
2711 2 2 1 23 719 1302 2103
2712 2 2 1 23 370 1194 2233
2713 2 2 1 23 444 1120 1856
2714 2 2 1 23 443 1857 1121
2715 2 2 1 23 845 2048 1533
2716 2 2 1 23 756 1412 2481
2717 2 2 1 23 559 1159 2335
2718 2 2 1 23 848 1239 1733
2719 2 2 1 23 556 1254 1780
2720 2 2 1 23 533 1865 1257
2721 2 2 1 23 556 1941 1254
2722 2 2 1 23 445 1127 1849
2723 2 2 1 23 446 1850 1128
2724 2 2 1 23 562 1158 2178
2725 2 2 1 23 780 1963 1607
2726 2 2 1 23 838 1625 1240
2727 2 2 1 23 673 1708 1334
2728 2 2 1 23 115 1573 2370
2729 2 2 1 23 151 2371 1574
2730 2 2 1 23 959 2053 2097
2731 2 2 1 23 958 2098 2054
2732 2 2 1 23 447 1136 1853
2733 2 2 1 23 448 1852 1137
2734 2 2 1 23 655 1295 2135
2735 2 2 1 23 564 1795 1240
2736 2 2 1 23 449 1142 1769
2737 2 2 1 23 450 1770 1143
2738 2 2 1 23 1092 2471 1524
2739 2 2 1 23 1093 1525 2472
2740 2 2 1 23 1094 2473 1526
2741 2 2 1 23 1095 1527 2474
2742 2 2 1 23 1096 2475 1528
2743 2 2 1 23 1097 1529 2476
2744 2 2 1 23 971 1696 1738
2745 2 2 1 23 970 1739 1697
2746 2 2 1 23 842 2389 1227
2747 2 2 1 23 876 1436 2351
2748 2 2 1 23 875 2350 1435
2749 2 2 1 23 877 1438 2352
2750 2 2 1 23 878 2353 1437
2751 2 2 1 23 880 1439 2354
2752 2 2 1 23 879 2355 1440
2753 2 2 1 23 858 1956 1318
2754 2 2 1 23 697 2030 1230
2755 2 2 1 23 673 1685 1708
2756 2 2 1 23 991 1879 1599
2757 2 2 1 23 772 2375 1214
2758 2 2 1 23 871 1965 1124
2759 2 2 1 23 257 1367 1493
2760 2 2 1 23 316 1494 1368
2761 2 2 1 23 325 1495 1369
2762 2 2 1 23 248 1370 1496
2763 2 2 1 23 334 1497 1371
2764 2 2 1 23 239 1372 1498
2765 2 2 1 23 779 1991 1145
2766 2 2 1 23 391 2031 1443
2767 2 2 1 23 833 1966 1164
2768 2 2 1 23 159 1786 1149
2769 2 2 1 23 107 1150 1787
2770 2 2 1 23 17 1470 224
2771 2 2 1 23 508 2158 1207
2772 2 2 1 23 1417 2559 2027
2773 2 2 1 23 544 1413 1777
2774 2 2 1 23 565 1239 2408
2775 2 2 1 23 207 208 1532
2776 2 2 1 23 848 2408 1239
2777 2 2 1 23 638 1208 1845
2778 2 2 1 23 640 1846 1209
2779 2 2 1 23 874 2330 1447
2780 2 2 1 23 397 1947 1163
2781 2 2 1 23 554 2506 2274
2782 2 2 1 23 392 1818 1429
2783 2 2 1 23 444 2191 1477
2784 2 2 1 23 443 1478 2192
2785 2 2 1 23 20 349 1475
2786 2 2 1 23 1159 1816 2455
2787 2 2 1 23 717 1804 2523
2788 2 2 1 23 565 1211 2374
2789 2 2 1 23 294 1664 295
2790 2 2 1 23 991 2256 1555
2791 2 2 1 23 161 162 1617
2792 2 2 1 23 104 105 1616
2793 2 2 1 23 1104 1462 1894
2794 2 2 1 23 463 1847 1230
2795 2 2 1 23 262 1666 263
2796 2 2 1 23 319 1668 320
2797 2 2 1 23 253 1667 254
2798 2 2 1 23 244 1669 245
2799 2 2 1 23 328 1670 329
2800 2 2 1 23 337 1672 338
2801 2 2 1 23 235 1671 236
2802 2 2 1 23 734 2005 1307
2803 2 2 1 23 686 1365 1952
2804 2 2 1 23 391 1233 2406
2805 2 2 1 23 461 1336 2248
2806 2 2 1 23 785 2117 1264
2807 2 2 1 23 368 1683 2058
2808 2 2 1 23 79 80 1533
2809 2 2 1 23 417 1319 1740
2810 2 2 1 23 371 1161 1749
2811 2 2 1 23 378 1748 1162
2812 2 2 1 23 733 2151 1987
2813 2 2 1 23 219 2450 1210
2814 2 2 1 23 924 1838 1238
2815 2 2 1 23 522 1838 2482
2816 2 2 1 23 883 1792 1388
2817 2 2 1 23 354 2364 1259
2818 2 2 1 23 200 201 2080
2819 2 2 1 23 463 1230 2030
2820 2 2 1 23 296 1693 297
2821 2 2 1 23 849 1492 1782
2822 2 2 1 23 674 1698 1665
2823 2 2 1 23 1306 2142 2582
2824 2 2 1 23 686 1952 2372
2825 2 2 1 23 260 1709 261
2826 2 2 1 23 321 1710 322
2827 2 2 1 23 251 1711 252
2828 2 2 1 23 330 1713 331
2829 2 2 1 23 242 1712 243
2830 2 2 1 23 575 1236 2265
2831 2 2 1 23 658 1559 1335
2832 2 2 1 23 836 2563 1200
2833 2 2 1 23 167 2396 1301
2834 2 2 1 23 99 1302 2397
2835 2 2 1 23 654 1757 1602
2836 2 2 1 23 257 1493 258
2837 2 2 1 23 315 1494 316
2838 2 2 1 23 324 1495 325
2839 2 2 1 23 248 1496 249
2840 2 2 1 23 333 1497 334
2841 2 2 1 23 239 1498 240
2842 2 2 1 23 188 189 2477
2843 2 2 1 23 149 1290 2216
2844 2 2 1 23 117 2217 1291
2845 2 2 1 23 88 1820 2241
2846 2 2 1 23 433 1203 2006
2847 2 2 1 23 684 1254 1937
2848 2 2 1 23 711 1213 2241
2849 2 2 1 23 1232 2335 821
2850 2 2 1 23 642 1221 2507
2851 2 2 1 23 1813 2574 2381
2852 2 2 1 23 1812 2382 2575
2853 2 2 1 23 942 2051 2128
2854 2 2 1 23 941 2129 2050
2855 2 2 1 23 445 2223 1499
2856 2 2 1 23 446 1500 2224
2857 2 2 1 23 201 1237 2080
2858 2 2 1 23 688 2374 1851
2859 2 2 1 23 392 1430 1818
2860 2 2 1 23 1445 2238 2283
2861 2 2 1 23 69 70 1800
2862 2 2 1 23 105 106 2065
2863 2 2 1 23 160 161 2064
2864 2 2 1 23 703 1245 2101
2865 2 2 1 23 914 2390 1663
2866 2 2 1 23 67 1234 2519
2867 2 2 1 23 618 1214 2375
2868 2 2 1 23 859 1975 1433
2869 2 2 1 23 463 2030 1265
2870 2 2 1 23 798 1118 1998
2871 2 2 1 23 799 1999 1119
2872 2 2 1 23 2411 1232 821
2873 2 2 1 23 356 1754 1386
2874 2 2 1 23 786 1264 2143
2875 2 2 1 23 743 1532 1784
2876 2 2 1 23 868 2456 1512
2877 2 2 1 23 746 1555 2256
2878 2 2 1 23 893 2216 1290
2879 2 2 1 23 894 1291 2217
2880 2 2 1 23 582 2540 1256
2881 2 2 1 23 687 1287 2182
2882 2 2 1 23 794 2003 1131
2883 2 2 1 23 795 1132 2004
2884 2 2 1 23 533 1257 2254
2885 2 2 1 23 966 1718 1260
2886 2 2 1 23 808 2435 1331
2887 2 2 1 23 757 1641 2055
2888 2 2 1 23 464 2225 1196
2889 2 2 1 23 779 1792 1441
2890 2 2 1 23 459 2090 1193
2891 2 2 1 23 459 1508 2090
2892 2 2 1 23 447 2234 1510
2893 2 2 1 23 448 1511 2235
2894 2 2 1 23 1014 2255 2232
2895 2 2 1 23 1016 2093 2478
2896 2 2 1 23 569 1968 1151
2897 2 2 1 23 568 1152 1969
2898 2 2 1 23 1017 2479 2094
2899 2 2 1 23 975 1784 1532
2900 2 2 1 23 368 1313 2153
2901 2 2 1 23 417 1776 1319
2902 2 2 1 23 969 2427 1771
2903 2 2 1 23 968 1772 2426
2904 2 2 1 23 560 1193 1974
2905 2 2 1 23 559 2335 1232
2906 2 2 1 23 523 1333 1689
2907 2 2 1 23 1033 2226 1692
2908 2 2 1 23 796 1988 1434
2909 2 2 1 23 911 1531 1934
2910 2 2 1 23 312 2379 1341
2911 2 2 1 23 208 2446 1532
2912 2 2 1 23 273 1561 274
2913 2 2 1 23 299 1562 300
2914 2 2 1 23 265 1563 266
2915 2 2 1 23 307 1564 308
2916 2 2 1 23 559 1184 2069
2917 2 2 1 23 357 1386 1841
2918 2 2 1 23 929 2044 2141
2919 2 2 1 23 928 2140 2043
2920 2 2 1 23 825 2254 1257
2921 2 2 1 23 856 2188 2220
2922 2 2 1 23 804 1338 2092
2923 2 2 1 23 805 2091 1337
2924 2 2 1 23 522 1698 1335
2925 2 2 1 23 734 1879 1521
2926 2 2 1 23 149 2194 1290
2927 2 2 1 23 117 1291 2193
2928 2 2 1 23 710 1284 1913
2929 2 2 1 23 559 2069 1159
2930 2 2 1 23 815 2156 1341
2931 2 2 1 23 1034 2227 1690
2932 2 2 1 23 1035 2228 1691
2933 2 2 1 23 76 2047 1197
2934 2 2 1 23 467 2411 2266
2935 2 2 1 23 975 1532 2446
2936 2 2 1 23 282 1298 2431
2937 2 2 1 23 291 2430 1297
2938 2 2 1 23 715 1294 2195
2939 2 2 1 23 714 2196 1293
2940 2 2 1 23 452 2170 1404
2941 2 2 1 23 783 1628 2001
2942 2 2 1 23 784 2002 1627
2943 2 2 1 23 1442 2167 2398
2944 2 2 1 23 1047 1549 2133
2945 2 2 1 23 1048 2132 1550
2946 2 2 1 23 414 1913 1284
2947 2 2 1 23 449 2269 1518
2948 2 2 1 23 450 1519 2268
2949 2 2 1 23 651 2486 1317
2950 2 2 1 23 906 2001 1628
2951 2 2 1 23 905 1627 2002
2952 2 2 1 23 741 2516 1688
2953 2 2 1 23 609 1428 2253
2954 2 2 1 23 647 1351 2042
2955 2 2 1 23 459 1227 2481
2956 2 2 1 23 191 192 1730
2957 2 2 1 23 858 1684 1320
2958 2 2 1 23 767 1795 1547
2959 2 2 1 23 440 2164 1362
2960 2 2 1 23 419 1534 1476
2961 2 2 1 23 639 1418 2024
2962 2 2 1 23 641 2023 1419
2963 2 2 1 23 393 2157 1618
2964 2 2 1 23 453 2246 1479
2965 2 2 1 23 1211 1851 2374
2966 2 2 1 23 787 1649 1514
2967 2 2 1 23 451 2324 1287
2968 2 2 1 23 756 2481 1227
2969 2 2 1 23 636 1646 1395
2970 2 2 1 23 976 1619 1931
2971 2 2 1 23 977 1932 1620
2972 2 2 1 23 858 1320 2419
2973 2 2 1 23 363 1887 1399
2974 2 2 1 23 646 1192 1967
2975 2 2 1 23 521 1334 1708
2976 2 2 1 23 926 2146 2046
2977 2 2 1 23 925 2045 2147
2978 2 2 1 23 735 1740 1319
2979 2 2 1 23 389 1601 1450
2980 2 2 1 23 943 1472 1609
2981 2 2 1 23 944 1610 1473
2982 2 2 1 23 885 1957 2197
2983 2 2 1 23 774 2271 1166
2984 2 2 1 23 852 2333 1930
2985 2 2 1 23 703 2501 1245
2986 2 2 1 23 600 1551 2204
2987 2 2 1 23 601 2203 1552
2988 2 2 1 23 93 94 1647
2989 2 2 1 23 172 173 1648
2990 2 2 1 23 367 1256 2583
2991 2 2 1 23 773 2270 1168
2992 2 2 1 23 778 2272 1167
2993 2 2 1 23 82 2042 1351
2994 2 2 1 23 101 102 1639
2995 2 2 1 23 164 165 1638
2996 2 2 1 23 775 1659 2526
2997 2 2 1 23 1036 2208 1676
2998 2 2 1 23 777 1660 2527
2999 2 2 1 23 726 2180 1304
3000 2 2 1 23 727 1305 2181
3001 2 2 1 23 978 1939 1623
3002 2 2 1 23 979 1624 1938
3003 2 2 1 23 742 1230 1847
3004 2 2 1 23 608 2273 1424
3005 2 2 1 23 501 1936 1285
3006 2 2 1 23 395 1245 2325
3007 2 2 1 23 176 1728 2402
3008 2 2 1 23 90 2401 1727
3009 2 2 1 23 687 2369 1450
3010 2 2 1 23 76 77 2047
3011 2 2 1 23 389 2057 1422
3012 2 2 1 23 274 1561 1481
3013 2 2 1 23 773 1168 1891
3014 2 2 1 23 300 1562 1482
3015 2 2 1 23 646 1962 1729
3016 2 2 1 23 782 1154 1985
3017 2 2 1 23 266 1563 1483
3018 2 2 1 23 980 1943 1629
3019 2 2 1 23 981 1630 1944
3020 2 2 1 23 308 1564 1484
3021 2 2 1 23 820 2118 1374
3022 2 2 1 23 819 2120 1375
3023 2 2 1 23 593 1338 2074
3024 2 2 1 23 592 2075 1337
3025 2 2 1 23 737 1842 2169
3026 2 2 1 23 770 2265 1236
3027 2 2 1 23 856 1783 1416
3028 2 2 1 23 724 1304 2298
3029 2 2 1 23 725 2299 1305
3030 2 2 1 23 698 1514 1649
3031 2 2 1 23 565 2408 1211
3032 2 2 1 23 574 2163 1203
3033 2 2 1 23 643 1308 1828
3034 2 2 1 23 644 1827 1309
3035 2 2 1 23 480 1551 1984
3036 2 2 1 23 481 1986 1552
3037 2 2 1 23 808 2017 1396
3038 2 2 1 23 420 1222 1707
3039 2 2 1 23 825 2153 1313
3040 2 2 1 23 853 1955 2493
3041 2 2 1 23 535 2133 1549
3042 2 2 1 23 534 1550 2132
3043 2 2 1 23 637 1322 1722
3044 2 2 1 23 683 1833 1353
3045 2 2 1 23 834 2266 1461
3046 2 2 1 23 761 1493 1367
3047 2 2 1 23 762 1368 1494
3048 2 2 1 23 763 1496 1370
3049 2 2 1 23 764 1369 1495
3050 2 2 1 23 765 1371 1497
3051 2 2 1 23 766 1498 1372
3052 2 2 1 23 850 1830 1808
3053 2 2 1 23 395 2101 1245
3054 2 2 1 23 704 1689 1333
3055 2 2 1 23 562 2300 1158
3056 2 2 1 23 683 1319 1776
3057 2 2 1 23 721 1261 2402
3058 2 2 1 23 720 2401 1262
3059 2 2 1 23 909 1785 2006
3060 2 2 1 23 549 2016 1264
3061 2 2 1 23 705 1723 2059
3062 2 2 1 23 956 2204 1551
3063 2 2 1 23 955 1552 2203
3064 2 2 1 23 687 1450 1601
3065 2 2 1 23 680 1373 2080
3066 2 2 1 23 811 1445 2283
3067 2 2 1 23 595 1341 2156
3068 2 2 1 23 802 1202 2245
3069 2 2 1 23 312 1341 2236
3070 2 2 1 23 965 1217 1961
3071 2 2 1 23 707 1262 2243
3072 2 2 1 23 706 2244 1261
3073 2 2 1 23 1027 1592 1913
3074 2 2 1 23 504 2330 2197
3075 2 2 1 23 651 1363 1972
3076 2 2 1 23 1014 1926 1581
3077 2 2 1 23 467 1232 2411
3078 2 2 1 23 377 1937 1254
3079 2 2 1 23 405 1274 2037
3080 2 2 1 23 404 2038 1275
3081 2 2 1 23 402 1276 2040
3082 2 2 1 23 403 2039 1277
3083 2 2 1 23 406 1278 2035
3084 2 2 1 23 407 2036 1279
3085 2 2 1 23 742 2163 1233
3086 2 2 1 23 623 2081 1582
3087 2 2 1 23 517 1353 1833
3088 2 2 1 23 484 1441 1792
3089 2 2 1 23 270 2488 1374
3090 2 2 1 23 304 2489 1375
3091 2 2 1 23 433 2161 1203
3092 2 2 1 23 773 1198 2270
3093 2 2 1 23 810 1321 2274
3094 2 2 1 23 747 1207 2158
3095 2 2 1 23 774 1199 2271
3096 2 2 1 23 798 2115 2034
3097 2 2 1 23 364 1399 2229
3098 2 2 1 23 799 2033 2116
3099 2 2 1 23 558 1306 2447
3100 2 2 1 23 1263 2537 1502
3101 2 2 1 23 683 2276 1575
3102 2 2 1 23 778 1201 2272
3103 2 2 1 23 701 1640 1421
3104 2 2 1 23 563 1194 1981
3105 2 2 1 23 278 2502 1383
3106 2 2 1 23 739 2193 1291
3107 2 2 1 23 740 1290 2194
3108 2 2 1 23 457 2136 1407
3109 2 2 1 23 458 1406 2137
3110 2 2 1 23 233 1793 1397
3111 2 2 1 23 837 2447 1306
3112 2 2 1 23 340 1398 1794
3113 2 2 1 23 387 2096 1460
3114 2 2 1 23 489 1415 2521
3115 2 2 1 23 604 1242 2478
3116 2 2 1 23 605 2479 1243
3117 2 2 1 23 683 1653 2276
3118 2 2 1 23 990 1244 1897
3119 2 2 1 23 395 2325 1240
3120 2 2 1 23 538 2372 2560
3121 2 2 1 23 953 1323 1835
3122 2 2 1 23 954 1834 1324
3123 2 2 1 23 951 1327 1836
3124 2 2 1 23 952 1837 1328
3125 2 2 1 23 638 1845 1308
3126 2 2 1 23 640 1309 1846
3127 2 2 1 23 949 1329 1840
3128 2 2 1 23 950 1839 1330
3129 2 2 1 23 389 1450 2057
3130 2 2 1 23 728 1301 2396
3131 2 2 1 23 729 2397 1302
3132 2 2 1 23 615 1374 2118
3133 2 2 1 23 892 1567 2552
3134 2 2 1 23 891 2553 1566
3135 2 2 1 23 616 1375 2120
3136 2 2 1 23 516 1360 1718
3137 2 2 1 23 708 1738 1696
3138 2 2 1 23 709 1697 1739
3139 2 2 1 23 182 183 2343
3140 2 2 1 23 414 1284 2368
3141 2 2 1 23 377 1238 2344
3142 2 2 1 23 415 2458 1596
3143 2 2 1 23 680 1912 1373
3144 2 2 1 23 217 2167 1442
3145 2 2 1 23 710 1266 2061
3146 2 2 1 23 641 1898 1282
3147 2 2 1 23 639 1283 1899
3148 2 2 1 23 432 1745 1395
3149 2 2 1 23 1009 1732 1705
3150 2 2 1 23 808 1632 2017
3151 2 2 1 23 697 1230 2071
3152 2 2 1 23 1411 1491 2449
3153 2 2 1 23 1028 1421 1640
3154 2 2 1 23 675 1584 2431
3155 2 2 1 23 676 2430 1585
3156 2 2 1 23 488 2549 1289
3157 2 2 1 23 741 1688 2360
3158 2 2 1 23 256 2420 1367
3159 2 2 1 23 317 1368 2421
3160 2 2 1 23 326 1369 2423
3161 2 2 1 23 247 2422 1370
3162 2 2 1 23 238 2425 1372
3163 2 2 1 23 335 1371 2424
3164 2 2 1 23 722 1293 2433
3165 2 2 1 23 723 2432 1294
3166 2 2 1 23 538 1416 2372
3167 2 2 1 23 1052 2154 1848
3168 2 2 1 23 785 1264 2016
3169 2 2 1 23 742 1868 1230
3170 2 2 1 23 1051 1366 1826
3171 2 2 1 23 716 1463 2056
3172 2 2 1 23 1004 1600 2198
3173 2 2 1 23 180 181 1615
3174 2 2 1 23 520 1848 2154
3175 2 2 1 23 462 1292 2320
3176 2 2 1 23 636 1353 1646
3177 2 2 1 23 583 2027 1288
3178 2 2 1 23 603 2419 1320
3179 2 2 1 23 368 2058 1313
3180 2 2 1 23 704 1446 1689
3181 2 2 1 23 580 2077 1589
3182 2 2 1 23 399 1199 2520
3183 2 2 1 23 802 2058 1202
3184 2 2 1 23 827 2305 1890
3185 2 2 1 23 368 2153 1716
3186 2 2 1 23 1028 1689 1446
3187 2 2 1 23 359 2417 1388
3188 2 2 1 23 828 2313 1892
3189 2 2 1 23 438 1454 1696
3190 2 2 1 23 439 1697 1455
3191 2 2 1 23 1521 1879 2376
3192 2 2 1 23 82 83 2042
3193 2 2 1 23 398 1201 2522
3194 2 2 1 23 410 2495 2029
3195 2 2 1 23 411 2028 2496
3196 2 2 1 23 603 2532 1451
3197 2 2 1 23 369 2198 1600
3198 2 2 1 23 463 2349 1354
3199 2 2 1 23 469 2207 2073
3200 2 2 1 23 741 1867 2516
3201 2 2 1 23 117 118 2217
3202 2 2 1 23 148 149 2216
3203 2 2 1 23 465 1474 1920
3204 2 2 1 23 1044 1801 2016
3205 2 2 1 23 838 2325 1245
3206 2 2 1 23 17 1952 1365
3207 2 2 1 23 270 1374 2183
3208 2 2 1 23 702 1395 1745
3209 2 2 1 23 304 1375 2184
3210 2 2 1 23 469 1714 1405
3211 2 2 1 23 412 1396 2017
3212 2 2 1 23 843 1929 1312
3213 2 2 1 23 453 2457 2246
3214 2 2 1 23 98 99 2397
3215 2 2 1 23 167 168 2396
3216 2 2 1 23 462 1782 1492
3217 2 2 1 23 451 1236 1956
3218 2 2 1 23 1010 1871 1731
3219 2 2 1 23 711 1731 1871
3220 2 2 1 23 931 2392 1561
3221 2 2 1 23 930 2393 1562
3222 2 2 1 23 788 2515 1423
3223 2 2 1 23 775 2526 1741
3224 2 2 1 23 904 2150 1919
3225 2 2 1 23 933 2394 1563
3226 2 2 1 23 932 2395 1564
3227 2 2 1 23 278 1383 2166
3228 2 2 1 23 437 2464 2081
3229 2 2 1 23 777 2527 1743
3230 2 2 1 23 1024 1259 2364
3231 2 2 1 23 642 1488 1920
3232 2 2 1 23 2286 1303 464
3233 2 2 1 23 394 1342 2378
3234 2 2 1 23 802 1313 2058
3235 2 2 1 23 713 1468 1942
3236 2 2 1 23 739 1291 1778
3237 2 2 1 23 740 1779 1290
3238 2 2 1 23 670 1958 1339
3239 2 2 1 23 669 1340 1959
3240 2 2 1 23 770 1854 1296
3241 2 2 1 23 413 1239 2490
3242 2 2 1 23 678 2462 2170
3243 2 2 1 23 757 1285 1936
3244 2 2 1 23 869 2247 2416
3245 2 2 1 23 1110 2343 2454
3246 2 2 1 23 386 1701 1980
3247 2 2 1 23 912 2017 1632
3248 2 2 1 23 619 1448 1706
3249 2 2 1 23 831 1196 2225
3250 2 2 1 23 390 1214 2487
3251 2 2 1 23 1307 2005 2378
3252 2 2 1 23 957 2535 1545
3253 2 2 1 23 886 2373 2160
3254 2 2 1 23 804 1925 2074
3255 2 2 1 23 805 2075 1924
3256 2 2 1 23 465 1920 1488
3257 2 2 1 23 374 2043 1171
3258 2 2 1 23 381 1172 2044
3259 2 2 1 23 881 1708 1685
3260 2 2 1 23 668 1970 1343
3261 2 2 1 23 667 1344 1971
3262 2 2 1 23 466 1509 1774
3263 2 2 1 23 881 2362 1231
3264 2 2 1 23 375 2050 1174
3265 2 2 1 23 382 1173 2051
3266 2 2 1 23 168 169 1570
3267 2 2 1 23 97 98 1571
3268 2 2 1 23 704 1800 1446
3269 2 2 1 23 875 2289 1493
3270 2 2 1 23 876 1494 2290
3271 2 2 1 23 878 2292 1496
3272 2 2 1 23 877 1495 2291
3273 2 2 1 23 879 2293 1498
3274 2 2 1 23 880 1497 2294
3275 2 2 1 23 373 2046 1177
3276 2 2 1 23 380 1178 2045
3277 2 2 1 23 376 2054 1175
3278 2 2 1 23 383 1176 2053
3279 2 2 1 23 839 1707 1360
3280 2 2 1 23 1073 1596 2458
3281 2 2 1 23 163 2298 1304
3282 2 2 1 23 103 1305 2299
3283 2 2 1 23 533 1989 1361
3284 2 2 1 23 960 1546 2536
3285 2 2 1 23 87 2241 1213
3286 2 2 1 23 831 2060 1196
3287 2 2 1 23 704 1333 1927
3288 2 2 1 23 843 2079 1259
3289 2 2 1 23 710 2061 1284
3290 2 2 1 23 1053 2242 2117
3291 2 2 1 23 665 1347 1976
3292 2 2 1 23 666 1977 1348
3293 2 2 1 23 454 1322 1927
3294 2 2 1 23 733 2418 1332
3295 2 2 1 23 966 1297 1917
3296 2 2 1 23 965 1918 1298
3297 2 2 1 23 112 1419 2023
3298 2 2 1 23 154 2024 1418
3299 2 2 1 23 434 2373 1385
3300 2 2 1 23 872 1704 1781
3301 2 2 1 23 869 2416 1760
3302 2 2 1 23 854 1606 1984
3303 2 2 1 23 855 1986 1607
3304 2 2 1 23 835 2267 2032
3305 2 2 1 23 1303 2225 464
3306 2 2 1 23 310 1676 311
3307 2 2 1 23 825 1257 2153
3308 2 2 1 23 974 1582 2081
3309 2 2 1 23 486 1771 2427
3310 2 2 1 23 485 2426 1772
3311 2 2 1 23 524 1339 1958
3312 2 2 1 23 525 1959 1340
3313 2 2 1 23 796 1978 1988
3314 2 2 1 23 210 211 2523
3315 2 2 1 23 838 1240 2325
3316 2 2 1 23 756 1462 1773
3317 2 2 1 23 873 1235 2342
3318 2 2 1 23 580 1258 2077
3319 2 2 1 23 1287 2419 2182
3320 2 2 1 23 781 1984 1606
3321 2 2 1 23 502 1813 2381
3322 2 2 1 23 503 2382 1812
3323 2 2 1 23 526 1971 1344
3324 2 2 1 23 527 1343 1970
3325 2 2 1 23 780 1607 1986
3326 2 2 1 23 873 1665 1698
3327 2 2 1 23 853 2461 1955
3328 2 2 1 23 730 1781 1704
3329 2 2 1 23 529 1976 1347
3330 2 2 1 23 530 1348 1977
3331 2 2 1 23 884 1722 1411
3332 2 2 1 23 892 1486 1633
3333 2 2 1 23 891 1634 1485
3334 2 2 1 23 776 1742 2336
3335 2 2 1 23 361 1993 362
3336 2 2 1 23 214 2329 1420
3337 2 2 1 23 703 1414 2501
3338 2 2 1 23 163 1304 2180
3339 2 2 1 23 103 2181 1305
3340 2 2 1 23 354 2079 355
3341 2 2 1 23 602 1289 1975
3342 2 2 1 23 302 1690 303
3343 2 2 1 23 268 1691 269
3344 2 2 1 23 812 1826 1366
3345 2 2 1 23 1037 2074 1925
3346 2 2 1 23 1038 1924 2075
3347 2 2 1 23 111 112 2023
3348 2 2 1 23 154 155 2024
3349 2 2 1 23 276 1692 277
3350 2 2 1 23 905 2002 1812
3351 2 2 1 23 906 1813 2001
3352 2 2 1 23 894 2543 1507
3353 2 2 1 23 893 1506 2542
3354 2 2 1 23 947 2370 1573
3355 2 2 1 23 948 1574 2371
3356 2 2 1 23 367 2583 1456
3357 2 2 1 23 857 1883 1362
3358 2 2 1 23 994 2150 1489
3359 2 2 1 23 990 1456 2583
3360 2 2 1 23 155 1208 2024
3361 2 2 1 23 111 2023 1209
3362 2 2 1 23 1041 1988 1978
3363 2 2 1 23 581 1313 2249
3364 2 2 1 23 1221 2073 2207
3365 2 2 1 23 824 2320 1292
3366 2 2 1 23 813 2300 1336
3367 2 2 1 23 956 1968 1325
3368 2 2 1 23 955 1326 1969
3369 2 2 1 23 698 1387 1981
3370 2 2 1 23 1349 2013 1983
3371 2 2 1 23 1350 1982 2012
3372 2 2 1 23 70 1446 1800
3373 2 2 1 23 562 1336 2300
3374 2 2 1 23 847 2378 1342
3375 2 2 1 23 442 1705 1536
3376 2 2 1 23 838 1245 2363
3377 2 2 1 23 574 1233 2163
3378 2 2 1 23 1366 2049 2233
3379 2 2 1 23 2182 2419 603
3380 2 2 1 23 931 1561 2413
3381 2 2 1 23 930 1562 2412
3382 2 2 1 23 856 2220 1535
3383 2 2 1 23 933 1563 2415
3384 2 2 1 23 932 1564 2414
3385 2 2 1 23 149 150 2194
3386 2 2 1 23 116 117 2193
3387 2 2 1 23 388 1964 1376
3388 2 2 1 23 844 1487 2403
3389 2 2 1 23 682 1865 1631
3390 2 2 1 23 516 1917 1402
3391 2 2 1 23 515 1403 1918
3392 2 2 1 23 774 2520 1199
3393 2 2 1 23 683 1776 1833
3394 2 2 1 23 196 1773 1462
3395 2 2 1 23 1433 1975 2549
3396 2 2 1 23 778 2522 1201
3397 2 2 1 23 769 2010 1431
3398 2 2 1 23 768 1432 2011
3399 2 2 1 23 214 215 2329
3400 2 2 1 23 845 1316 2048
3401 2 2 1 23 807 2380 2157
3402 2 2 1 23 370 2233 2049
3403 2 2 1 23 806 1818 1361
3404 2 2 1 23 813 1336 2238
3405 2 2 1 23 886 1385 2373
3406 2 2 1 23 822 1303 2286
3407 2 2 1 23 654 1602 1465
3408 2 2 1 23 679 1744 1930
3409 2 2 1 23 779 1388 1792
3410 2 2 1 23 802 2249 1313
3411 2 2 1 23 888 1635 2490
3412 2 2 1 23 211 212 1824
3413 2 2 1 23 815 1341 2379
3414 2 2 1 23 463 1265 2349
3415 2 2 1 23 832 1916 1658
3416 2 2 1 23 83 1263 2042
3417 2 2 1 23 1029 2372 1952
3418 2 2 1 23 451 1332 2418
3419 2 2 1 23 358 2417 359
3420 2 2 1 23 837 1346 2531
3421 2 2 1 23 995 2332 1953
3422 2 2 1 23 790 1481 1561
3423 2 2 1 23 800 1425 2218
3424 2 2 1 23 927 2525 1885
3425 2 2 1 23 791 1482 1562
3426 2 2 1 23 792 1483 1563
3427 2 2 1 23 793 1484 1564
3428 2 2 1 23 816 1692 2226
3429 2 2 1 23 833 2232 2255
3430 2 2 1 23 734 1285 2005
3431 2 2 1 23 744 1706 1448
3432 2 2 1 23 801 1354 2349
3433 2 2 1 23 311 2379 312
3434 2 2 1 23 1109 2506 1533
3435 2 2 1 23 1288 2027 1475
3436 2 2 1 23 806 1361 1989
3437 2 2 1 23 455 2187 1467
3438 2 2 1 23 757 2055 1285
3439 2 2 1 23 623 1312 2081
3440 2 2 1 23 986 2463 1706
3441 2 2 1 23 581 2407 1313
3442 2 2 1 23 1504 2398 2403
3443 2 2 1 23 355 1754 356
3444 2 2 1 23 819 1690 2227
3445 2 2 1 23 820 1691 2228
3446 2 2 1 23 456 1829 1471
3447 2 2 1 23 829 1881 2360
3448 2 2 1 23 755 1576 1777
3449 2 2 1 23 619 1342 1965
3450 2 2 1 23 277 2502 278
3451 2 2 1 23 269 2488 270
3452 2 2 1 23 303 2489 304
3453 2 2 1 23 1039 1922 1936
3454 2 2 1 23 935 1367 2420
3455 2 2 1 23 936 2421 1368
3456 2 2 1 23 938 2423 1369
3457 2 2 1 23 937 1370 2422
3458 2 2 1 23 940 1372 2425
3459 2 2 1 23 939 2424 1371
3460 2 2 1 23 769 1983 2013
3461 2 2 1 23 768 2012 1982
3462 2 2 1 23 1641 2572 2055
3463 2 2 1 23 1362 2164 2558
3464 2 2 1 23 469 1405 2207
3465 2 2 1 23 797 1996 1934
3466 2 2 1 23 460 2117 2242
3467 2 2 1 23 1185 2157 2380
3468 2 2 1 23 462 1492 1966
3469 2 2 1 23 837 2368 1284
3470 2 2 1 23 1031 2278 1833
3471 2 2 1 23 1453 2189 2331
3472 2 2 1 23 584 1394 2088
3473 2 2 1 23 585 2089 1393
3474 2 2 1 23 212 1469 1824
3475 2 2 1 23 415 2512 2467
3476 2 2 1 23 561 2277 1447
3477 2 2 1 23 516 2221 1360
3478 2 2 1 23 648 1540 1684
3479 2 2 1 23 712 1705 1732
3480 2 2 1 23 483 1625 2366
3481 2 2 1 23 566 1835 1323
3482 2 2 1 23 567 1324 1834
3483 2 2 1 23 570 1836 1327
3484 2 2 1 23 571 1328 1837
3485 2 2 1 23 887 1505 2466
3486 2 2 1 23 713 1942 1636
3487 2 2 1 23 815 1676 2208
3488 2 2 1 23 572 1840 1329
3489 2 2 1 23 573 1330 1839
3490 2 2 1 23 535 1310 2020
3491 2 2 1 23 534 2021 1311
3492 2 2 1 23 1134 1506 2010
3493 2 2 1 23 1135 2011 1507
3494 2 2 1 23 463 1354 2399
3495 2 2 1 23 822 1817 2504
3496 2 2 1 23 1265 2030 1611
3497 2 2 1 23 2558 2164 701
3498 2 2 1 23 184 2539 1357
3499 2 2 1 23 956 1551 2491
3500 2 2 1 23 955 2492 1552
3501 2 2 1 23 472 1949 1434
3502 2 2 1 23 836 2279 1333
3503 2 2 1 23 489 2521 1854
3504 2 2 1 23 586 1392 2099
3505 2 2 1 23 587 2100 1391
3506 2 2 1 23 471 1889 1575
3507 2 2 1 23 482 1972 1363
3508 2 2 1 23 353 2364 354
3509 2 2 1 23 1166 1516 2007
3510 2 2 1 23 387 2189 1453
3511 2 2 1 23 1167 1517 2009
3512 2 2 1 23 796 1949 1400
3513 2 2 1 23 196 197 1773
3514 2 2 1 23 874 1447 2277
3515 2 2 1 23 733 1466 2168
3516 2 2 1 23 647 2304 1351
3517 2 2 1 23 225 1788 226
3518 2 2 1 23 882 1724 1995
3519 2 2 1 23 611 2062 1349
3520 2 2 1 23 612 1350 2063
3521 2 2 1 23 441 1463 1871
3522 2 2 1 23 106 107 1787
3523 2 2 1 23 159 160 1786
3524 2 2 1 23 578 2531 1346
3525 2 2 1 23 347 1789 348
3526 2 2 1 23 146 1337 2091
3527 2 2 1 23 120 2092 1338
3528 2 2 1 23 847 1408 2498
3529 2 2 1 23 78 2048 1316
3530 2 2 1 23 681 1296 2521
3531 2 2 1 23 517 1833 2278
3532 2 2 1 23 470 2160 1649
3533 2 2 1 23 232 1793 233
3534 2 2 1 23 340 1794 341
3535 2 2 1 23 1180 2580 1870
3536 2 2 1 23 174 175 2244
3537 2 2 1 23 91 92 2243
3538 2 2 1 23 588 2121 1390
3539 2 2 1 23 589 1389 2122
3540 2 2 1 23 976 1604 1621
3541 2 2 1 23 977 1622 1603
3542 2 2 1 23 77 2428 2047
3543 2 2 1 23 470 2237 2160
3544 2 2 1 23 420 1424 1891
3545 2 2 1 23 419 2162 1565
3546 2 2 1 23 389 1490 1801
3547 2 2 1 23 849 2328 1492
3548 2 2 1 23 258 1493 2289
3549 2 2 1 23 315 2290 1494
3550 2 2 1 23 324 2291 1495
3551 2 2 1 23 249 1496 2292
3552 2 2 1 23 240 1498 2293
3553 2 2 1 23 333 2294 1497
3554 2 2 1 23 578 1535 2220
3555 2 2 1 23 548 1870 2580
3556 2 2 1 23 748 2472 1377
3557 2 2 1 23 749 1378 2471
3558 2 2 1 23 750 2474 1379
3559 2 2 1 23 751 1380 2473
3560 2 2 1 23 752 2476 1381
3561 2 2 1 23 753 1382 2475
3562 2 2 1 23 1085 1349 2062
3563 2 2 1 23 1086 2063 1350
3564 2 2 1 23 848 1733 2219
3565 2 2 1 23 911 1934 1996
3566 2 2 1 23 175 1261 2244
3567 2 2 1 23 91 2243 1262
3568 2 2 1 23 283 2453 284
3569 2 2 1 23 289 2452 290
3570 2 2 1 23 596 2200 2259
3571 2 2 1 23 597 2260 2199
3572 2 2 1 23 598 2202 2261
3573 2 2 1 23 599 2262 2201
3574 2 2 1 23 601 2264 2203
3575 2 2 1 23 600 2204 2263
3576 2 2 1 23 797 1934 1475
3577 2 2 1 23 594 2205 2257
3578 2 2 1 23 903 1832 2275
3579 2 2 1 23 1029 2560 2372
3580 2 2 1 23 419 1321 2340
3581 2 2 1 23 824 2505 1819
3582 2 2 1 23 788 1423 2022
3583 2 2 1 23 810 1351 2304
3584 2 2 1 23 979 1594 1644
3585 2 2 1 23 978 1645 1593
3586 2 2 1 23 767 1756 1798
3587 2 2 1 23 820 1374 2488
3588 2 2 1 23 819 1375 2489
3589 2 2 1 23 748 2440 1390
3590 2 2 1 23 749 1389 2439
3591 2 2 1 23 750 2442 1391
3592 2 2 1 23 751 1392 2441
3593 2 2 1 23 1014 2232 1740
3594 2 2 1 23 752 2443 1393
3595 2 2 1 23 753 1394 2444
3596 2 2 1 23 369 1715 2198
3597 2 2 1 23 569 1325 1968
3598 2 2 1 23 568 1969 1326
3599 2 2 1 23 459 2481 1412
3600 2 2 1 23 533 1361 2483
3601 2 2 1 23 290 2430 291
3602 2 2 1 23 282 2431 283
3603 2 2 1 23 816 1383 2502
3604 2 2 1 23 578 2185 1535
3605 2 2 1 23 498 1431 2010
3606 2 2 1 23 499 2011 1432
3607 2 2 1 23 390 2581 1320
3608 2 2 1 23 737 1376 1964
3609 2 2 1 23 399 2520 1355
3610 2 2 1 23 209 210 1804
3611 2 2 1 23 980 1656 1587
3612 2 2 1 23 981 1588 1657
3613 2 2 1 23 1157 1516 2118
3614 2 2 1 23 1156 1517 2120
3615 2 2 1 23 398 2522 1358
3616 2 2 1 23 831 2225 1303
3617 2 2 1 23 949 2541 1578
3618 2 2 1 23 826 1886 2336
3619 2 2 1 23 796 1400 2322
3620 2 2 1 23 394 2378 2005
3621 2 2 1 23 984 1661 1591
3622 2 2 1 23 985 1590 1662
3623 2 2 1 23 391 1443 2071
3624 2 2 1 23 503 1812 2002
3625 2 2 1 23 502 2001 1813
3626 2 2 1 23 752 1393 2089
3627 2 2 1 23 753 2088 1394
3628 2 2 1 23 473 1921 2498
3629 2 2 1 23 750 1391 2100
3630 2 2 1 23 751 2099 1392
3631 2 2 1 23 749 2122 1389
3632 2 2 1 23 748 1390 2121
3633 2 2 1 23 830 1798 1756
3634 2 2 1 23 761 1872 2350
3635 2 2 1 23 762 2351 1873
3636 2 2 1 23 763 1875 2353
3637 2 2 1 23 764 2352 1874
3638 2 2 1 23 765 2354 1877
3639 2 2 1 23 766 1876 2355
3640 2 2 1 23 835 2032 1504
3641 2 2 1 23 887 1930 1744
3642 2 2 1 23 824 1241 2320
3643 2 2 1 23 882 1995 2317
3644 2 2 1 23 423 2179 1247
3645 2 2 1 23 427 1249 2176
3646 2 2 1 23 426 2177 1248
3647 2 2 1 23 428 1250 2172
3648 2 2 1 23 429 2173 1251
3649 2 2 1 23 430 2175 1252
3650 2 2 1 23 431 1253 2174
3651 2 2 1 23 273 2413 1561
3652 2 2 1 23 299 2412 1562
3653 2 2 1 23 648 1385 2114
3654 2 2 1 23 265 2415 1563
3655 2 2 1 23 307 2414 1564
3656 2 2 1 23 1050 1548 2220
3657 2 2 1 23 163 164 2298
3658 2 2 1 23 102 103 2299
3659 2 2 1 23 773 1891 1424
3660 2 2 1 23 171 1293 2196
3661 2 2 1 23 95 2195 1294
3662 2 2 1 23 908 2454 2343
3663 2 2 1 23 651 1238 2565
3664 2 2 1 23 205 206 2022
3665 2 2 1 23 844 2398 2167
3666 2 2 1 23 689 1587 1656
3667 2 2 1 23 690 1657 1588
3668 2 2 1 23 693 1662 1590
3669 2 2 1 23 694 1591 1661
3670 2 2 1 23 774 2007 1642
3671 2 2 1 23 718 1751 2102
3672 2 2 1 23 719 2103 1752
3673 2 2 1 23 868 1920 1474
3674 2 2 1 23 778 2009 1643
3675 2 2 1 23 857 1503 2252
3676 2 2 1 23 167 1301 2102
3677 2 2 1 23 99 2103 1302
3678 2 2 1 23 745 2434 1479
3679 2 2 1 23 441 1757 2056
3680 2 2 1 23 538 2188 1416
3681 2 2 1 23 475 2351 1436
3682 2 2 1 23 474 1435 2350
3683 2 2 1 23 477 2352 1438
3684 2 2 1 23 476 1437 2353
3685 2 2 1 23 479 1440 2355
3686 2 2 1 23 478 2354 1439
3687 2 2 1 23 733 1332 2151
3688 2 2 1 23 775 1356 2280
3689 2 2 1 23 357 1841 358
3690 2 2 1 23 755 1413 2139
3691 2 2 1 23 462 2320 1241
3692 2 2 1 23 214 1420 2239
3693 2 2 1 23 949 2513 2541
3694 2 2 1 23 777 1359 2282
3695 2 2 1 23 691 1593 1645
3696 2 2 1 23 692 1644 1594
3697 2 2 1 23 785 1801 1490
3698 2 2 1 23 399 1355 2025
3699 2 2 1 23 686 1858 1365
3700 2 2 1 23 400 2026 1356
3701 2 2 1 23 1103 2018 1553
3702 2 2 1 23 1258 1470 2077
3703 2 2 1 23 825 1313 2407
3704 2 2 1 23 841 2207 1405
3705 2 2 1 23 708 1786 2064
3706 2 2 1 23 709 2065 1787
3707 2 2 1 23 278 2166 279
3708 2 2 1 23 270 2183 271
3709 2 2 1 23 304 2184 305
3710 2 2 1 23 411 2013 1349
3711 2 2 1 23 410 1350 2012
3712 2 2 1 23 312 2236 313
3713 2 2 1 23 1100 1554 2015
3714 2 2 1 23 219 220 2450
3715 2 2 1 23 671 2067 1769
3716 2 2 1 23 672 1770 2068
3717 2 2 1 23 757 1936 1922
3718 2 2 1 23 435 2566 1409
3719 2 2 1 23 398 1358 2033
3720 2 2 1 23 401 2034 1359
3721 2 2 1 23 822 2286 1255
3722 2 2 1 23 464 1255 2286
3723 2 2 1 23 935 2082 1367
3724 2 2 1 23 936 1368 2083
3725 2 2 1 23 937 2084 1370
3726 2 2 1 23 938 1369 2085
3727 2 2 1 23 939 1371 2086
3728 2 2 1 23 940 2087 1372
3729 2 2 1 23 788 1880 2515
3730 2 2 1 23 1219 2088 1859
3731 2 2 1 23 1220 1860 2089
3732 2 2 1 23 1084 2514 2388
3733 2 2 1 23 1083 2387 2513
3734 2 2 1 23 924 1895 2482
3735 2 2 1 23 1081 2385 2510
3736 2 2 1 23 1082 2511 2386
3737 2 2 1 23 1079 2383 2508
3738 2 2 1 23 1080 2509 2384
3739 2 2 1 23 1224 1861 2100
3740 2 2 1 23 1223 2099 1862
3741 2 2 1 23 489 1935 1415
3742 2 2 1 23 796 1434 1949
3743 2 2 1 23 1225 1863 2121
3744 2 2 1 23 1226 2122 1864
3745 2 2 1 23 580 1492 2328
3746 2 2 1 23 103 104 2181
3747 2 2 1 23 162 163 2180
3748 2 2 1 23 695 1603 1622
3749 2 2 1 23 696 1621 1604
3750 2 2 1 23 206 1464 2022
3751 2 2 1 23 510 1377 2472
3752 2 2 1 23 509 2471 1378
3753 2 2 1 23 512 1379 2474
3754 2 2 1 23 511 2473 1380
3755 2 2 1 23 513 1381 2476
3756 2 2 1 23 514 2475 1382
3757 2 2 1 23 624 2576 1364
3758 2 2 1 23 205 2022 1423
3759 2 2 1 23 480 2491 1551
3760 2 2 1 23 481 1552 2492
3761 2 2 1 23 1229 2127 1866
3762 2 2 1 23 837 1284 2447
3763 2 2 1 23 635 2398 1504
3764 2 2 1 23 676 2575 1402
3765 2 2 1 23 675 1403 2574
3766 2 2 1 23 783 1538 2533
3767 2 2 1 23 784 2534 1539
3768 2 2 1 23 902 2465 1560
3769 2 2 1 23 890 2171 1825
3770 2 2 1 23 1228 1867 2131
3771 2 2 1 23 186 2466 1505
3772 2 2 1 23 1248 2259 2200
3773 2 2 1 23 1249 2199 2260
3774 2 2 1 23 1251 2261 2202
3775 2 2 1 23 1250 2201 2262
3776 2 2 1 23 1253 2203 2264
3777 2 2 1 23 1252 2263 2204
3778 2 2 1 23 1247 2257 2205
3779 2 2 1 23 223 2519 2494
3780 2 2 1 23 756 1894 1462
3781 2 2 1 23 519 1542 1825
3782 2 2 1 23 533 2254 1989
3783 2 2 1 23 635 1504 2032
3784 2 2 1 23 213 214 2239
3785 2 2 1 23 362 1887 363
3786 2 2 1 23 739 1573 2193
3787 2 2 1 23 740 2194 1574
3788 2 2 1 23 85 86 1884
3789 2 2 1 23 533 2483 1865
3790 2 2 1 23 92 93 2517
3791 2 2 1 23 173 174 2518
3792 2 2 1 23 1133 1423 2515
3793 2 2 1 23 847 1307 2378
3794 2 2 1 23 1049 1673 2365
3795 2 2 1 23 772 2237 1612
3796 2 2 1 23 74 2252 1503
3797 2 2 1 23 552 2319 1614
3798 2 2 1 23 551 1613 2318
3799 2 2 1 23 732 2137 1406
3800 2 2 1 23 731 1407 2136
3801 2 2 1 23 441 2056 1463
3802 2 2 1 23 790 1561 2392
3803 2 2 1 23 604 2478 2093
3804 2 2 1 23 791 1562 2393
3805 2 2 1 23 1155 1742 2314
3806 2 2 1 23 605 2094 2479
3807 2 2 1 23 792 1563 2394
3808 2 2 1 23 793 1564 2395
3809 2 2 1 23 822 2504 2341
3810 2 2 1 23 867 2310 2562
3811 2 2 1 23 866 2561 2311
3812 2 2 1 23 746 2049 1366
3813 2 2 1 23 789 1459 1992
3814 2 2 1 23 473 2498 1408
3815 2 2 1 23 579 1331 2435
3816 2 2 1 23 814 2582 2142
3817 2 2 1 23 603 1320 2532
3818 2 2 1 23 980 1587 2544
3819 2 2 1 23 981 2545 1588
3820 2 2 1 23 650 2347 1485
3821 2 2 1 23 649 1486 2348
3822 2 2 1 23 1145 2405 1993
3823 2 2 1 23 985 2546 1590
3824 2 2 1 23 984 1591 2547
3825 2 2 1 23 797 1475 2027
3826 2 2 1 23 402 1390 2440
3827 2 2 1 23 403 2439 1389
3828 2 2 1 23 405 1391 2442
3829 2 2 1 23 404 2441 1392
3830 2 2 1 23 406 1393 2443
3831 2 2 1 23 407 2444 1394
3832 2 2 1 23 385 1306 2582
3833 2 2 1 23 1401 1815 2579
3834 2 2 1 23 991 1555 2161
3835 2 2 1 23 519 1825 2171
3836 2 2 1 23 283 1584 2453
3837 2 2 1 23 290 2452 1585
3838 2 2 1 23 744 1448 2149
3839 2 2 1 23 867 2562 1931
3840 2 2 1 23 866 1932 2561
3841 2 2 1 23 151 152 2371
3842 2 2 1 23 114 115 2370
3843 2 2 1 23 903 2275 2580
3844 2 2 1 23 504 2197 1957
3845 2 2 1 23 831 1777 1576
3846 2 2 1 23 14 2485 112
3847 2 2 1 23 15 154 2484
3848 2 2 1 23 1160 1578 2156
3849 2 2 1 23 657 1869 2097
3850 2 2 1 23 813 2238 1445
3851 2 2 1 23 623 1582 2258
3852 2 2 1 23 946 2297 1521
3853 2 2 1 23 761 1367 2082
3854 2 2 1 23 762 2083 1368
3855 2 2 1 23 763 1370 2084
3856 2 2 1 23 764 2085 1369
3857 2 2 1 23 765 2086 1371
3858 2 2 1 23 766 1372 2087
3859 2 2 1 23 786 2052 1537
3860 2 2 1 23 839 1360 2221
3861 2 2 1 23 978 1593 2554
3862 2 2 1 23 979 2555 1594
3863 2 2 1 23 482 1363 1990
3864 2 2 1 23 415 2467 1631
3865 2 2 1 23 994 2556 2150
3866 2 2 1 23 283 2431 1584
3867 2 2 1 23 290 1585 2430
3868 2 2 1 23 804 2092 1844
3869 2 2 1 23 805 1843 2091
3870 2 2 1 23 831 1303 2251
3871 2 2 1 23 911 2297 2240
3872 2 2 1 23 220 221 2358
3873 2 2 1 23 1221 2207 1715
3874 2 2 1 23 824 2361 2505
3875 2 2 1 23 889 1993 2405
3876 2 2 1 23 88 89 2469
3877 2 2 1 23 177 178 2468
3878 2 2 1 23 1234 2494 2519
3879 2 2 1 23 2549 488 2367
3880 2 2 1 23 580 2328 1258
3881 2 2 1 23 783 2533 1628
3882 2 2 1 23 784 1627 2534
3883 2 2 1 23 543 1530 2256
3884 2 2 1 23 374 2544 1587
3885 2 2 1 23 381 1588 2545
3886 2 2 1 23 744 2149 2190
3887 2 2 1 23 660 1857 2128
3888 2 2 1 23 659 2129 1856
3889 2 2 1 23 713 1636 1980
3890 2 2 1 23 209 1804 2446
3891 2 2 1 23 380 1590 2546
3892 2 2 1 23 373 2547 1591
3893 2 2 1 23 810 2340 1321
3894 2 2 1 23 488 1781 2367
3895 2 2 1 23 672 2550 1314
3896 2 2 1 23 671 1315 2551
3897 2 2 1 23 1089 1989 2254
3898 2 2 1 23 650 1310 2347
3899 2 2 1 23 649 2348 1311
3900 2 2 1 23 202 203 1950
3901 2 2 1 23 1085 2062 2221
3902 2 2 1 23 1086 2222 2063
3903 2 2 1 23 220 1513 2450
3904 2 2 1 23 865 2309 2555
3905 2 2 1 23 864 2554 2308
3906 2 2 1 23 858 2324 1956
3907 2 2 1 23 365 1940 366
3908 2 2 1 23 883 2258 1582
3909 2 2 1 23 681 2521 1415
3910 2 2 1 23 869 1409 2566
3911 2 2 1 23 1050 2529 1352
3912 2 2 1 23 645 2206 1618
3913 2 2 1 23 611 1349 1983
3914 2 2 1 23 612 1982 1350
3915 2 2 1 23 759 2124 1553
3916 2 2 1 23 619 2165 1448
3917 2 2 1 23 787 1514 2148
3918 2 2 1 23 808 1396 2435
3919 2 2 1 23 661 2140 1849
3920 2 2 1 23 662 1850 2141
3921 2 2 1 23 977 1603 2561
3922 2 2 1 23 976 2562 1604
3923 2 2 1 23 391 2406 1724
3924 2 2 1 23 170 171 2196
3925 2 2 1 23 95 96 2195
3926 2 2 1 23 865 2555 1938
3927 2 2 1 23 864 1939 2554
3928 2 2 1 23 453 1942 1468
3929 2 2 1 23 776 1428 2314
3930 2 2 1 23 399 1675 1886
3931 2 2 1 23 910 1816 2104
3932 2 2 1 23 857 1362 2558
3933 2 2 1 23 375 2554 1593
3934 2 2 1 23 382 1594 2555
3935 2 2 1 23 760 1554 2095
3936 2 2 1 23 199 2569 1373
3937 2 2 1 23 830 2436 2105
3938 2 2 1 23 697 2071 1443
3939 2 2 1 23 839 2221 2062
3940 2 2 1 23 840 2063 2222
3941 2 2 1 23 890 1535 2185
3942 2 2 1 23 461 2238 1336
3943 2 2 1 23 702 1825 1542
3944 2 2 1 23 841 1715 2207
3945 2 2 1 23 663 2146 1853
3946 2 2 1 23 664 1852 2147
3947 2 2 1 23 515 1961 1541
3948 2 2 1 23 579 2435 1396
3949 2 2 1 23 883 1388 2417
3950 2 2 1 23 193 1992 1459
3951 2 2 1 23 685 1979 1410
3952 2 2 1 23 697 1611 2030
3953 2 2 1 23 895 1872 1761
3954 2 2 1 23 896 1762 1873
3955 2 2 1 23 898 1875 1763
3956 2 2 1 23 897 1764 1874
3957 2 2 1 23 899 1765 1877
3958 2 2 1 23 900 1876 1766
3959 2 2 1 23 702 1745 1825
3960 2 2 1 23 863 2547 2302
3961 2 2 1 23 862 2301 2546
3962 2 2 1 23 861 2306 2545
3963 2 2 1 23 860 2544 2307
3964 2 2 1 23 1433 2549 2367
3965 2 2 1 23 1021 1889 1721
3966 2 2 1 23 1181 1682 2512
3967 2 2 1 23 885 2197 1896
3968 2 2 1 23 648 2114 1540
3969 2 2 1 23 861 2545 1944
3970 2 2 1 23 860 1943 2544
3971 2 2 1 23 863 1945 2547
3972 2 2 1 23 862 2546 1946
3973 2 2 1 23 435 1726 2566
3974 2 2 1 23 583 1288 2337
3975 2 2 1 23 570 1327 2106
3976 2 2 1 23 571 2107 1328
3977 2 2 1 23 684 1937 2416
3978 2 2 1 23 566 1323 2108
3979 2 2 1 23 567 2109 1324
3980 2 2 1 23 569 2112 1325
3981 2 2 1 23 568 1326 2113
3982 2 2 1 23 726 1617 2180
3983 2 2 1 23 727 2181 1616
3984 2 2 1 23 572 1329 2111
3985 2 2 1 23 573 2110 1330
3986 2 2 1 23 145 146 2091
3987 2 2 1 23 120 121 2092
3988 2 2 1 23 471 1721 1889
3989 2 2 1 23 376 2561 1603
3990 2 2 1 23 383 1604 2562
3991 2 2 1 23 595 1578 2541
3992 2 2 1 23 517 2278 1858
3993 2 2 1 23 785 2059 2117
3994 2 2 1 23 852 2477 1400
3995 2 2 1 23 997 1940 2229
3996 2 2 1 23 515 1541 2222
3997 2 2 1 23 997 2560 1940
3998 2 2 1 23 769 1431 2571
3999 2 2 1 23 768 2570 1432
4000 2 2 1 23 501 1521 2297
4001 2 2 1 23 618 2365 1427
4002 2 2 1 23 200 1373 2569
4003 2 2 1 23 418 1560 2465
4004 2 2 1 23 874 2428 2330
4005 2 2 1 23 1045 2565 1838
4006 2 2 1 23 803 2248 2312
4007 2 2 1 23 636 1460 2096
4008 2 2 1 23 193 194 1992
4009 2 2 1 23 907 2524 1537
4010 2 2 1 23 78 79 2048
4011 2 2 1 23 626 1411 2449
4012 2 2 1 23 922 2028 1402
4013 2 2 1 23 921 1403 2029
4014 2 2 1 23 1316 2330 2428
4015 2 2 1 23 430 1859 2175
4016 2 2 1 23 431 2174 1860
4017 2 2 1 23 429 1862 2173
4018 2 2 1 23 428 2172 1861
4019 2 2 1 23 423 1866 2179
4020 2 2 1 23 426 1864 2177
4021 2 2 1 23 427 2176 1863
4022 2 2 1 23 803 1882 2248
4023 2 2 1 23 686 2372 1416
4024 2 2 1 23 518 1919 2150
4025 2 2 1 23 153 2484 1418
4026 2 2 1 23 113 1419 2485
4027 2 2 1 23 614 2281 2231
4028 2 2 1 23 996 2483 2557
4029 2 2 1 23 724 2298 1638
4030 2 2 1 23 725 1639 2299
4031 2 2 1 23 416 2060 1576
4032 2 2 1 23 482 2454 1452
4033 2 2 1 23 1565 2162 2568
4034 2 2 1 23 1246 2528 2170
4035 2 2 1 23 882 2317 1405
4036 2 2 1 23 760 2095 1583
4037 2 2 1 23 771 1974 2090
4038 2 2 1 23 415 1631 2458
4039 2 2 1 23 733 1987 1466
4040 2 2 1 23 604 2093 1355
4041 2 2 1 23 605 1356 2094
4042 2 2 1 23 759 1586 2124
4043 2 2 1 23 1103 1963 2410
4044 2 2 1 23 1254 1941 2139
4045 2 2 1 23 969 1769 2067
4046 2 2 1 23 968 2068 1770
4047 2 2 1 23 788 2022 1464
4048 2 2 1 23 906 1628 2453
4049 2 2 1 23 905 2452 1627
4050 2 2 1 23 220 2358 1513
4051 2 2 1 23 752 1381 2443
4052 2 2 1 23 753 2444 1382
4053 2 2 1 23 750 1379 2442
4054 2 2 1 23 751 2441 1380
4055 2 2 1 23 748 1377 2440
4056 2 2 1 23 749 2439 1378
4057 2 2 1 23 604 1355 2316
4058 2 2 1 23 812 2451 1826
4059 2 2 1 23 444 1477 2327
4060 2 2 1 23 443 2326 1478
4061 2 2 1 23 921 2029 2495
4062 2 2 1 23 922 2496 2028
4063 2 2 1 23 421 2314 1428
4064 2 2 1 23 607 1358 2321
4065 2 2 1 23 20 1475 1934
4066 2 2 1 23 605 2280 1356
4067 2 2 1 23 636 2096 1653
4068 2 2 1 23 710 1913 1592
4069 2 2 1 23 606 2282 1359
4070 2 2 1 23 685 1443 2031
4071 2 2 1 23 1100 2429 1960
4072 2 2 1 23 852 1807 2477
4073 2 2 1 23 1054 2105 2436
4074 2 2 1 23 813 2331 2189
4075 2 2 1 23 553 2501 1414
4076 2 2 1 23 834 1729 1962
4077 2 2 1 23 812 1366 2233
4078 2 2 1 23 831 1576 2060
4079 2 2 1 23 222 223 2494
4080 2 2 1 23 841 2198 1715
4081 2 2 1 23 579 1396 2409
4082 2 2 1 23 736 2104 1816
4083 2 2 1 23 922 1402 2575
4084 2 2 1 23 921 2574 1403
4085 2 2 1 23 787 1921 1658
4086 2 2 1 23 549 1537 2524
4087 2 2 1 23 908 1452 2454
4088 2 2 1 23 922 2575 2382
4089 2 2 1 23 921 2381 2574
4090 2 2 1 23 859 2239 1420
4091 2 2 1 23 728 2396 1570
4092 2 2 1 23 729 1571 2397
4093 2 2 1 23 771 2090 1508
4094 2 2 1 23 398 1736 1881
4095 2 2 1 23 1053 2117 2059
4096 2 2 1 23 772 1612 2375
4097 2 2 1 23 678 2170 2528
4098 2 2 1 23 509 1761 2082
4099 2 2 1 23 510 2083 1762
4100 2 2 1 23 511 1763 2084
4101 2 2 1 23 512 2085 1764
4102 2 2 1 23 513 2086 1765
4103 2 2 1 23 514 1766 2087
4104 2 2 1 23 846 2577 1434
4105 2 2 1 23 734 1599 1879
4106 2 2 1 23 996 1865 2483
4107 2 2 1 23 658 2098 1928
4108 2 2 1 23 189 190 2322
4109 2 2 1 23 623 1386 2230
4110 2 2 1 23 856 1416 2188
4111 2 2 1 23 780 2410 1963
4112 2 2 1 23 489 1854 2538
4113 2 2 1 23 1031 1833 1776
4114 2 2 1 23 1726 2247 2566
4115 2 2 1 23 421 1401 2579
4116 2 2 1 23 626 2578 1411
4117 2 2 1 23 913 1618 2206
4118 2 2 1 23 1054 1654 2105
4119 2 2 1 23 553 1414 2303
4120 2 2 1 23 434 1387 2373
4121 2 2 1 23 615 2118 1516
4122 2 2 1 23 616 2120 1517
4123 2 2 1 23 14 113 2485
4124 2 2 1 23 15 2484 153
4125 2 2 1 23 99 100 2103
4126 2 2 1 23 166 167 2102
4127 2 2 1 23 1039 2559 1417
4128 2 2 1 23 1054 2436 2266
4129 2 2 1 23 781 1960 2429
4130 2 2 1 23 489 2168 1466
4131 2 2 1 23 287 2534 288
4132 2 2 1 23 285 2533 286
4133 2 2 1 23 13 2519 223
4134 2 2 1 23 445 1499 2339
4135 2 2 1 23 446 2338 1500
4136 2 2 1 23 620 2331 1445
4137 2 2 1 23 635 1442 2398
4138 2 2 1 23 489 2538 2168
4139 2 2 1 23 884 1411 2578
4140 2 2 1 23 370 2148 1514
4141 2 2 1 23 699 2057 1450
4142 2 2 1 23 682 1631 2467
4143 2 2 1 23 1010 2097 1869
4144 2 2 1 23 561 1447 2186
4145 2 2 1 23 682 2467 1605
4146 2 2 1 23 811 2283 1480
4147 2 2 1 23 189 2322 1400
4148 2 2 1 23 1258 2328 1788
4149 2 2 1 23 1161 2571 1749
4150 2 2 1 23 1162 1748 2570
4151 2 2 1 23 832 2470 1916
4152 2 2 1 23 474 2388 2514
4153 2 2 1 23 475 2513 2387
4154 2 2 1 23 658 1928 1559
4155 2 2 1 23 477 2510 2385
4156 2 2 1 23 476 2386 2511
4157 2 2 1 23 478 2508 2383
4158 2 2 1 23 479 2384 2509
4159 2 2 1 23 787 1916 1649
4160 2 2 1 23 715 2195 1791
4161 2 2 1 23 714 1790 2196
4162 2 2 1 23 996 1631 1865
4163 2 2 1 23 487 1679 2332
4164 2 2 1 23 1222 2231 2281
4165 2 2 1 23 397 2284 1674
4166 2 2 1 23 813 1445 2331
4167 2 2 1 23 1099 2359 2404
4168 2 2 1 23 996 2458 1631
4169 2 2 1 23 217 218 2167
4170 2 2 1 23 788 1579 2242
4171 2 2 1 23 1193 2090 1974
4172 2 2 1 23 817 2318 1613
4173 2 2 1 23 818 1614 2319
4174 2 2 1 23 770 1456 2265
4175 2 2 1 23 787 1658 1916
4176 2 2 1 23 174 2244 1823
4177 2 2 1 23 92 1822 2243
4178 2 2 1 23 681 1479 2246
4179 2 2 1 23 844 2403 2398
4180 2 2 1 23 623 2258 1386
4181 2 2 1 23 642 2507 1488
4182 2 2 1 23 472 1434 2577
4183 2 2 1 23 1007 2128 1857
4184 2 2 1 23 1006 1856 2129
4185 2 2 1 23 393 1512 2456
4186 2 2 1 23 776 1886 1675
4187 2 2 1 23 447 1510 2345
4188 2 2 1 23 448 2346 1511
4189 2 2 1 23 94 2432 1647
4190 2 2 1 23 172 1648 2433
4191 2 2 1 23 854 1551 2437
4192 2 2 1 23 227 2095 228
4193 2 2 1 23 855 2438 1552
4194 2 2 1 23 830 2556 2250
4195 2 2 1 23 870 1430 2312
4196 2 2 1 23 435 2149 1448
4197 2 2 1 23 13 67 2519
4198 2 2 1 23 806 2445 1429
4199 2 2 1 23 746 1530 2049
4200 2 2 1 23 809 2077 1470
4201 2 2 1 23 761 1761 1872
4202 2 2 1 23 762 1873 1762
4203 2 2 1 23 764 1874 1764
4204 2 2 1 23 763 1763 1875
4205 2 2 1 23 765 1877 1765
4206 2 2 1 23 766 1766 1876
4207 2 2 1 23 890 1825 1745
4208 2 2 1 23 345 2124 346
4209 2 2 1 23 782 1682 1878
4210 2 2 1 23 484 2152 2380
4211 2 2 1 23 1000 1849 2140
4212 2 2 1 23 1001 2141 1850
4213 2 2 1 23 365 2229 1940
4214 2 2 1 23 1288 1789 2337
4215 2 2 1 23 345 1553 2124
4216 2 2 1 23 228 2095 1554
4217 2 2 1 23 1026 1515 1979
4218 2 2 1 23 519 1878 1682
4219 2 2 1 23 677 1491 2134
4220 2 2 1 23 814 2142 1474
4221 2 2 1 23 449 1518 2356
4222 2 2 1 23 450 2357 1519
4223 2 2 1 23 471 1575 2276
4224 2 2 1 23 1131 2003 1549
4225 2 2 1 23 1132 1550 2004
4226 2 2 1 23 1003 1853 2146
4227 2 2 1 23 1002 2147 1852
4228 2 2 1 23 773 1424 2273
4229 2 2 1 23 539 2119 1888
4230 2 2 1 23 518 2105 1654
4231 2 2 1 23 541 2123 1890
4232 2 2 1 23 540 2125 1892
4233 2 2 1 23 542 2126 1893
4234 2 2 1 23 558 2447 2061
4235 2 2 1 23 1118 1522 1998
4236 2 2 1 23 1119 1999 1523
4237 2 2 1 23 466 2403 1487
4238 2 2 1 23 934 1775 1878
4239 2 2 1 23 738 1467 2187
4240 2 2 1 23 1284 2061 2447
4241 2 2 1 23 74 75 2252
4242 2 2 1 23 622 1399 2377
4243 2 2 1 23 801 1948 2066
4244 2 2 1 23 806 1444 2445
4245 2 2 1 23 577 2240 1785
4246 2 2 1 23 1168 2231 1891
4247 2 2 1 23 776 2253 1428
4248 2 2 1 23 904 1489 2150
4249 2 2 1 23 911 1996 2297
4250 2 2 1 23 785 1490 2059
4251 2 2 1 23 1386 1754 2230
4252 2 2 1 23 790 1901 1888
4253 2 2 1 23 436 2390 1851
4254 2 2 1 23 473 1658 1921
4255 2 2 1 23 791 1902 1890
4256 2 2 1 23 712 1821 1997
4257 2 2 1 23 774 2316 2520
4258 2 2 1 23 741 1881 1736
4259 2 2 1 23 364 2229 365
4260 2 2 1 23 384 1581 1926
4261 2 2 1 23 792 1903 1892
4262 2 2 1 23 706 1477 2191
4263 2 2 1 23 707 2192 1478
4264 2 2 1 23 793 1904 1893
4265 2 2 1 23 621 1429 2445
4266 2 2 1 23 778 2321 2522
4267 2 2 1 23 558 2061 2480
4268 2 2 1 23 1018 2467 2512
4269 2 2 1 23 16 200 2569
4270 2 2 1 23 461 2283 2238
4271 2 2 1 23 395 2250 2101
4272 2 2 1 23 910 2104 1488
4273 2 2 1 23 1266 2480 2061
4274 2 2 1 23 579 1461 2548
4275 2 2 1 23 413 2490 1635
4276 2 2 1 23 379 2553 1485
4277 2 2 1 23 372 1486 2552
4278 2 2 1 23 807 1441 2380
4279 2 2 1 23 473 1408 2463
4280 2 2 1 23 821 2548 1461
4281 2 2 1 23 184 185 2539
4282 2 2 1 23 482 1760 1972
4283 2 2 1 23 621 1608 2285
4284 2 2 1 23 600 1397 2437
4285 2 2 1 23 601 2438 1398
4286 2 2 1 23 484 2380 1441
4287 2 2 1 23 845 1533 2506
4288 2 2 1 23 186 187 2466
4289 2 2 1 23 600 2437 1551
4290 2 2 1 23 601 1552 2438
4291 2 2 1 23 803 2312 1994
4292 2 2 1 23 907 1674 1935
4293 2 2 1 23 621 2285 1429
4294 2 2 1 23 532 1998 1522
4295 2 2 1 23 531 1523 1999
4296 2 2 1 23 579 2409 1461
4297 2 2 1 23 772 1540 2114
4298 2 2 1 23 1033 1481 2119
4299 2 2 1 23 287 1539 2534
4300 2 2 1 23 286 2533 1538
4301 2 2 1 23 1067 2267 2169
4302 2 2 1 23 1034 1482 2123
4303 2 2 1 23 1035 1483 2125
4304 2 2 1 23 208 209 2446
4305 2 2 1 23 741 1736 2131
4306 2 2 1 23 1036 1484 2126
4307 2 2 1 23 747 2127 1735
4308 2 2 1 23 736 2069 2500
4309 2 2 1 23 1046 1636 1942
4310 2 2 1 23 846 1427 2577
4311 2 2 1 23 258 2289 259
4312 2 2 1 23 314 2290 315
4313 2 2 1 23 249 2292 250
4314 2 2 1 23 323 2291 324
4315 2 2 1 23 240 2293 241
4316 2 2 1 23 332 2294 333
4317 2 2 1 23 528 2209 2317
4318 2 2 1 23 910 1488 2507
4319 2 2 1 23 803 1957 1882
4320 2 2 1 23 782 1878 1775
4321 2 2 1 23 947 1680 1898
4322 2 2 1 23 948 1899 1681
4323 2 2 1 23 555 1545 2429
4324 2 2 1 23 419 1476 2162
4325 2 2 1 23 227 1583 2095
4326 2 2 1 23 1106 2020 1651
4327 2 2 1 23 1105 1650 2021
4328 2 2 1 23 114 2370 1543
4329 2 2 1 23 152 1544 2371
4330 2 2 1 23 714 1499 2223
4331 2 2 1 23 715 2224 1500
4332 2 2 1 23 746 2256 1530
4333 2 2 1 23 722 2433 1648
4334 2 2 1 23 723 1647 2432
4335 2 2 1 23 901 1653 2096
4336 2 2 1 23 946 1521 2376
4337 2 2 1 23 887 2448 1505
4338 2 2 1 23 595 2156 1578
4339 2 2 1 23 835 2169 2267
4340 2 2 1 23 1110 2454 1990
4341 2 2 1 23 655 2493 1426
4342 2 2 1 23 346 2124 1586
4343 2 2 1 23 699 1450 2369
4344 2 2 1 23 391 2071 1868
4345 2 2 1 23 760 2015 1554
4346 2 2 1 23 557 2410 1546
4347 2 2 1 23 923 1972 1760
4348 2 2 1 23 832 2072 2138
4349 2 2 1 23 16 2569 199
4350 2 2 1 23 472 2577 1427
4351 2 2 1 23 802 2245 1663
4352 2 2 1 23 592 2542 1506
4353 2 2 1 23 593 1507 2543
4354 2 2 1 23 437 1515 2464
4355 2 2 1 23 768 1982 2570
4356 2 2 1 23 769 2571 1983
4357 2 2 1 23 1038 2496 2382
4358 2 2 1 23 1037 2381 2495
4359 2 2 1 23 759 1553 2018
4360 2 2 1 23 885 1882 1957
4361 2 2 1 23 1185 2380 2152
4362 2 2 1 23 92 2517 1822
4363 2 2 1 23 174 1823 2518
4364 2 2 1 23 536 2070 1592
4365 2 2 1 23 222 2494 1449
4366 2 2 1 23 1009 1928 2098
4367 2 2 1 23 422 1642 2007
4368 2 2 1 23 1008 2190 2149
4369 2 2 1 23 425 1643 2009
4370 2 2 1 23 498 2010 1506
4371 2 2 1 23 499 1507 2011
4372 2 2 1 23 472 2333 1949
4373 2 2 1 23 718 1510 2234
4374 2 2 1 23 719 2235 1511
4375 2 2 1 23 821 1461 2411
4376 2 2 1 23 821 2335 2455
4377 2 2 1 23 1084 1839 2514
4378 2 2 1 23 1083 2513 1840
4379 2 2 1 23 1081 2510 1836
4380 2 2 1 23 1082 1837 2511
4381 2 2 1 23 1079 2508 1835
4382 2 2 1 23 1080 1834 2509
4383 2 2 1 23 298 2412 299
4384 2 2 1 23 272 2413 273
4385 2 2 1 23 306 2414 307
4386 2 2 1 23 264 2415 265
4387 2 2 1 23 1386 2258 1841
4388 2 2 1 23 781 2429 1545
4389 2 2 1 23 255 2420 256
4390 2 2 1 23 317 2421 318
4391 2 2 1 23 326 2423 327
4392 2 2 1 23 246 2422 247
4393 2 2 1 23 237 2425 238
4394 2 2 1 23 335 2424 336
4395 2 2 1 23 872 1781 2155
4396 2 2 1 23 470 1649 1916
4397 2 2 1 23 713 1980 1701
4398 2 2 1 23 780 1546 2410
4399 2 2 1 23 116 2193 1573
4400 2 2 1 23 150 1574 2194
4401 2 2 1 23 808 2497 1632
4402 2 2 1 23 595 2541 1436
4403 2 2 1 23 422 2007 1516
4404 2 2 1 23 425 2009 1517
4405 2 2 1 23 815 2379 1676
4406 2 2 1 23 758 1596 2178
4407 2 2 1 23 914 1851 2390
4408 2 2 1 23 280 2459 281
4409 2 2 1 23 292 2460 293
4410 2 2 1 23 834 1461 2409
4411 2 2 1 23 1029 1940 2560
4412 2 2 1 23 1154 1655 1985
4413 2 2 1 23 899 1877 2383
4414 2 2 1 23 900 2384 1876
4415 2 2 1 23 898 2386 1875
4416 2 2 1 23 897 1874 2385
4417 2 2 1 23 154 1418 2484
4418 2 2 1 23 112 2485 1419
4419 2 2 1 23 895 2388 1872
4420 2 2 1 23 896 1873 2387
4421 2 2 1 23 1266 2456 2480
4422 2 2 1 23 1148 2462 1717
4423 2 2 1 23 535 1549 2003
4424 2 2 1 23 534 2004 1550
4425 2 2 1 23 807 2157 1637
4426 2 2 1 23 727 2268 1519
4427 2 2 1 23 726 1518 2269
4428 2 2 1 23 957 2076 2535
4429 2 2 1 23 1162 2570 1982
4430 2 2 1 23 1161 1983 2571
4431 2 2 1 23 838 2366 1625
4432 2 2 1 23 960 2536 2078
4433 2 2 1 23 453 1479 2434
4434 2 2 1 23 1355 2520 2316
4435 2 2 1 23 1099 1799 2359
4436 2 2 1 23 1358 2522 2321
4437 2 2 1 23 816 2502 1692
4438 2 2 1 23 820 2488 1691
4439 2 2 1 23 819 2489 1690
4440 2 2 1 23 1537 2052 2503
4441 2 2 1 23 1184 2500 2069
4442 2 2 1 23 620 1453 2331
4443 2 2 1 23 907 1466 2524
4444 2 2 1 23 1399 1887 2377
4445 2 2 1 23 947 1543 2370
4446 2 2 1 23 948 2371 1544
4447 2 2 1 23 884 1513 2358
4448 2 2 1 23 453 2434 1942
4449 2 2 1 23 852 1930 1807
4450 2 2 1 23 857 2558 1503
4451 2 2 1 23 545 2389 1580
4452 2 2 1 23 887 1807 1930
4453 2 2 1 23 701 1503 2558
4454 2 2 1 23 707 2243 1822
4455 2 2 1 23 706 1823 2244
4456 2 2 1 23 467 2266 2436
4457 2 2 1 23 1158 2300 2189
4458 2 2 1 23 466 1504 2403
4459 2 2 1 23 986 2138 2072
4460 2 2 1 23 1169 2449 1491
4461 2 2 1 23 620 1565 2568
4462 2 2 1 23 825 2407 1595
4463 2 2 1 23 1112 1905 1954
4464 2 2 1 23 488 2155 1781
4465 2 2 1 23 904 2457 1489
4466 2 2 1 23 473 2072 1658
4467 2 2 1 23 483 2404 1663
4468 2 2 1 23 460 2242 1579
4469 2 2 1 23 1044 2151 1601
4470 2 2 1 23 754 1954 1905
4471 2 2 1 23 425 2526 1659
4472 2 2 1 23 422 2527 1660
4473 2 2 1 23 788 2242 1880
4474 2 2 1 23 790 2119 1481
4475 2 2 1 23 626 1513 2578
4476 2 2 1 23 791 2123 1482
4477 2 2 1 23 792 2125 1483
4478 2 2 1 23 793 2126 1484
4479 2 2 1 23 625 1458 2564
4480 2 2 1 23 986 1951 2138
4481 2 2 1 23 558 2480 2142
4482 2 2 1 23 1151 2535 2076
4483 2 2 1 23 826 1888 1901
4484 2 2 1 23 1152 2078 2536
4485 2 2 1 23 578 2220 1548
4486 2 2 1 23 827 1890 1902
4487 2 2 1 23 832 1658 2072
4488 2 2 1 23 828 1892 1903
4489 2 2 1 23 829 1893 1904
4490 2 2 1 23 625 2564 1560
4491 2 2 1 23 994 2101 2250
4492 2 2 1 23 968 2268 1772
4493 2 2 1 23 969 1771 2269
4494 2 2 1 23 891 1485 2553
4495 2 2 1 23 892 2552 1486
4496 2 2 1 23 396 1755 2573
4497 2 2 1 23 362 1993 1887
4498 2 2 1 23 884 2578 1513
4499 2 2 1 23 907 1537 2503
4500 2 2 1 23 868 2480 2456
4501 2 2 1 23 800 1995 1724
4502 2 2 1 23 997 1923 2560
4503 2 2 1 23 1053 1880 2242
4504 2 2 1 23 1183 2470 2573
4505 2 2 1 23 1053 2059 1723
4506 2 2 1 23 487 1502 2537
4507 2 2 1 23 837 1548 2368
4508 2 2 1 23 946 1785 2240
4509 2 2 1 23 1148 1842 1964
4510 2 2 1 23 419 2340 1534
4511 2 2 1 23 1046 1942 2434
4512 2 2 1 23 393 1637 2157
4513 2 2 1 23 1038 2382 1924
4514 2 2 1 23 1037 1925 2381
4515 2 2 1 23 698 1649 2160
4516 2 2 1 23 907 2503 1674
4517 2 2 1 23 842 1580 2389
4518 2 2 1 23 1006 1719 2191
4519 2 2 1 23 1007 2192 1720
4520 2 2 1 23 1054 2266 1962
4521 2 2 1 23 170 2196 1790
4522 2 2 1 23 96 1791 2195
4523 2 2 1 23 500 1985 1655
4524 2 2 1 23 470 1612 2237
4525 2 2 1 23 902 1560 2564
4526 2 2 1 23 505 1901 2392
4527 2 2 1 23 506 1902 2393
4528 2 2 1 23 761 2082 1761
4529 2 2 1 23 762 1762 2083
4530 2 2 1 23 763 2084 1763
4531 2 2 1 23 764 1764 2085
4532 2 2 1 23 765 1765 2086
4533 2 2 1 23 766 2087 1766
4534 2 2 1 23 776 2314 1742
4535 2 2 1 23 1397 1793 2437
4536 2 2 1 23 508 1903 2394
4537 2 2 1 23 507 1904 2395
4538 2 2 1 23 1398 2438 1794
4539 2 2 1 23 830 2105 2556
4540 2 2 1 23 873 1698 2482
4541 2 2 1 23 886 2160 2237
4542 2 2 1 23 821 2455 1600
4543 2 2 1 23 1151 2491 2535
4544 2 2 1 23 1152 2536 2492
4545 2 2 1 23 737 1964 1842
4546 2 2 1 23 923 2416 1937
4547 2 2 1 23 106 1787 2065
4548 2 2 1 23 160 2064 1786
4549 2 2 1 23 1025 1855 2369
4550 2 2 1 23 1000 1746 2223
4551 2 2 1 23 1001 2224 1747
4552 2 2 1 23 914 1663 2404
4553 2 2 1 23 542 2360 1688
4554 2 2 1 23 813 2189 2300
4555 2 2 1 23 355 2079 1754
4556 2 2 1 23 914 2404 2359
4557 2 2 1 23 528 2317 1995
4558 2 2 1 23 654 2400 1679
4559 2 2 1 23 654 1465 2400
4560 2 2 1 23 1159 2455 2335
4561 2 2 1 23 796 2322 1978
4562 2 2 1 23 914 2359 1851
4563 2 2 1 23 397 1674 2503
4564 2 2 1 23 1003 1758 2234
4565 2 2 1 23 1002 2235 1759
4566 2 2 1 23 810 2304 2340
4567 2 2 1 23 888 1973 2155
4568 2 2 1 23 797 2027 2559
4569 2 2 1 23 895 2215 2388
4570 2 2 1 23 896 2387 2214
4571 2 2 1 23 898 2213 2386
4572 2 2 1 23 897 2385 2212
4573 2 2 1 23 899 2383 2210
4574 2 2 1 23 900 2211 2384
4575 2 2 1 23 1356 2026 2094
4576 2 2 1 23 1355 2093 2025
4577 2 2 1 23 1534 2340 2304
4578 2 2 1 23 539 2336 1742
4579 2 2 1 23 483 1663 2245
4580 2 2 1 23 851 1679 2400
4581 2 2 1 23 999 2499 2130
4582 2 2 1 23 699 2369 1855
4583 2 2 1 23 850 1808 2337
4584 2 2 1 23 396 2138 1951
4585 2 2 1 23 881 2525 1708
4586 2 2 1 23 851 2332 1679
4587 2 2 1 23 417 1740 2232
4588 2 2 1 23 395 1798 2250
4589 2 2 1 23 1153 2303 1701
4590 2 2 1 23 836 2134 2279
4591 2 2 1 23 843 1754 2079
4592 2 2 1 23 688 1851 2359
4593 2 2 1 23 785 2016 1801
4594 2 2 1 23 546 2530 2255
4595 2 2 1 23 647 1534 2304
4596 2 2 1 23 776 1675 2253
4597 2 2 1 23 1019 2550 1566
4598 2 2 1 23 1020 1567 2551
4599 2 2 1 23 832 2573 2470
4600 2 2 1 23 88 2469 1820
4601 2 2 1 23 178 1821 2468
4602 2 2 1 23 837 2531 1548
4603 2 2 1 23 745 1674 2284
4604 2 2 1 23 606 2115 2287
4605 2 2 1 23 607 2288 2116
4606 2 2 1 23 817 2144 2318
4607 2 2 1 23 818 2319 2145
4608 2 2 1 23 518 2150 2556
4609 2 2 1 23 773 2273 1677
4610 2 2 1 23 1066 2567 1997
4611 2 2 1 23 904 2246 2457
4612 2 2 1 23 934 1878 2171
4613 2 2 1 23 889 1887 1993
4614 2 2 1 23 827 1734 2305
4615 2 2 1 23 480 2535 2491
4616 2 2 1 23 1042 2318 2144
4617 2 2 1 23 1043 2145 2319
4618 2 2 1 23 288 2534 1627
4619 2 2 1 23 285 1628 2533
4620 2 2 1 23 481 2492 2536
4621 2 2 1 23 849 1788 2328
4622 2 2 1 23 1296 1854 2521
4623 2 2 1 23 390 2487 1832
4624 2 2 1 23 712 1997 2567
4625 2 2 1 23 828 1737 2313
4626 2 2 1 23 905 1585 2452
4627 2 2 1 23 906 2453 1584
4628 2 2 1 23 753 1859 2088
4629 2 2 1 23 752 2089 1860
4630 2 2 1 23 104 1616 2181
4631 2 2 1 23 162 2180 1617
4632 2 2 1 23 912 2014 2130
4633 2 2 1 23 538 2560 1923
4634 2 2 1 23 821 1600 2548
4635 2 2 1 23 1285 2055 2005
4636 2 2 1 23 751 1862 2099
4637 2 2 1 23 750 2100 1861
4638 2 2 1 23 369 1600 2455
4639 2 2 1 23 468 1632 2497
4640 2 2 1 23 737 2169 1774
4641 2 2 1 23 748 2121 1863
4642 2 2 1 23 749 1864 2122
4643 2 2 1 23 835 1774 2169
4644 2 2 1 23 1018 1605 2467
4645 2 2 1 23 747 1866 2127
4646 2 2 1 23 774 1642 2316
4647 2 2 1 23 1183 2573 1755
4648 2 2 1 23 741 2131 1867
4649 2 2 1 23 778 1643 2321
4650 2 2 1 23 775 2280 1659
4651 2 2 1 23 830 1756 2436
4652 2 2 1 23 854 2437 1793
4653 2 2 1 23 855 1794 2438
4654 2 2 1 23 1084 2388 2215
4655 2 2 1 23 1083 2214 2387
4656 2 2 1 23 777 2282 1660
4657 2 2 1 23 1082 2386 2213
4658 2 2 1 23 1081 2212 2385
4659 2 2 1 23 1079 2210 2383
4660 2 2 1 23 1080 2384 2211
4661 2 2 1 23 386 1704 2323
4662 2 2 1 23 578 1548 2531
4663 2 2 1 23 755 2139 1941
4664 2 2 1 23 850 2337 1789
4665 2 2 1 23 1230 1868 2071
4666 2 2 1 23 727 1772 2268
4667 2 2 1 23 726 2269 1771
4668 2 2 1 23 841 2209 2198
4669 2 2 1 23 946 2240 2297
4670 2 2 1 23 836 1652 2563
4671 2 2 1 23 583 2337 1808
4672 2 2 1 23 684 2247 1726
4673 2 2 1 23 736 1811 2104
4674 2 2 1 23 519 2171 1878
4675 2 2 1 23 408 1665 2342
4676 2 2 1 23 372 2552 1567
4677 2 2 1 23 379 1566 2553
4678 2 2 1 23 790 1888 2119
4679 2 2 1 23 672 1566 2550
4680 2 2 1 23 671 2551 1567
4681 2 2 1 23 791 1890 2123
4682 2 2 1 23 385 2582 1725
4683 2 2 1 23 145 2091 1843
4684 2 2 1 23 121 1844 2092
4685 2 2 1 23 792 1892 2125
4686 2 2 1 23 311 1676 2379
4687 2 2 1 23 793 1893 2126
4688 2 2 1 23 487 2537 1750
4689 2 2 1 23 934 2171 2185
4690 2 2 1 23 921 2495 2381
4691 2 2 1 23 922 2382 2496
4692 2 2 1 23 166 2102 1751
4693 2 2 1 23 100 1752 2103
4694 2 2 1 23 706 2191 1719
4695 2 2 1 23 707 1720 2192
4696 2 2 1 23 890 2185 2171
4697 2 2 1 23 563 2130 2014
4698 2 2 1 23 522 2482 1698
4699 2 2 1 23 1238 1838 2565
4700 2 2 1 23 682 1605 2461
4701 2 2 1 23 539 1888 2336
4702 2 2 1 23 168 1570 2396
4703 2 2 1 23 98 2397 1571
4704 2 2 1 23 831 2251 1777
4705 2 2 1 23 409 2362 1685
4706 2 2 1 23 972 1648 2518
4707 2 2 1 23 973 2517 1647
4708 2 2 1 23 655 1683 2493
4709 2 2 1 23 396 2573 2138
4710 2 2 1 23 542 1893 2360
4711 2 2 1 23 472 1673 2333
4712 2 2 1 23 923 1760 2416
4713 2 2 1 23 392 2041 1994
4714 2 2 1 23 714 2223 1746
4715 2 2 1 23 715 1747 2224
4716 2 2 1 23 847 2498 1577
4717 2 2 1 23 872 2323 1704
4718 2 2 1 23 845 2506 1896
4719 2 2 1 23 795 2094 2026
4720 2 2 1 23 1066 1536 2567
4721 2 2 1 23 794 2025 2093
4722 2 2 1 23 1180 1870 2187
4723 2 2 1 23 874 2047 2428
4724 2 2 1 23 1333 2279 1927
4725 2 2 1 23 775 2305 1734
4726 2 2 1 23 1004 2198 2209
4727 2 2 1 23 777 2313 1737
4728 2 2 1 23 830 2250 1798
4729 2 2 1 23 478 2383 1877
4730 2 2 1 23 479 1876 2384
4731 2 2 1 23 477 2385 1874
4732 2 2 1 23 476 1875 2386
4733 2 2 1 23 912 1632 2451
4734 2 2 1 23 475 2387 1873
4735 2 2 1 23 474 1872 2388
4736 2 2 1 23 483 2366 2404
4737 2 2 1 23 164 1638 2298
4738 2 2 1 23 102 2299 1639
4739 2 2 1 23 718 2234 1758
4740 2 2 1 23 719 1759 2235
4741 2 2 1 23 843 2230 1754
4742 2 2 1 23 700 2563 1652
4743 2 2 1 23 1055 2218 2497
4744 2 2 1 23 468 2497 2218
4745 2 2 1 23 873 2342 1665
4746 2 2 1 23 853 2493 1683
4747 2 2 1 23 881 1685 2362
4748 2 2 1 23 901 2276 1653
4749 2 2 1 23 711 2241 1820
4750 2 2 1 23 521 1708 2525
4751 2 2 1 23 720 1727 2401
4752 2 2 1 23 721 2402 1728
4753 2 2 1 23 269 1691 2488
4754 2 2 1 23 303 1690 2489
4755 2 2 1 23 853 1716 2461
4756 2 2 1 23 682 2461 1716
4757 2 2 1 23 870 2312 2248
4758 2 2 1 23 1019 2287 2115
4759 2 2 1 23 1020 2116 2288
4760 2 2 1 23 969 2067 2427
4761 2 2 1 23 968 2426 2068
4762 2 2 1 23 451 1956 2324
4763 2 2 1 23 394 2005 2055
4764 2 2 1 23 1099 2404 2366
4765 2 2 1 23 887 2466 1807
4766 2 2 1 23 1023 1994 2041
4767 2 2 1 23 463 2399 1847
4768 2 2 1 23 893 2542 1568
4769 2 2 1 23 894 1569 2543
4770 2 2 1 23 277 1692 2502
4771 2 2 1 23 467 2436 1756
4772 2 2 1 23 678 1717 2462
4773 2 2 1 23 461 2248 1882
4774 2 2 1 23 537 2448 1744
4775 2 2 1 23 619 1965 2165
4776 2 2 1 23 190 1978 2322
4777 2 2 1 23 913 2391 2073
4778 2 2 1 23 883 2417 1841
4779 2 2 1 23 872 2155 1973
4780 2 2 1 23 1124 2572 1641
4781 2 2 1 23 738 2187 1870
4782 2 2 1 23 1536 1705 2567
4783 2 2 1 23 871 2165 1965
4784 2 2 1 23 1160 1688 2516
4785 2 2 1 23 845 1896 2197
4786 2 2 1 23 1151 1968 2491
4787 2 2 1 23 1152 2492 1969
4788 2 2 1 23 902 2500 2465
4789 2 2 1 23 846 2275 1832
4790 2 2 1 23 992 1750 2537
4791 2 2 1 23 688 2359 1799
4792 2 2 1 23 800 1724 2406
4793 2 2 1 23 622 2377 2019
4794 2 2 1 23 377 2344 1937
4795 2 2 1 23 988 1728 2468
4796 2 2 1 23 989 2469 1727
4797 2 2 1 23 814 1725 2582
4798 2 2 1 23 775 1741 2305
4799 2 2 1 23 777 1743 2313
4800 2 2 1 23 397 2503 2052
4801 2 2 1 23 994 2250 2556
4802 2 2 1 23 433 2376 1879
4803 2 2 1 23 544 1777 2251
4804 2 2 1 23 967 2568 2162
4805 2 2 1 23 593 2074 2296
4806 2 2 1 23 592 2295 2075
4807 2 2 1 23 1156 1741 2526
4808 2 2 1 23 1157 1743 2527
4809 2 2 1 23 909 1847 2399
4810 2 2 1 23 1184 2465 2500
4811 2 2 1 23 1022 2159 2219
4812 2 2 1 23 834 1962 2266
4813 2 2 1 23 790 2392 1901
4814 2 2 1 23 791 2393 1902
4815 2 2 1 23 173 2518 1648
4816 2 2 1 23 93 1647 2517
4817 2 2 1 23 792 2394 1903
4818 2 2 1 23 502 2381 1925
4819 2 2 1 23 503 1924 2382
4820 2 2 1 23 793 2395 1904
4821 2 2 1 23 187 1807 2466
4822 2 2 1 23 887 1744 2448
4823 2 2 1 23 953 1835 2508
4824 2 2 1 23 954 2509 1834
4825 2 2 1 23 951 1836 2510
4826 2 2 1 23 952 2511 1837
4827 2 2 1 23 949 1840 2513
4828 2 2 1 23 950 2514 1839
4829 2 2 1 23 454 1927 2279
4830 2 2 1 23 848 2219 2159
4831 2 2 1 23 89 1727 2469
4832 2 2 1 23 177 2468 1728
4833 2 2 1 23 358 1841 2417
4834 2 2 1 23 851 1953 2332
4835 2 2 1 23 470 1916 2470
4836 2 2 1 23 883 1841 2258
4837 2 2 1 23 874 2277 2047
4838 2 2 1 23 538 2529 2188
4839 2 2 1 23 973 1822 2517
4840 2 2 1 23 972 2518 1823
4841 2 2 1 23 1197 2047 2277
4842 2 2 1 23 736 2500 1811
4843 2 2 1 23 684 2416 2247
4844 2 2 1 23 988 2468 1821
4845 2 2 1 23 989 1820 2469
4846 2 2 1 23 474 2350 1872
4847 2 2 1 23 475 1873 2351
4848 2 2 1 23 477 1874 2352
4849 2 2 1 23 476 2353 1875
4850 2 2 1 23 479 2355 1876
4851 2 2 1 23 478 1877 2354
4852 2 2 1 23 424 2516 1867
4853 2 2 1 23 210 2523 1804
4854 2 2 1 23 826 2336 1888
4855 2 2 1 23 974 2081 2464
4856 2 2 1 23 889 2019 2377
4857 2 2 1 23 469 2073 2391
4858 2 2 1 23 829 2360 1893
4859 2 2 1 23 536 2405 1991
4860 2 2 1 23 1050 2188 2529
4861 2 2 1 23 960 2504 1817
4862 2 2 1 23 960 2078 2504
4863 2 2 1 23 902 1811 2500
4864 2 2 1 23 957 2505 2076
4865 2 2 1 23 846 1832 2487
4866 2 2 1 23 873 2482 1895
4867 2 2 1 23 957 1819 2505
4868 2 2 1 23 390 1832 2581
4869 2 2 1 23 1037 2296 2074
4870 2 2 1 23 1038 2075 2295
4871 2 2 1 23 675 2574 1813
4872 2 2 1 23 676 1812 2575
4873 2 2 1 23 903 2581 1832
4874 2 2 1 23 881 1885 2525
4875 2 2 1 23 770 2538 1854
4876 2 2 1 23 554 1896 2506
4877 2 2 1 23 560 2515 1880
4878 2 2 1 23 923 1937 2344
4879 2 2 1 23 889 2377 1887
4880 2 2 1 23 1466 1987 2524
4881 2 2 1 23 913 2206 2391
4882 2 2 1 23 712 2567 1705
4883 2 2 1 23 1145 1991 2405
4884 2 2 1 23 482 1990 2454
4885 2 2 1 23 501 2297 1996
4886 2 2 1 23 956 2491 1968
4887 2 2 1 23 955 1969 2492
4888 2 2 1 23 1111 2168 2538
4889 2 2 1 23 812 2014 2451
4890 2 2 1 23 548 2580 2275
4891 2 2 1 23 891 2068 2426
4892 2 2 1 23 892 2427 2067
4893 2 2 1 23 1289 2549 1975
4894 2 2 1 23 383 2562 2310
4895 2 2 1 23 376 2311 2561
4896 2 2 1 23 1155 2579 1815
4897 2 2 1 23 912 2499 2017
4898 2 2 1 23 912 2451 2014
4899 2 2 1 23 382 2555 2309
4900 2 2 1 23 375 2308 2554
4901 2 2 1 23 408 2504 2078
4902 2 2 1 23 538 1923 2529
4903 2 2 1 23 409 2076 2505
4904 2 2 1 23 373 2302 2547
4905 2 2 1 23 380 2546 2301
4906 2 2 1 23 381 2545 2306
4907 2 2 1 23 374 2307 2544
4908 2 2 1 23 1352 2529 1923
4909 2 2 1 23 1026 2391 2206
4910 2 2 1 23 412 2017 2499
4911 2 2 1 23 1287 2324 2419
4912 2 2 1 23 980 2544 1943
4913 2 2 1 23 981 1944 2545
4914 2 2 1 23 978 2554 1939
4915 2 2 1 23 979 1938 2555
4916 2 2 1 23 985 1946 2546
4917 2 2 1 23 984 2547 1945
4918 2 2 1 23 977 2561 1932
4919 2 2 1 23 976 1931 2562
4920 2 2 1 23 549 2524 1987
4921 2 2 1 23 473 2463 2072
4922 2 2 1 23 912 2130 2499
4923 2 2 1 23 408 2342 2341
4924 2 2 1 23 903 2532 2581
4925 2 2 1 23 1235 2341 2342
4926 2 2 1 23 986 2072 2463
4927 2 2 1 23 1320 2581 2532
4928 2 2 1 23 858 2419 2324
4929 2 2 1 23 408 2341 2504
4930 2 2 1 23 409 2361 2362
4931 2 2 1 23 409 2505 2361
4932 2 2 1 23 832 2138 2573
4933 2 2 1 23 518 2556 2105
4934 2 2 1 23 1245 2501 2363
4935 2 2 1 23 1231 2362 2361
4936 2 2 1 23 394 2055 2572
4937 2 2 1 23 1073 2458 2557
4938 2 2 1 23 1045 2486 2565
4939 2 2 1 23 553 2363 2501
4940 2 2 1 23 996 2557 2458
4941 2 2 1 23 651 2565 2486
4942 2 2 1 23 869 2566 2247
4943 2 2 1 23 1256 2540 2583
4944 2 2 1 23 990 2583 2540
4945 2 2 1 26 3228 4246 3497
4946 2 2 1 26 3227 3498 4245
4947 2 2 1 26 3499 4076 2683
4948 2 2 1 26 3500 2684 4077
4949 2 2 1 26 4445 3315 3543
4950 2 2 1 26 4892 3937 3201
4951 2 2 1 26 4246 2762 3497
4952 2 2 1 26 4245 3498 2763
4953 2 2 1 26 3238 4134 361
4954 2 2 1 26 4359 3264 2823
4955 2 2 1 26 2803 3315 4445
4956 2 2 1 26 4779 2666 3314
4957 2 2 1 26 4586 3805 2779
4958 2 2 1 26 3309 3396 4730
4959 2 2 1 26 3310 4558 3571
4960 2 2 1 26 3159 4076 3499
4961 2 2 1 26 3160 3500 4077
4962 2 2 1 26 4657 3326 4049
4963 2 2 1 26 3321 3473 4727
4964 2 2 1 26 4107 2594 3556
4965 2 2 1 26 3343 4826 2799
4966 2 2 1 26 3749 2594 4107
4967 2 2 1 26 3313 3805 4586
4968 2 2 1 26 3104 3326 4657
4969 2 2 1 26 4938 3298 3182
4970 2 2 1 26 361 4134 360
4971 2 2 1 26 3332 2851 4890
4972 2 2 1 26 4368 2746 3171
4973 2 2 1 26 4369 3172 2747
4974 2 2 1 26 3416 4318 4250
4975 2 2 1 26 3417 4251 4319
4976 2 2 1 26 4890 2851 3323
4977 2 2 1 26 4727 3473 2771
4978 2 2 1 26 4670 3247 3381
4979 2 2 1 26 4730 3396 2780
4980 2 2 1 26 4626 4186 3221
4981 2 2 1 26 4558 2608 3571
4982 2 2 1 26 4610 321 322
4983 2 2 1 26 2823 3264 4065
4984 2 2 1 26 2610 3117 3866
4985 2 2 1 26 3448 2666 4779
4986 2 2 1 26 4685 3813 2795
4987 2 2 1 26 4270 2585 3562
4988 2 2 1 26 4510 3951 3283
4989 2 2 1 26 2883 3465 4950
4990 2 2 1 26 2884 4951 3468
4991 2 2 1 26 3404 3937 4892
4992 2 2 1 26 2846 4171 3580
4993 2 2 1 26 3580 4171 4242
4994 2 2 1 26 4437 3653 2805
4995 2 2 1 26 4438 2806 3654
4996 2 2 1 26 4960 3442 2873
4997 2 2 1 26 4923 3532 2888
4998 2 2 1 26 4826 3328 2799
4999 2 2 1 26 2771 4285 3650
5000 2 2 1 26 4939 2889 3531
5001 2 2 1 26 2742 4608 3129
5002 2 2 1 26 3014 3520 3711
5003 2 2 1 26 2882 3711 3520
5004 2 2 1 26 2862 3214 3494
5005 2 2 1 26 3242 3834 4486
5006 2 2 1 26 2792 3300 3667
5007 2 2 1 26 2791 3668 3299
5008 2 2 1 26 3509 3733 4281
5009 2 2 1 26 2671 3237 3804
5010 2 2 1 26 2911 3804 3237
5011 2 2 1 26 2857 3267 4101
5012 2 2 1 26 2770 3425 3780
5013 2 2 1 26 3410 3442 4960
5014 2 2 1 26 3211 3940 4754
5015 2 2 1 26 2893 4486 3834
5016 2 2 1 26 3192 3566 4274
5017 2 2 1 26 2791 3299 2993
5018 2 2 1 26 2792 2994 3300
5019 2 2 1 26 2905 3485 4535
5020 2 2 1 26 274 3283 3798
5021 2 2 1 26 2887 4070 3180
5022 2 2 1 26 2961 4019 3261
5023 2 2 1 26 2663 3251 3753
5024 2 2 1 26 3065 4308 3988
5025 2 2 1 26 2592 3393 3254
5026 2 2 1 26 3031 3202 4020
5027 2 2 1 26 3032 4021 3203
5028 2 2 1 26 2634 3143 4228
5029 2 2 1 26 4197 2772 3753
5030 2 2 1 26 2591 3260 3395
5031 2 2 1 26 2742 4010 4608
5032 2 2 1 26 2852 3480 3384
5033 2 2 1 26 2611 4075 3408
5034 2 2 1 26 2878 3384 3480
5035 2 2 1 26 3005 3604 3588
5036 2 2 1 26 2723 3588 3604
5037 2 2 1 26 2593 4099 3198
5038 2 2 1 26 2813 3649 4075
5039 2 2 1 26 2631 3931 3278
5040 2 2 1 26 3130 3902 3431
5041 2 2 1 26 2836 4274 3566
5042 2 2 1 26 3194 4516 3426
5043 2 2 1 26 3195 3427 4517
5044 2 2 1 26 3105 3667 3300
5045 2 2 1 26 3106 3299 3668
5046 2 2 1 26 277 3312 3519
5047 2 2 1 26 137 3706 3502
5048 2 2 1 26 2952 3445 4001
5049 2 2 1 26 3409 4305 3666
5050 2 2 1 26 3104 3556 3934
5051 2 2 1 26 2594 3934 3556
5052 2 2 1 26 2800 3519 3312
5053 2 2 1 26 2783 3419 4484
5054 2 2 1 26 2746 4087 3171
5055 2 2 1 26 2747 3172 4088
5056 2 2 1 26 2952 4001 3864
5057 2 2 1 26 3107 3720 4368
5058 2 2 1 26 306 3510 3991
5059 2 2 1 26 2846 3818 3199
5060 2 2 1 26 3049 4510 3283
5061 2 2 1 26 3933 4095 4762
5062 2 2 1 26 3211 4343 3940
5063 2 2 1 26 2652 3226 4466
5064 2 2 1 26 2998 3318 3979
5065 2 2 1 26 3034 3257 3835
5066 2 2 1 26 2735 3684 3287
5067 2 2 1 26 2736 3288 3686
5068 2 2 1 26 2908 3523 4027
5069 2 2 1 26 2702 3439 3901
5070 2 2 1 26 3051 3901 3439
5071 2 2 1 26 319 4043 3204
5072 2 2 1 26 350 4129 4185
5073 2 2 1 26 2857 4101 4803
5074 2 2 1 26 2774 3296 4619
5075 2 2 1 26 2950 3746 4180
5076 2 2 1 26 2951 4181 3747
5077 2 2 1 26 2730 3846 3184
5078 2 2 1 26 3235 4484 3419
5079 2 2 1 26 2820 3682 3434
5080 2 2 1 26 3154 4730 3421
5081 2 2 1 26 3336 321 4610
5082 2 2 1 26 2874 3503 3817
5083 2 2 1 26 2873 3442 3745
5084 2 2 1 26 4497 3645 3343
5085 2 2 1 26 2603 3913 3409
5086 2 2 1 26 2827 3362 4183
5087 2 2 1 26 3434 4511 3916
5088 2 2 1 26 2730 3184 3904
5089 2 2 1 26 2659 4083 3190
5090 2 2 1 26 2827 3363 3801
5091 2 2 1 26 2873 3745 3627
5092 2 2 1 26 2874 3707 3374
5093 2 2 1 26 3076 3374 3707
5094 2 2 1 26 3404 4316 3937
5095 2 2 1 26 2853 3437 3708
5096 2 2 1 26 45 3565 4119
5097 2 2 1 26 2809 3295 4064
5098 2 2 1 26 3003 4132 3204
5099 2 2 1 26 2943 3290 3560
5100 2 2 1 26 3242 4127 3834
5101 2 2 1 26 3292 4565 3552
5102 2 2 1 26 264 3704 3605
5103 2 2 1 26 2887 3180 4300
5104 2 2 1 26 3164 3385 4441
5105 2 2 1 26 2977 3573 3219
5106 2 2 1 26 2817 4037 3386
5107 2 2 1 26 2947 4451 3181
5108 2 2 1 26 347 3908 3196
5109 2 2 1 26 3688 2618 4370
5110 2 2 1 26 3689 4371 2614
5111 2 2 1 26 2955 3161 3994
5112 2 2 1 26 2630 3606 3277
5113 2 2 1 26 2631 3278 3607
5114 2 2 1 26 4565 2674 3552
5115 2 2 1 26 3014 3946 3520
5116 2 2 1 26 2760 4207 3280
5117 2 2 1 26 3325 3579 4884
5118 2 2 1 26 3331 3414 4861
5119 2 2 1 26 2855 3392 3726
5120 2 2 1 26 2606 3489 3345
5121 2 2 1 26 2654 3733 3509
5122 2 2 1 26 3378 3813 4685
5123 2 2 1 26 3016 3515 4199
5124 2 2 1 26 359 3792 3903
5125 2 2 1 26 3296 3385 4619
5126 2 2 1 26 2943 3560 3637
5127 2 2 1 26 2767 3678 3349
5128 2 2 1 26 2643 3231 4249
5129 2 2 1 26 3024 4249 3231
5130 2 2 1 26 3066 3409 3913
5131 2 2 1 26 2642 3630 3532
5132 2 2 1 26 2741 4095 3933
5133 2 2 1 26 4861 3414 2943
5134 2 2 1 26 3262 4270 3562
5135 2 2 1 26 2906 4116 3561
5136 2 2 1 26 3515 4422 4199
5137 2 2 1 26 234 3147 3912
5138 2 2 1 26 339 3915 3148
5139 2 2 1 26 2687 3511 4042
5140 2 2 1 26 3318 4877 3979
5141 2 2 1 26 2859 3152 4230
5142 2 2 1 26 2632 4441 3385
5143 2 2 1 26 2822 3355 3672
5144 2 2 1 26 3111 3695 4396
5145 2 2 1 26 2826 4189 3371
5146 2 2 1 26 2874 3817 3707
5147 2 2 1 26 2813 4075 3327
5148 2 2 1 26 3061 3756 3599
5149 2 2 1 26 2793 3458 3324
5150 2 2 1 26 3002 3464 3783
5151 2 2 1 26 2912 3783 3464
5152 2 2 1 26 2798 3247 4670
5153 2 2 1 26 2733 4097 3693
5154 2 2 1 26 3208 4622 3346
5155 2 2 1 26 2900 3640 3491
5156 2 2 1 26 2987 3628 3558
5157 2 2 1 26 2757 3558 3628
5158 2 2 1 26 2857 4243 3267
5159 2 2 1 26 2689 4884 3579
5160 2 2 1 26 3190 4083 3666
5161 2 2 1 26 296 3543 3315
5162 2 2 1 26 4338 3147 234
5163 2 2 1 26 4337 339 3148
5164 2 2 1 26 3003 3204 4043
5165 2 2 1 26 2955 3562 3161
5166 2 2 1 26 2827 3801 3471
5167 2 2 1 26 3346 4622 4911
5168 2 2 1 26 3498 4523 3752
5169 2 2 1 26 3497 3751 4524
5170 2 2 1 26 277 278 3312
5171 2 2 1 26 2981 3819 3749
5172 2 2 1 26 2814 3277 3606
5173 2 2 1 26 2815 3607 3278
5174 2 2 1 26 3046 4210 3367
5175 2 2 1 26 3504 3999 4724
5176 2 2 1 26 3293 4774 3851
5177 2 2 1 26 326 327 3379
5178 2 2 1 26 2593 3198 3935
5179 2 2 1 26 3520 3946 4354
5180 2 2 1 26 2902 4110 4055
5181 2 2 1 26 2977 3219 3985
5182 2 2 1 26 4387 3134 2925
5183 2 2 1 26 3217 3408 4732
5184 2 2 1 26 4468 3356 3873
5185 2 2 1 26 2634 4347 3143
5186 2 2 1 26 2813 3232 3649
5187 2 2 1 26 2633 3431 3902
5188 2 2 1 26 2584 3183 4187
5189 2 2 1 26 2606 3345 3923
5190 2 2 1 26 2963 3291 3901
5191 2 2 1 26 2702 3901 3291
5192 2 2 1 26 2760 3305 4207
5193 2 2 1 26 342 4207 3305
5194 2 2 1 26 2953 4227 3613
5195 2 2 1 26 2854 4604 3302
5196 2 2 1 26 2666 3418 3602
5197 2 2 1 26 2879 3421 3530
5198 2 2 1 26 2812 3952 3241
5199 2 2 1 26 3197 3634 4272
5200 2 2 1 26 2609 3353 3941
5201 2 2 1 26 2616 3756 3461
5202 2 2 1 26 2778 4695 3259
5203 2 2 1 26 2817 4891 4037
5204 2 2 1 26 2958 4003 3342
5205 2 2 1 26 3400 3653 4437
5206 2 2 1 26 3401 4438 3654
5207 2 2 1 26 3050 3712 3496
5208 2 2 1 26 2867 3496 3712
5209 2 2 1 26 2630 3277 4058
5210 2 2 1 26 2746 3720 3241
5211 2 2 1 26 319 3204 4164
5212 2 2 1 26 2846 3199 3897
5213 2 2 1 26 2813 3643 3232
5214 2 2 1 26 2710 3403 3795
5215 2 2 1 26 2953 3885 4227
5216 2 2 1 26 3052 3356 4468
5217 2 2 1 26 344 3280 4207
5218 2 2 1 26 2824 4911 4622
5219 2 2 1 26 3170 4029 3677
5220 2 2 1 26 239 4160 3250
5221 2 2 1 26 2932 3677 4029
5222 2 2 1 26 2897 3776 3460
5223 2 2 1 26 2896 3459 3777
5224 2 2 1 26 2919 3934 3360
5225 2 2 1 26 268 4753 3240
5226 2 2 1 26 2885 4083 3218
5227 2 2 1 26 3111 4180 3746
5228 2 2 1 26 3112 3747 4181
5229 2 2 1 26 2947 3669 3432
5230 2 2 1 26 340 341 3234
5231 2 2 1 26 2616 3599 3756
5232 2 2 1 26 3511 4130 4042
5233 2 2 1 26 2588 4007 3331
5234 2 2 1 26 2876 4644 3274
5235 2 2 1 26 4774 3166 3851
5236 2 2 1 26 3787 4324 4045
5237 2 2 1 26 4709 2753 4172
5238 2 2 1 26 2771 3491 4285
5239 2 2 1 26 232 233 3241
5240 2 2 1 26 2862 4163 3214
5241 2 2 1 26 2734 3868 3284
5242 2 2 1 26 2710 3647 3403
5243 2 2 1 26 2775 3426 4516
5244 2 2 1 26 2776 4517 3427
5245 2 2 1 26 2913 3462 3673
5246 2 2 1 26 2914 3674 3463
5247 2 2 1 26 2611 3408 3217
5248 2 2 1 26 2739 4466 3495
5249 2 2 1 26 2584 4557 3183
5250 2 2 1 26 2611 3807 3327
5251 2 2 1 26 295 296 3315
5252 2 2 1 26 2657 3530 3421
5253 2 2 1 26 2777 4732 3408
5254 2 2 1 26 3201 4705 4202
5255 2 2 1 26 3440 4269 3781
5256 2 2 1 26 3122 4172 4367
5257 2 2 1 26 2651 3868 3339
5258 2 2 1 26 3188 3408 4075
5259 2 2 1 26 3021 3663 4373
5260 2 2 1 26 3022 4374 3664
5261 2 2 1 26 4055 4110 4864
5262 2 2 1 26 2885 3409 3666
5263 2 2 1 26 350 351 4129
5264 2 2 1 26 3043 3578 3330
5265 2 2 1 26 3077 3853 3415
5266 2 2 1 26 2658 3754 3877
5267 2 2 1 26 246 247 3386
5268 2 2 1 26 2671 3620 3237
5269 2 2 1 26 2947 3181 4720
5270 2 2 1 26 2662 3504 3890
5271 2 2 1 26 2664 3891 3505
5272 2 2 1 26 315 316 3415
5273 2 2 1 26 2606 3298 3489
5274 2 2 1 26 2833 4272 3634
5275 2 2 1 26 3004 3264 4165
5276 2 2 1 26 2642 3950 3630
5277 2 2 1 26 45 46 3565
5278 2 2 1 26 2812 3241 3720
5279 2 2 1 26 3251 4197 3753
5280 2 2 1 26 2961 3261 3568
5281 2 2 1 26 4642 3036 3658
5282 2 2 1 26 3278 3931 4683
5283 2 2 1 26 2938 3676 3724
5284 2 2 1 26 2616 3461 3682
5285 2 2 1 26 2638 3239 3603
5286 2 2 1 26 2691 3442 3410
5287 2 2 1 26 2867 3236 3959
5288 2 2 1 26 2738 3530 3358
5289 2 2 1 26 2598 4869 3213
5290 2 2 1 26 2837 3642 3651
5291 2 2 1 26 3916 4511 2599
5292 2 2 1 26 2807 3514 3340
5293 2 2 1 26 2619 3485 3319
5294 2 2 1 26 3123 4323 4173
5295 2 2 1 26 2885 3218 3947
5296 2 2 1 26 2812 3253 3952
5297 2 2 1 26 2990 4873 3243
5298 2 2 1 26 3192 4419 3566
5299 2 2 1 26 3035 4832 3258
5300 2 2 1 26 2890 3260 3533
5301 2 2 1 26 4858 3727 43
5302 2 2 1 26 2866 3803 3308
5303 2 2 1 26 2903 3845 4093
5304 2 2 1 26 3031 3508 3202
5305 2 2 1 26 2598 3213 4052
5306 2 2 1 26 2760 3280 3655
5307 2 2 1 26 3277 4307 4058
5308 2 2 1 26 3032 3203 3507
5309 2 2 1 26 2852 3559 3570
5310 2 2 1 26 3250 4709 4172
5311 2 2 1 26 2948 3315 3852
5312 2 2 1 26 2803 3852 3315
5313 2 2 1 26 2700 3087 3776
5314 2 2 1 26 2699 3777 3086
5315 2 2 1 26 2866 3283 3951
5316 2 2 1 26 3389 4186 4626
5317 2 2 1 26 2845 3252 3484
5318 2 2 1 26 2793 3324 3769
5319 2 2 1 26 2916 3769 3324
5320 2 2 1 26 3367 4210 4647
5321 2 2 1 26 2589 3751 3497
5322 2 2 1 26 2590 3498 3752
5323 2 2 1 26 2960 3631 4223
5324 2 2 1 26 2945 4080 4091
5325 2 2 1 26 3160 4371 3689
5326 2 2 1 26 3159 3688 4370
5327 2 2 1 26 3202 4559 4020
5328 2 2 1 26 3203 4021 4560
5329 2 2 1 26 2649 3979 4877
5330 2 2 1 26 326 3379 4265
5331 2 2 1 26 3628 3986 4383
5332 2 2 1 26 2955 4224 3562
5333 2 2 1 26 2747 3234 4831
5334 2 2 1 26 254 3215 3924
5335 2 2 1 26 2697 3257 3616
5336 2 2 1 26 2698 3617 3258
5337 2 2 1 26 2686 3432 3669
5338 2 2 1 26 3610 2947 4903
5339 2 2 1 26 2911 3237 4650
5340 2 2 1 26 2758 4373 3663
5341 2 2 1 26 2759 3664 4374
5342 2 2 1 26 2956 4413 4225
5343 2 2 1 26 2952 3593 3435
5344 2 2 1 26 3040 4436 3354
5345 2 2 1 26 2960 4223 3909
5346 2 2 1 26 2605 3787 4045
5347 2 2 1 26 254 4582 3215
5348 2 2 1 26 2880 3553 3254
5349 2 2 1 26 2678 4251 3417
5350 2 2 1 26 2677 3416 4250
5351 2 2 1 26 2643 4575 3231
5352 2 2 1 26 2708 4138 3644
5353 2 2 1 26 2607 3435 3593
5354 2 2 1 26 305 306 3991
5355 2 2 1 26 3111 4299 3695
5356 2 2 1 26 2690 3989 3370
5357 2 2 1 26 3001 3370 3989
5358 2 2 1 26 3081 3941 3353
5359 2 2 1 26 2834 4938 3182
5360 2 2 1 26 2834 3733 3475
5361 2 2 1 26 2669 4537 4004
5362 2 2 1 26 3044 4269 3440
5363 2 2 1 26 2889 3971 3531
5364 2 2 1 26 2888 3532 3970
5365 2 2 1 26 316 4357 3415
5366 2 2 1 26 2712 4048 3586
5367 2 2 1 26 4526 2924 3863
5368 2 2 1 26 2651 4036 3868
5369 2 2 1 26 3313 4485 3805
5370 2 2 1 26 2837 3398 4824
5371 2 2 1 26 2838 4825 3399
5372 2 2 1 26 3301 4526 3863
5373 2 2 1 26 2854 3302 3780
5374 2 2 1 26 2994 3470 3300
5375 2 2 1 26 2993 3299 3467
5376 2 2 1 26 3043 4119 3565
5377 2 2 1 26 2782 4425 3331
5378 2 2 1 26 2833 3292 3552
5379 2 2 1 26 2801 4474 3591
5380 2 2 1 26 2802 3592 4475
5381 2 2 1 26 2666 3448 3418
5382 2 2 1 26 230 231 3253
5383 2 2 1 26 3151 3644 4138
5384 2 2 1 26 2807 3428 3961
5385 2 2 1 26 3029 3412 3580
5386 2 2 1 26 2846 3580 3412
5387 2 2 1 26 2848 4191 3456
5388 2 2 1 26 2847 3457 4192
5389 2 2 1 26 2740 4530 3413
5390 2 2 1 26 3208 4091 4080
5391 2 2 1 26 2733 3693 3378
5392 2 2 1 26 2769 3917 3405
5393 2 2 1 26 224 4070 3455
5394 2 2 1 26 2675 3560 3290
5395 2 2 1 26 2843 3655 3280
5396 2 2 1 26 2735 3287 3793
5397 2 2 1 26 2736 3794 3288
5398 2 2 1 26 10 3390 59
5399 2 2 1 26 4 28 3391
5400 2 2 1 26 345 346 3322
5401 2 2 1 26 2875 3615 3788
5402 2 2 1 26 2643 4089 3490
5403 2 2 1 26 3097 3490 4089
5404 2 2 1 26 2738 3358 3856
5405 2 2 1 26 2652 4466 3365
5406 2 2 1 26 2937 3570 3559
5407 2 2 1 26 2812 3598 3249
5408 2 2 1 26 3065 3659 4308
5409 2 2 1 26 3301 3862 4526
5410 2 2 1 26 2799 4497 3343
5411 2 2 1 26 2621 3281 4026
5412 2 2 1 26 2973 4026 3281
5413 2 2 1 26 2679 4145 3694
5414 2 2 1 26 2807 3961 3439
5415 2 2 1 26 3010 3456 4191
5416 2 2 1 26 3011 4192 3457
5417 2 2 1 26 4321 3454 3839
5418 2 2 1 26 2661 4543 3173
5419 2 2 1 26 3171 3306 4368
5420 2 2 1 26 3172 4369 3307
5421 2 2 1 26 4807 4416 3271
5422 2 2 1 26 4808 3273 4417
5423 2 2 1 26 2895 3637 3560
5424 2 2 1 26 2821 3379 3905
5425 2 2 1 26 3035 3597 3870
5426 2 2 1 26 2698 3809 3617
5427 2 2 1 26 2697 3616 3808
5428 2 2 1 26 2758 3663 4276
5429 2 2 1 26 2759 4277 3664
5430 2 2 1 26 2842 3609 3611
5431 2 2 1 26 3002 3611 3609
5432 2 2 1 26 334 3268 4260
5433 2 2 1 26 2963 3901 3534
5434 2 2 1 26 3051 3534 3901
5435 2 2 1 26 2905 4535 3878
5436 2 2 1 26 3178 3758 4028
5437 2 2 1 26 2737 4028 3758
5438 2 2 1 26 2868 3999 3504
5439 2 2 1 26 2929 3517 3552
5440 2 2 1 26 2833 3552 3517
5441 2 2 1 26 2740 4331 4530
5442 2 2 1 26 2872 4226 3829
5443 2 2 1 26 2796 4307 3277
5444 2 2 1 26 3437 3979 3708
5445 2 2 1 26 3018 3734 4786
5446 2 2 1 26 2812 4061 3253
5447 2 2 1 26 2677 3684 3683
5448 2 2 1 26 2678 3685 3686
5449 2 2 1 26 2961 3303 4019
5450 2 2 1 26 2652 3365 4133
5451 2 2 1 26 2874 4446 4066
5452 2 2 1 26 2707 3404 4197
5453 2 2 1 26 2705 3301 3863
5454 2 2 1 26 2826 3565 4189
5455 2 2 1 26 248 249 3412
5456 2 2 1 26 3471 3532 4923
5457 2 2 1 26 4526 3862 3109
5458 2 2 1 26 2809 4064 4693
5459 2 2 1 26 3477 3895 4641
5460 2 2 1 26 3479 4640 3893
5461 2 2 1 26 2677 4801 3684
5462 2 2 1 26 2678 3686 4802
5463 2 2 1 26 3048 3617 3809
5464 2 2 1 26 3047 3808 3616
5465 2 2 1 26 2814 4682 3277
5466 2 2 1 26 2815 3278 4683
5467 2 2 1 26 2749 3566 4419
5468 2 2 1 26 2809 4693 3567
5469 2 2 1 26 2746 3241 4512
5470 2 2 1 26 2881 3240 3830
5471 2 2 1 26 4960 2873 3569
5472 2 2 1 26 2619 3319 4548
5473 2 2 1 26 3103 3693 4097
5474 2 2 1 26 3098 3586 4048
5475 2 2 1 26 3424 4642 3658
5476 2 2 1 26 2808 3541 3361
5477 2 2 1 26 3297 3567 4693
5478 2 2 1 26 2961 3954 3303
5479 2 2 1 26 337 338 3338
5480 2 2 1 26 235 236 3337
5481 2 2 1 26 3422 4960 3569
5482 2 2 1 26 2747 4504 3234
5483 2 2 1 26 2802 4475 3389
5484 2 2 1 26 247 4235 3386
5485 2 2 1 26 2734 3284 4667
5486 2 2 1 26 2624 3673 3462
5487 2 2 1 26 2625 3463 3674
5488 2 2 1 26 2974 3569 3627
5489 2 2 1 26 3015 3308 3803
5490 2 2 1 26 3486 4939 3531
5491 2 2 1 26 3024 3231 4331
5492 2 2 1 26 2762 4775 4544
5493 2 2 1 26 2763 4545 4776
5494 2 2 1 26 2874 3700 4446
5495 2 2 1 26 2873 3627 3569
5496 2 2 1 26 2987 3986 3628
5497 2 2 1 26 3998 3117 2610
5498 2 2 1 26 3132 4762 4095
5499 2 2 1 26 2852 3620 3480
5500 2 2 1 26 2876 3274 4232
5501 2 2 1 26 2926 3311 4054
5502 2 2 1 26 364 3914 3233
5503 2 2 1 26 3261 4019 4718
5504 2 2 1 26 3354 4436 3779
5505 2 2 1 26 2906 3289 4447
5506 2 2 1 26 3494 4716 3641
5507 2 2 1 26 345 3322 3828
5508 2 2 1 26 4250 4318 3137
5509 2 2 1 26 4251 3139 4319
5510 2 2 1 26 2721 3870 3597
5511 2 2 1 26 3005 3325 3713
5512 2 2 1 26 2876 3576 3698
5513 2 2 1 26 2877 3699 3577
5514 2 2 1 26 2876 3695 4644
5515 2 2 1 26 2843 3828 3322
5516 2 2 1 26 3163 4623 4288
5517 2 2 1 26 2702 3291 3612
5518 2 2 1 26 232 3241 3952
5519 2 2 1 26 2653 3491 3640
5520 2 2 1 26 2827 4183 3657
5521 2 2 1 26 2985 3250 4172
5522 2 2 1 26 2990 3698 3576
5523 2 2 1 26 2991 3577 3699
5524 2 2 1 26 4683 3931 2797
5525 2 2 1 26 2676 3568 3422
5526 2 2 1 26 2898 3494 3641
5527 2 2 1 26 2868 3823 3310
5528 2 2 1 26 2844 3396 3309
5529 2 2 1 26 2938 3518 3676
5530 2 2 1 26 3107 3598 3720
5531 2 2 1 26 3134 4109 2925
5532 2 2 1 26 2771 3473 3491
5533 2 2 1 26 2773 4795 3472
5534 2 2 1 26 2841 4048 3388
5535 2 2 1 26 4416 3992 3271
5536 2 2 1 26 4417 3273 3993
5537 2 2 1 26 3003 3433 4132
5538 2 2 1 26 2700 3531 3971
5539 2 2 1 26 2699 3970 3532
5540 2 2 1 26 3201 4202 4892
5541 2 2 1 26 2886 3687 3411
5542 2 2 1 26 2866 3308 3798
5543 2 2 1 26 2881 3997 3240
5544 2 2 1 26 3392 3963 3726
5545 2 2 1 26 2978 3582 4511
5546 2 2 1 26 2603 3527 3977
5547 2 2 1 26 264 265 3704
5548 2 2 1 26 2847 3895 3457
5549 2 2 1 26 2848 3456 3893
5550 2 2 1 26 2978 3434 3682
5551 2 2 1 26 2925 4109 3344
5552 2 2 1 26 3059 3927 3826
5553 2 2 1 26 3060 3827 3928
5554 2 2 1 26 2870 4238 3333
5555 2 2 1 26 2871 3334 4239
5556 2 2 1 26 2724 3900 3437
5557 2 2 1 26 2998 3437 3900
5558 2 2 1 26 2716 4033 3680
5559 2 2 1 26 3007 4854 3244
5560 2 2 1 26 3008 3245 4855
5561 2 2 1 26 3259 4695 3451
5562 2 2 1 26 3389 4475 4327
5563 2 2 1 26 2959 3327 3807
5564 2 2 1 26 3105 3300 4922
5565 2 2 1 26 3106 4921 3299
5566 2 2 1 26 2781 3369 4025
5567 2 2 1 26 2997 4025 3369
5568 2 2 1 26 3331 4425 3414
5569 2 2 1 26 331 3854 3347
5570 2 2 1 26 3131 3700 3374
5571 2 2 1 26 4497 2799 3839
5572 2 2 1 26 273 274 3798
5573 2 2 1 26 2833 3634 3292
5574 2 2 1 26 2823 3352 4359
5575 2 2 1 26 3303 3954 4648
5576 2 2 1 26 3 3469 4050
5577 2 2 1 26 3162 4289 4576
5578 2 2 1 26 11 4051 3466
5579 2 2 1 26 4008 2707 4197
5580 2 2 1 26 2810 3760 3400
5581 2 2 1 26 2811 3401 3761
5582 2 2 1 26 2786 3916 3352
5583 2 2 1 26 3248 4449 3797
5584 2 2 1 26 2760 4118 3305
5585 2 2 1 26 2638 4876 3239
5586 2 2 1 26 3045 4143 4518
5587 2 2 1 26 2798 4899 3247
5588 2 2 1 26 2685 3266 4237
5589 2 2 1 26 2679 4262 4145
5590 2 2 1 26 2851 4731 3323
5591 2 2 1 26 3038 3977 3527
5592 2 2 1 26 3796 4320 2901
5593 2 2 1 26 4320 3725 2901
5594 2 2 1 26 3001 3876 3370
5595 2 2 1 26 2944 3813 3378
5596 2 2 1 26 2852 3384 3559
5597 2 2 1 26 3360 3934 4385
5598 2 2 1 26 2659 3190 3679
5599 2 2 1 26 4903 2947 3432
5600 2 2 1 26 3731 3105 4922
5601 2 2 1 26 3732 4921 3106
5602 2 2 1 26 3615 4204 3788
5603 2 2 1 26 323 3959 3236
5604 2 2 1 26 2827 3657 3861
5605 2 2 1 26 3331 4007 4488
5606 2 2 1 26 2845 3330 3578
5607 2 2 1 26 3123 4173 3767
5608 2 2 1 26 3122 3768 4172
5609 2 2 1 26 3269 4335 3717
5610 2 2 1 26 3054 3906 4273
5611 2 2 1 26 3421 4730 2780
5612 2 2 1 26 4335 2655 3717
5613 2 2 1 26 2895 3235 4198
5614 2 2 1 26 2895 4271 3235
5615 2 2 1 26 3780 4726 2770
5616 2 2 1 26 323 3236 4610
5617 2 2 1 26 3074 3780 3425
5618 2 2 1 26 2644 4175 3402
5619 2 2 1 26 2670 3279 3691
5620 2 2 1 26 2856 3691 3279
5621 2 2 1 26 2903 4616 3225
5622 2 2 1 26 2596 3878 3446
5623 2 2 1 26 2697 4180 4396
5624 2 2 1 26 2698 4397 4181
5625 2 2 1 26 3258 4832 3836
5626 2 2 1 26 3554 4529 4755
5627 2 2 1 26 361 3581 3238
5628 2 2 1 26 2667 4027 3523
5629 2 2 1 26 334 4006 3268
5630 2 2 1 26 3561 4116 4704
5631 2 2 1 26 2758 3943 3843
5632 2 2 1 26 2759 3844 3944
5633 2 2 1 26 2889 3406 3971
5634 2 2 1 26 2888 3970 3407
5635 2 2 1 26 3464 4057 4842
5636 2 2 1 26 2867 4034 3236
5637 2 2 1 26 2774 4648 3954
5638 2 2 1 26 2814 4665 3350
5639 2 2 1 26 2815 3351 4666
5640 2 2 1 26 268 3240 3997
5641 2 2 1 26 2697 4396 3698
5642 2 2 1 26 2698 3699 4397
5643 2 2 1 26 2821 3905 4688
5644 2 2 1 26 2899 3932 3540
5645 2 2 1 26 2880 3254 4394
5646 2 2 1 26 231 3952 3253
5647 2 2 1 26 2660 3661 3703
5648 2 2 1 26 2797 3537 4784
5649 2 2 1 26 3034 3835 4123
5650 2 2 1 26 2693 3928 3827
5651 2 2 1 26 2692 3826 3927
5652 2 2 1 26 3068 3402 4175
5653 2 2 1 26 342 343 4207
5654 2 2 1 26 3077 4522 3853
5655 2 2 1 26 137 138 3706
5656 2 2 1 26 3342 4003 4528
5657 2 2 1 26 2719 3484 4663
5658 2 2 1 26 2764 3797 4449
5659 2 2 1 26 3018 3461 3756
5660 2 2 1 26 2810 4437 3316
5661 2 2 1 26 2811 3317 4438
5662 2 2 1 26 2964 3263 4071
5663 2 2 1 26 2986 4173 3268
5664 2 2 1 26 2746 4368 3720
5665 2 2 1 26 2887 3455 4070
5666 2 2 1 26 2801 4724 3999
5667 2 2 1 26 2713 3887 3487
5668 2 2 1 26 2704 3834 4127
5669 2 2 1 26 2822 3672 4843
5670 2 2 1 26 2596 4115 3878
5671 2 2 1 26 2913 3673 3382
5672 2 2 1 26 2914 3383 3674
5673 2 2 1 26 341 3719 3234
5674 2 2 1 26 224 225 4070
5675 2 2 1 26 2995 4141 3291
5676 2 2 1 26 3062 3566 3449
5677 2 2 1 26 3104 4657 3556
5678 2 2 1 26 2701 3860 4694
5679 2 2 1 26 268 269 4753
5680 2 2 1 26 2600 3328 3722
5681 2 2 1 26 2921 3442 3675
5682 2 2 1 26 2691 3675 3442
5683 2 2 1 26 2898 3429 3626
5684 2 2 1 26 2628 3715 4016
5685 2 2 1 26 4133 3906 2755
5686 2 2 1 26 3135 4016 3715
5687 2 2 1 26 2697 4469 3257
5688 2 2 1 26 2698 3258 4470
5689 2 2 1 26 3556 4657 3638
5690 2 2 1 26 3191 4443 3451
5691 2 2 1 26 2968 3646 3687
5692 2 2 1 26 3034 4161 3257
5693 2 2 1 26 3035 3258 4162
5694 2 2 1 26 2856 3279 4059
5695 2 2 1 26 4663 3252 2979
5696 2 2 1 26 2940 4559 3202
5697 2 2 1 26 2942 3203 4560
5698 2 2 1 26 2617 4190 3483
5699 2 2 1 26 276 277 3519
5700 2 2 1 26 266 267 3589
5701 2 2 1 26 2990 3243 4376
5702 2 2 1 26 3158 3534 4150
5703 2 2 1 26 3130 3431 4484
5704 2 2 1 26 4947 4152 3189
5705 2 2 1 26 3055 4381 3776
5706 2 2 1 26 3056 3777 4382
5707 2 2 1 26 2814 3350 4682
5708 2 2 1 26 2815 4683 3351
5709 2 2 1 26 2663 4017 3251
5710 2 2 1 26 3132 3402 3805
5711 2 2 1 26 2991 4478 4584
5712 2 2 1 26 3152 3903 3792
5713 2 2 1 26 3712 4296 4241
5714 2 2 1 26 4653 3115 3814
5715 2 2 1 26 2675 3559 3384
5716 2 2 1 26 2906 4447 3320
5717 2 2 1 26 2859 3903 3152
5718 2 2 1 26 3133 4274 3638
5719 2 2 1 26 278 3919 3312
5720 2 2 1 26 2631 3723 3931
5721 2 2 1 26 2676 3422 3569
5722 2 2 1 26 260 4252 3361
5723 2 2 1 26 2727 3994 4005
5724 2 2 1 26 3325 4053 3579
5725 2 2 1 26 2744 4404 3436
5726 2 2 1 26 3495 4466 4804
5727 2 2 1 26 3082 3923 4904
5728 2 2 1 26 2900 3491 3473
5729 2 2 1 26 2885 3225 4401
5730 2 2 1 26 3252 4094 2979
5731 2 2 1 26 2841 3930 4048
5732 2 2 1 26 2964 4104 3263
5733 2 2 1 26 2980 3269 4081
5734 2 2 1 26 248 3412 4235
5735 2 2 1 26 290 291 3453
5736 2 2 1 26 282 283 3452
5737 2 2 1 26 3306 3591 4474
5738 2 2 1 26 3307 4475 3592
5739 2 2 1 26 310 3972 4529
5740 2 2 1 26 3018 4786 3376
5741 2 2 1 26 2709 3474 3742
5742 2 2 1 26 2728 3816 3360
5743 2 2 1 26 2919 3360 3816
5744 2 2 1 26 2867 3712 4241
5745 2 2 1 26 2617 3632 3516
5746 2 2 1 26 3051 4150 3534
5747 2 2 1 26 266 3589 4361
5748 2 2 1 26 2985 4013 3250
5749 2 2 1 26 2658 3877 3454
5750 2 2 1 26 2633 3451 4443
5751 2 2 1 26 3138 4078 3983
5752 2 2 1 26 3140 3984 4079
5753 2 2 1 26 2843 3280 3828
5754 2 2 1 26 2915 3360 4385
5755 2 2 1 26 3006 4212 3655
5756 2 2 1 26 3176 4135 3419
5757 2 2 1 26 2658 3454 4321
5758 2 2 1 26 364 3233 4358
5759 2 2 1 26 3311 4694 3860
5760 2 2 1 26 2657 3358 3530
5761 2 2 1 26 3394 4653 3814
5762 2 2 1 26 3222 4093 3845
5763 2 2 1 26 2887 4594 3233
5764 2 2 1 26 2977 3347 4015
5765 2 2 1 26 3922 4794 4304
5766 2 2 1 26 2864 3478 3879
5767 2 2 1 26 2863 3880 3476
5768 2 2 1 26 2918 3340 3920
5769 2 2 1 26 2863 3417 4167
5770 2 2 1 26 2864 4166 3416
5771 2 2 1 26 2743 3666 4305
5772 2 2 1 26 2851 3372 4731
5773 2 2 1 26 2843 3322 4214
5774 2 2 1 26 3064 3434 3916
5775 2 2 1 26 3002 4057 3464
5776 2 2 1 26 3080 3680 4033
5777 2 2 1 26 2609 4186 3389
5778 2 2 1 26 2675 3290 4827
5779 2 2 1 26 2640 3922 4304
5780 2 2 1 26 3286 4734 3917
5781 2 2 1 26 3296 4942 3385
5782 2 2 1 26 2751 4289 3736
5783 2 2 1 26 2752 3735 4288
5784 2 2 1 26 2761 4418 3581
5785 2 2 1 26 3018 3376 4500
5786 2 2 1 26 2691 3410 4408
5787 2 2 1 26 2960 3909 3549
5788 2 2 1 26 3131 4267 3700
5789 2 2 1 26 2778 3259 4015
5790 2 2 1 26 343 344 4207
5791 2 2 1 26 2939 3403 3647
5792 2 2 1 26 2990 3576 4873
5793 2 2 1 26 347 3196 4217
5794 2 2 1 26 3102 3939 3709
5795 2 2 1 26 2717 3709 3939
5796 2 2 1 26 3302 4726 3780
5797 2 2 1 26 2897 3492 4062
5798 2 2 1 26 2896 4063 3493
5799 2 2 1 26 2764 3279 3797
5800 2 2 1 26 2781 3266 4692
5801 2 2 1 26 2958 3342 4707
5802 2 2 1 26 2975 3397 4090
5803 2 2 1 26 2886 3557 3687
5804 2 2 1 26 2844 3309 3501
5805 2 2 1 26 2934 3602 3418
5806 2 2 1 26 2866 3798 3283
5807 2 2 1 26 2769 4711 3917
5808 2 2 1 26 2810 3400 4437
5809 2 2 1 26 2811 4438 3401
5810 2 2 1 26 2810 3535 3760
5811 2 2 1 26 2811 3761 3536
5812 2 2 1 26 3188 3649 4700
5813 2 2 1 26 2769 3405 3508
5814 2 2 1 26 2588 3419 4135
5815 2 2 1 26 3757 4152 4947
5816 2 2 1 26 32 33 3457
5817 2 2 1 26 54 55 3456
5818 2 2 1 26 2686 3669 4094
5819 2 2 1 26 2981 3623 3819
5820 2 2 1 26 2898 3626 3494
5821 2 2 1 26 239 3250 4013
5822 2 2 1 26 2727 3947 3218
5823 2 2 1 26 2866 3555 3803
5824 2 2 1 26 299 3886 3356
5825 2 2 1 26 358 359 3903
5826 2 2 1 26 2920 3987 3639
5827 2 2 1 26 3669 4301 4094
5828 2 2 1 26 2972 3877 3754
5829 2 2 1 26 2752 4223 3735
5830 2 2 1 26 2877 3502 3706
5831 2 2 1 26 3198 4099 4444
5832 2 2 1 26 3400 3760 4932
5833 2 2 1 26 3401 4933 3761
5834 2 2 1 26 342 3305 3719
5835 2 2 1 26 2621 3515 4122
5836 2 2 1 26 3050 4265 3379
5837 2 2 1 26 136 137 3502
5838 2 2 1 26 2956 4743 3222
5839 2 2 1 26 2957 3129 4022
5840 2 2 1 26 2766 3335 4240
5841 2 2 1 26 3083 3890 3504
5842 2 2 1 26 3084 3505 3891
5843 2 2 1 26 2751 3736 4227
5844 2 2 1 26 2879 3925 3665
5845 2 2 1 26 335 3744 4006
5846 2 2 1 26 3335 4225 4413
5847 2 2 1 26 2841 3575 3413
5848 2 2 1 26 2881 3782 3589
5849 2 2 1 26 3088 3589 3782
5850 2 2 1 26 2845 4872 3252
5851 2 2 1 26 238 4013 3743
5852 2 2 1 26 2782 3331 4488
5853 2 2 1 26 2907 3342 4528
5854 2 2 1 26 2906 3561 4829
5855 2 2 1 26 2663 3753 3705
5856 2 2 1 26 2897 3811 3492
5857 2 2 1 26 2896 3493 3812
5858 2 2 1 26 2890 3718 3260
5859 2 2 1 26 2865 3719 3305
5860 2 2 1 26 3207 4842 4057
5861 2 2 1 26 5 31 3477
5862 2 2 1 26 9 3479 56
5863 2 2 1 26 2711 3526 3648
5864 2 2 1 26 3059 3826 4115
5865 2 2 1 26 3060 4116 3827
5866 2 2 1 26 29 30 3476
5867 2 2 1 26 57 58 3478
5868 2 2 1 26 2645 3943 3145
5869 2 2 1 26 2646 3146 3944
5870 2 2 1 26 2592 3254 4345
5871 2 2 1 26 3163 3658 4623
5872 2 2 1 26 2661 3173 3949
5873 2 2 1 26 2932 3312 3919
5874 2 2 1 26 2837 4824 3275
5875 2 2 1 26 2838 3276 4825
5876 2 2 1 26 279 280 3430
5877 2 2 1 26 2809 4389 3295
5878 2 2 1 26 2970 3713 3325
5879 2 2 1 26 2682 3444 3573
5880 2 2 1 26 3086 3777 3459
5881 2 2 1 26 3087 3460 3776
5882 2 2 1 26 3002 3783 3611
5883 2 2 1 26 2899 3779 3932
5884 2 2 1 26 2987 3558 3600
5885 2 2 1 26 2823 3590 3352
5886 2 2 1 26 2835 3600 3558
5887 2 2 1 26 2612 3611 3783
5888 2 2 1 26 2865 3305 4118
5889 2 2 1 26 3027 3937 4316
5890 2 2 1 26 2591 4306 3260
5891 2 2 1 26 3077 3415 4357
5892 2 2 1 26 2594 3749 3819
5893 2 2 1 26 2727 3222 3845
5894 2 2 1 26 2768 3344 4109
5895 2 2 1 26 2986 3268 4006
5896 2 2 1 26 354 4121 3372
5897 2 2 1 26 2685 4631 3266
5898 2 2 1 26 2798 3650 4163
5899 2 2 1 26 2988 3795 3403
5900 2 2 1 26 2676 3569 3447
5901 2 2 1 26 2974 3447 3569
5902 2 2 1 26 2929 3413 4506
5903 2 2 1 26 2781 4025 3266
5904 2 2 1 26 2829 4734 3286
5905 2 2 1 26 2786 3352 3590
5906 2 2 1 26 3287 3684 4801
5907 2 2 1 26 3288 4802 3686
5908 2 2 1 26 354 355 4121
5909 2 2 1 26 2905 3319 3485
5910 2 2 1 26 2645 4020 4559
5911 2 2 1 26 2646 4560 4021
5912 2 2 1 26 2796 3277 4682
5913 2 2 1 26 3003 4268 3433
5914 2 2 1 26 2855 3318 3757
5915 2 2 1 26 2880 3518 3696
5916 2 2 1 26 2846 3412 3818
5917 2 2 1 26 2705 4393 3301
5918 2 2 1 26 2694 4625 3411
5919 2 2 1 26 239 240 4160
5920 2 2 1 26 2770 3507 3425
5921 2 2 1 26 293 294 3441
5922 2 2 1 26 2880 3349 4970
5923 2 2 1 26 3156 4828 3274
5924 2 2 1 26 2584 4187 3373
5925 2 2 1 26 3078 3441 3840
5926 2 2 1 26 2980 4047 3269
5927 2 2 1 26 3065 3942 3842
5928 2 2 1 26 3454 4497 3839
5929 2 2 1 26 3436 4404 4911
5930 2 2 1 26 2607 3633 3435
5931 2 2 1 26 2982 3633 3710
5932 2 2 1 26 2625 3626 3429
5933 2 2 1 26 2827 4923 3362
5934 2 2 1 26 2773 4826 4795
5935 2 2 1 26 2886 3710 3633
5936 2 2 1 26 2685 3672 3355
5937 2 2 1 26 2991 4584 3577
5938 2 2 1 26 2959 4953 3304
5939 2 2 1 26 3200 3972 3981
5940 2 2 1 26 3070 3981 3972
5941 2 2 1 26 3562 4224 4509
5942 2 2 1 26 2749 3449 3566
5943 2 2 1 26 2899 3886 3354
5944 2 2 1 26 2742 3364 3734
5945 2 2 1 26 2870 4812 4238
5946 2 2 1 26 2871 4239 4813
5947 2 2 1 26 3045 4518 3675
5948 2 2 1 26 2617 3483 3632
5949 2 2 1 26 2981 4326 4213
5950 2 2 1 26 2890 3724 3676
5951 2 2 1 26 2665 3321 3729
5952 2 2 1 26 2642 3532 3471
5953 2 2 1 26 2862 3494 3626
5954 2 2 1 26 2920 3841 3987
5955 2 2 1 26 2845 3727 3330
5956 2 2 1 26 3162 4576 3652
5957 2 2 1 26 2911 4650 3436
5958 2 2 1 26 2866 3951 3550
5959 2 2 1 26 2652 4254 3226
5960 2 2 1 26 3642 4733 3651
5961 2 2 1 26 2855 4362 3392
5962 2 2 1 26 3062 4107 3566
5963 2 2 1 26 3263 3433 4907
5964 2 2 1 26 2787 4907 3433
5965 2 2 1 26 2970 3285 4072
5966 2 2 1 26 356 3546 4556
5967 2 2 1 26 2634 4228 3344
5968 2 2 1 26 2946 3810 3622
5969 2 2 1 26 2742 3129 4056
5970 2 2 1 26 2839 3969 3688
5971 2 2 1 26 2840 3689 3968
5972 2 2 1 26 2985 4038 3743
5973 2 2 1 26 2986 3744 4039
5974 2 2 1 26 3029 3386 4235
5975 2 2 1 26 2922 3594 3106
5976 2 2 1 26 2923 3105 3595
5977 2 2 1 26 3907 4513 2946
5978 2 2 1 26 3200 4529 3972
5979 2 2 1 26 2694 3687 3646
5980 2 2 1 26 2687 4390 3511
5981 2 2 1 26 4513 3635 2946
5982 2 2 1 26 3286 3917 4711
5983 2 2 1 26 296 297 3543
5984 2 2 1 26 2928 4754 3940
5985 2 2 1 26 3347 4823 4015
5986 2 2 1 26 2641 3486 3531
5987 2 2 1 26 2852 4351 3620
5988 2 2 1 26 3252 4663 3484
5989 2 2 1 26 2948 3929 3315
5990 2 2 1 26 2904 3742 3474
5991 2 2 1 26 2828 3554 4755
5992 2 2 1 26 2879 3624 3925
5993 2 2 1 26 295 3315 3929
5994 2 2 1 26 2884 3468 3763
5995 2 2 1 26 2883 3762 3465
5996 2 2 1 26 3007 3244 3799
5997 2 2 1 26 3008 3800 3245
5998 2 2 1 26 4970 2634 3676
5999 2 2 1 26 3274 130 4112
6000 2 2 1 26 2963 3882 3291
6001 2 2 1 26 2970 4836 3285
6002 2 2 1 26 2973 3281 3974
6003 2 2 1 26 337 3338 4157
6004 2 2 1 26 236 4156 3337
6005 2 2 1 26 3156 3274 4112
6006 2 2 1 26 2676 3296 4168
6007 2 2 1 26 2868 3310 3999
6008 2 2 1 26 3004 3945 3264
6009 2 2 1 26 4644 130 3274
6010 2 2 1 26 2978 3682 3461
6011 2 2 1 26 2854 3329 4604
6012 2 2 1 26 2903 3225 3845
6013 2 2 1 26 2762 4544 3521
6014 2 2 1 26 2763 3522 4545
6015 2 2 1 26 2973 4127 4026
6016 2 2 1 26 3349 3678 4347
6017 2 2 1 26 3028 3801 3363
6018 2 2 1 26 49 50 3406
6019 2 2 1 26 37 38 3407
6020 2 2 1 26 2595 3488 4044
6021 2 2 1 26 2853 4325 3437
6022 2 2 1 26 2779 3402 4247
6023 2 2 1 26 3068 4247 3402
6024 2 2 1 26 2662 3400 4932
6025 2 2 1 26 2664 4933 3401
6026 2 2 1 26 2611 3327 4075
6027 2 2 1 26 3049 3283 4439
6028 2 2 1 26 3242 4026 4127
6029 2 2 1 26 2652 4133 4009
6030 2 2 1 26 3212 4902 4027
6031 2 2 1 26 2670 4487 3279
6032 2 2 1 26 2764 4059 3279
6033 2 2 1 26 2671 4605 3851
6034 2 2 1 26 2783 4484 3431
6035 2 2 1 26 2742 4056 3364
6036 2 2 1 26 3128 4004 4537
6037 2 2 1 26 2943 3955 3290
6038 2 2 1 26 2621 4713 3281
6039 2 2 1 26 274 4439 3283
6040 2 2 1 26 2600 3574 3328
6041 2 2 1 26 4746 4085 3618
6042 2 2 1 26 317 318 3481
6043 2 2 1 26 2797 4505 3537
6044 2 2 1 26 2995 3862 3301
6045 2 2 1 26 2599 4165 4359
6046 2 2 1 26 2851 4687 3372
6047 2 2 1 26 2922 3106 3668
6048 2 2 1 26 2923 3667 3105
6049 2 2 1 26 2836 3638 4274
6050 2 2 1 26 2817 3410 4960
6051 2 2 1 26 2853 4302 4325
6052 2 2 1 26 2926 3555 3550
6053 2 2 1 26 2905 3878 4115
6054 2 2 1 26 2912 4565 3292
6055 2 2 1 26 2666 4672 3314
6056 2 2 1 26 3018 4346 3734
6057 2 2 1 26 4605 3017 3293
6058 2 2 1 26 2826 3371 4939
6059 2 2 1 26 2904 3474 3998
6060 2 2 1 26 2627 4072 3545
6061 2 2 1 26 3023 3431 3652
6062 2 2 1 26 2814 3606 4459
6063 2 2 1 26 2815 4460 3607
6064 2 2 1 26 2887 3233 3914
6065 2 2 1 26 3121 3861 3657
6066 2 2 1 26 3397 4209 4090
6067 2 2 1 26 2982 3710 3789
6068 2 2 1 26 2888 3407 3774
6069 2 2 1 26 2889 3773 3406
6070 2 2 1 26 2880 4394 3349
6071 2 2 1 26 3166 4520 3851
6072 2 2 1 26 2650 3961 3428
6073 2 2 1 26 2773 3472 3265
6074 2 2 1 26 2817 4960 3422
6075 2 2 1 26 2672 4124 3426
6076 2 2 1 26 2673 3427 4125
6077 2 2 1 26 2609 3750 3353
6078 2 2 1 26 3487 3887 4493
6079 2 2 1 26 2667 3212 4027
6080 2 2 1 26 2766 4225 3335
6081 2 2 1 26 3019 3688 3969
6082 2 2 1 26 3020 3968 3689
6083 2 2 1 26 2874 3374 3700
6084 2 2 1 26 2892 3605 3704
6085 2 2 1 26 2944 3378 3693
6086 2 2 1 26 3715 4376 4937
6087 2 2 1 26 2899 3873 3356
6088 2 2 1 26 3295 3986 4348
6089 2 2 1 26 2799 3328 3574
6090 2 2 1 26 3096 4240 3335
6091 2 2 1 26 2947 3960 3669
6092 2 2 1 26 2782 3424 4425
6093 2 2 1 26 2812 3720 3598
6094 2 2 1 26 3190 4864 4110
6095 2 2 1 26 2907 3867 3342
6096 2 2 1 26 2627 3342 3867
6097 2 2 1 26 2862 3418 3448
6098 2 2 1 26 2866 3550 3555
6099 2 2 1 26 4348 3986 2987
6100 2 2 1 26 1 21 3501
6101 2 2 1 26 2587 4834 3405
6102 2 2 1 26 3582 4165 4511
6103 2 2 1 26 2969 3516 3632
6104 2 2 1 26 360 4134 3792
6105 2 2 1 26 2628 4376 3715
6106 2 2 1 26 2700 3629 3531
6107 2 2 1 26 2699 3532 3630
6108 2 2 1 26 3094 3438 3769
6109 2 2 1 26 2935 3220 4699
6110 2 2 1 26 3161 4005 3994
6111 2 2 1 26 4803 3348 2619
6112 2 2 1 26 2995 3291 4673
6113 2 2 1 26 2718 3600 4836
6114 2 2 1 26 2982 3435 3633
6115 2 2 1 26 261 262 3778
6116 2 2 1 26 2767 3349 4394
6117 2 2 1 26 2750 4700 3649
6118 2 2 1 26 2774 3954 3296
6119 2 2 1 26 344 3828 3280
6120 2 2 1 26 2684 3500 3738
6121 2 2 1 26 2778 4015 4823
6122 2 2 1 26 136 3502 4691
6123 2 2 1 26 2683 3740 3499
6124 2 2 1 26 2839 3159 3499
6125 2 2 1 26 2840 3500 3160
6126 2 2 1 26 2796 4682 3729
6127 2 2 1 26 356 357 3546
6128 2 2 1 26 2932 4029 3312
6129 2 2 1 26 290 3453 4256
6130 2 2 1 26 283 4257 3452
6131 2 2 1 26 2800 3312 4029
6132 2 2 1 26 2632 3424 3658
6133 2 2 1 26 2657 4206 3358
6134 2 2 1 26 2749 3988 4308
6135 2 2 1 26 3293 3851 4605
6136 2 2 1 26 8 3492 53
6137 2 2 1 26 6 34 3493
6138 2 2 1 26 2800 4440 3519
6139 2 2 1 26 324 325 3496
6140 2 2 1 26 2907 3758 3394
6141 2 2 1 26 2957 4056 3129
6142 2 2 1 26 2617 4684 4169
6143 2 2 1 26 3264 4359 4165
6144 2 2 1 26 2812 3249 4061
6145 2 2 1 26 35 36 3459
6146 2 2 1 26 51 52 3460
6147 2 2 1 26 3025 3337 4156
6148 2 2 1 26 3026 4157 3338
6149 2 2 1 26 3293 3017 4569
6150 2 2 1 26 2885 3947 3225
6151 2 2 1 26 4829 3289 2906
6152 2 2 1 26 2853 3708 3709
6153 2 2 1 26 3102 3709 3708
6154 2 2 1 26 2700 3776 4381
6155 2 2 1 26 2699 4382 3777
6156 2 2 1 26 2657 3421 4818
6157 2 2 1 26 263 264 3605
6158 2 2 1 26 3188 4075 3649
6159 2 2 1 26 2867 3959 3496
6160 2 2 1 26 3200 4755 4529
6161 2 2 1 26 3189 3608 4362
6162 2 2 1 26 2620 4362 3608
6163 2 2 1 26 2851 3332 3644
6164 2 2 1 26 2912 3292 4314
6165 2 2 1 26 3025 4290 3337
6166 2 2 1 26 3026 3338 4291
6167 2 2 1 26 3067 3405 3917
6168 2 2 1 26 3036 3549 3909
6169 2 2 1 26 3039 4108 3226
6170 2 2 1 26 263 3605 4377
6171 2 2 1 26 355 356 3377
6172 2 2 1 26 3413 3575 4506
6173 2 2 1 26 2600 3722 3978
6174 2 2 1 26 2652 3420 4254
6175 2 2 1 26 2588 4198 3419
6176 2 2 1 26 3104 4414 3326
6177 2 2 1 26 2832 3289 4829
6178 2 2 1 26 3410 3833 4408
6179 2 2 1 26 2662 3382 3653
6180 2 2 1 26 2664 3654 3383
6181 2 2 1 26 2995 3301 4393
6182 2 2 1 26 3092 3850 3834
6183 2 2 1 26 2893 3834 3850
6184 2 2 1 26 2887 4809 3455
6185 2 2 1 26 2707 4068 3755
6186 2 2 1 26 3176 3419 4868
6187 2 2 1 26 2716 3551 4033
6188 2 2 1 26 2611 3217 4282
6189 2 2 1 26 2676 4450 3296
6190 2 2 1 26 2902 4871 3341
6191 2 2 1 26 2717 4746 3618
6192 2 2 1 26 2938 3696 3518
6193 2 2 1 26 3097 3852 3490
6194 2 2 1 26 2671 3480 3620
6195 2 2 1 26 2849 3714 3482
6196 2 2 1 26 2768 3718 3344
6197 2 2 1 26 2645 3186 3943
6198 2 2 1 26 2646 3944 3187
6199 2 2 1 26 2632 3385 3892
6200 2 2 1 26 2925 3344 4228
6201 2 2 1 26 4121 4065 2788
6202 2 2 1 26 2819 3453 4533
6203 2 2 1 26 2818 4532 3452
6204 2 2 1 26 2689 4132 3433
6205 2 2 1 26 2899 3354 3779
6206 2 2 1 26 2839 3688 3159
6207 2 2 1 26 2840 3160 3689
6208 2 2 1 26 2876 4396 3695
6209 2 2 1 26 2621 4122 4713
6210 2 2 1 26 2959 3304 3887
6211 2 2 1 26 2699 3086 3970
6212 2 2 1 26 2700 3971 3087
6213 2 2 1 26 3424 4943 4425
6214 2 2 1 26 3029 4235 3412
6215 2 2 1 26 2738 4410 3127
6216 2 2 1 26 2971 3503 3825
6217 2 2 1 26 2956 3222 4005
6218 2 2 1 26 2613 3825 3503
6219 2 2 1 26 2694 3411 3687
6220 2 2 1 26 2586 3425 4835
6221 2 2 1 26 252 3369 4412
6222 2 2 1 26 3079 3884 3430
6223 2 2 1 26 2726 3700 4267
6224 2 2 1 26 335 336 3744
6225 2 2 1 26 237 238 3743
6226 2 2 1 26 3179 3702 4366
6227 2 2 1 26 2821 3784 3379
6228 2 2 1 26 260 3361 4664
6229 2 2 1 26 2633 3652 3431
6230 2 2 1 26 2955 3218 4787
6231 2 2 1 26 3066 3669 3960
6232 2 2 1 26 3101 3859 3849
6233 2 2 1 26 2598 3849 3859
6234 2 2 1 26 2827 3471 4923
6235 2 2 1 26 2847 4641 3895
6236 2 2 1 26 2848 3893 4640
6237 2 2 1 26 2617 3516 4684
6238 2 2 1 26 2607 3557 3633
6239 2 2 1 26 3025 3743 4038
6240 2 2 1 26 3026 4039 3744
6241 2 2 1 26 3229 3350 4665
6242 2 2 1 26 3230 4666 3351
6243 2 2 1 26 2592 3273 4597
6244 2 2 1 26 3012 4224 3660
6245 2 2 1 26 3013 3661 4225
6246 2 2 1 26 2591 4612 3271
6247 2 2 1 26 3261 4037 4891
6248 2 2 1 26 23 24 3538
6249 2 2 1 26 2641 3610 3486
6250 2 2 1 26 2926 4694 3311
6251 2 2 1 26 3518 4970 3676
6252 2 2 1 26 2836 3566 4107
6253 2 2 1 26 2917 3440 4248
6254 2 2 1 26 2989 4426 4007
6255 2 2 1 26 3015 4339 3308
6256 2 2 1 26 347 348 3908
6257 2 2 1 26 233 3912 3241
6258 2 2 1 26 3285 4836 3600
6259 2 2 1 26 2633 3902 3451
6260 2 2 1 26 3226 4108 4804
6261 2 2 1 26 3248 3797 4568
6262 2 2 1 26 3069 4185 4129
6263 2 2 1 26 3247 4784 3537
6264 2 2 1 26 340 3234 3915
6265 2 2 1 26 2797 3931 4505
6266 2 2 1 26 3850 4477 4660
6267 2 2 1 26 2968 3687 3557
6268 2 2 1 26 3411 4625 3784
6269 2 2 1 26 3019 4276 3663
6270 2 2 1 26 3020 3664 4277
6271 2 2 1 26 2817 3422 4891
6272 2 2 1 26 3163 4441 3658
6273 2 2 1 26 2739 4273 3906
6274 2 2 1 26 2645 4455 3186
6275 2 2 1 26 2646 3187 4456
6276 2 2 1 26 3213 4028 4379
6277 2 2 1 26 2606 4406 3298
6278 2 2 1 26 2864 3416 3832
6279 2 2 1 26 2863 3831 3417
6280 2 2 1 26 2861 3703 3752
6281 2 2 1 26 2894 3345 3489
6282 2 2 1 26 2666 4895 4672
6283 2 2 1 26 3043 3330 4119
6284 2 2 1 26 3414 4637 3955
6285 2 2 1 26 2973 3618 3681
6286 2 2 1 26 2814 3584 4665
6287 2 2 1 26 2815 4666 3585
6288 2 2 1 26 2876 4232 3576
6289 2 2 1 26 249 3818 3412
6290 2 2 1 26 2822 4611 3355
6291 2 2 1 26 2 2984 3872
6292 2 2 1 26 3186 3843 3943
6293 2 2 1 26 3187 3944 3844
6294 2 2 1 26 3176 3511 4390
6295 2 2 1 26 2968 3838 4353
6296 2 2 1 26 3010 4062 3492
6297 2 2 1 26 3011 3493 4063
6298 2 2 1 26 3285 3600 4757
6299 2 2 1 26 2835 4757 3600
6300 2 2 1 26 2907 3394 3814
6301 2 2 1 26 2672 3547 4124
6302 2 2 1 26 2673 4125 3548
6303 2 2 1 26 2968 4353 4035
6304 2 2 1 26 3390 4901 3879
6305 2 2 1 26 3391 3880 4900
6306 2 2 1 26 2786 4617 3916
6307 2 2 1 26 2632 3658 4441
6308 2 2 1 26 2817 3386 3833
6309 2 2 1 26 3162 3652 4443
6310 2 2 1 26 2786 3590 3509
6311 2 2 1 26 2879 4208 3624
6312 2 2 1 26 2931 4651 4352
6313 2 2 1 26 3029 3833 3386
6314 2 2 1 26 3375 3876 4591
6315 2 2 1 26 2880 4970 3518
6316 2 2 1 26 2755 4902 4133
6317 2 2 1 26 4591 3876 2639
6318 2 2 1 26 3117 3474 4715
6319 2 2 1 26 2916 3324 3991
6320 2 2 1 26 2785 4147 4597
6321 2 2 1 26 2781 4675 3369
6322 2 2 1 26 288 289 3564
6323 2 2 1 26 284 285 3563
6324 2 2 1 26 2962 4187 4386
6325 2 2 1 26 3050 3379 3784
6326 2 2 1 26 2937 3701 3570
6327 2 2 1 26 2905 4115 3826
6328 2 2 1 26 2906 3827 4116
6329 2 2 1 26 2624 3462 4113
6330 2 2 1 26 2827 3861 3363
6331 2 2 1 26 2826 4939 3486
6332 2 2 1 26 2753 4367 4172
6333 2 2 1 26 2977 4708 3347
6334 2 2 1 26 2604 3570 3701
6335 2 2 1 26 2969 3332 3964
6336 2 2 1 26 2777 3408 4969
6337 2 2 1 26 2714 3955 4637
6338 2 2 1 26 2613 3503 4066
6339 2 2 1 26 2926 3842 3942
6340 2 2 1 26 2835 3771 3545
6341 2 2 1 26 2958 3545 3771
6342 2 2 1 26 2855 4086 3318
6343 2 2 1 26 2918 3973 3340
6344 2 2 1 26 2807 3340 3973
6345 2 2 1 26 2944 3693 4031
6346 2 2 1 26 2999 4231 4865
6347 2 2 1 26 3075 3772 3510
6348 2 2 1 26 2998 4196 3318
6349 2 2 1 26 3512 3958 4309
6350 2 2 1 26 3044 3440 3723
6351 2 2 1 26 2824 4044 3488
6352 2 2 1 26 3194 3426 4124
6353 2 2 1 26 3195 4125 3427
6354 2 2 1 26 3013 3703 3661
6355 2 2 1 26 3074 3975 3918
6356 2 2 1 26 2970 3325 4884
6357 2 2 1 26 3006 3755 4212
6358 2 2 1 26 2921 3745 3442
6359 2 2 1 26 2639 4477 3850
6360 2 2 1 26 270 3387 4753
6361 2 2 1 26 2671 3851 3480
6362 2 2 1 26 2584 3537 4557
6363 2 2 1 26 291 3786 3453
6364 2 2 1 26 282 3452 3785
6365 2 2 1 26 2685 3355 3907
6366 2 2 1 26 3204 4132 3579
6367 2 2 1 26 2813 3327 3702
6368 2 2 1 26 2747 4831 3874
6369 2 2 1 26 2713 4366 3702
6370 2 2 1 26 2645 3145 4020
6371 2 2 1 26 2646 4021 3146
6372 2 2 1 26 2783 4868 3419
6373 2 2 1 26 2915 4385 3819
6374 2 2 1 26 3030 4372 3910
6375 2 2 1 26 2886 3411 4930
6376 2 2 1 26 2610 4795 3645
6377 2 2 1 26 359 360 3792
6378 2 2 1 26 7 4858 43
6379 2 2 1 26 3117 3998 3474
6380 2 2 1 26 3238 3581 4418
6381 2 2 1 26 260 261 4252
6382 2 2 1 26 3057 3284 3868
6383 2 2 1 26 2808 3361 3965
6384 2 2 1 26 2927 3965 3361
6385 2 2 1 26 255 256 3528
6386 2 2 1 26 2727 3218 3994
6387 2 2 1 26 2733 3378 4686
6388 2 2 1 26 2661 3535 3875
6389 2 2 1 26 3090 3962 4721
6390 2 2 1 26 2785 4597 4750
6391 2 2 1 26 3394 3758 4945
6392 2 2 1 26 3005 4053 3325
6393 2 2 1 26 21 3848 3501
6394 2 2 1 26 2592 3993 3273
6395 2 2 1 26 2591 3271 3992
6396 2 2 1 26 2865 3353 3750
6397 2 2 1 26 2682 3789 3710
6398 2 2 1 26 2682 3710 3444
6399 2 2 1 26 2633 4443 3652
6400 2 2 1 26 2895 4001 3445
6401 2 2 1 26 2662 4932 3504
6402 2 2 1 26 2664 3505 4933
6403 2 2 1 26 21 22 3848
6404 2 2 1 26 2886 3444 3710
6405 2 2 1 26 2790 3375 3830
6406 2 2 1 26 2727 4005 3222
6407 2 2 1 26 331 332 3854
6408 2 2 1 26 3339 3829 4226
6409 2 2 1 26 2739 3906 4466
6410 2 2 1 26 2909 3805 4485
6411 2 2 1 26 2881 4464 3782
6412 2 2 1 26 3782 4464 4427
6413 2 2 1 26 2703 3440 3781
6414 2 2 1 26 3178 4945 3758
6415 2 2 1 26 3583 4501 4399
6416 2 2 1 26 2940 3821 3524
6417 2 2 1 26 2942 3525 3822
6418 2 2 1 26 2588 3331 4861
6419 2 2 1 26 12 60 3857
6420 2 2 1 26 3438 4458 4538
6421 2 2 1 26 2932 3430 3884
6422 2 2 1 26 2950 3808 3563
6423 2 2 1 26 2951 3564 3809
6424 2 2 1 26 327 3905 3379
6425 2 2 1 26 2886 3633 3557
6426 2 2 1 26 2900 3956 4387
6427 2 2 1 26 2775 4514 4290
6428 2 2 1 26 2776 4291 4515
6429 2 2 1 26 3047 3563 3808
6430 2 2 1 26 3048 3809 3564
6431 2 2 1 26 3197 4213 4326
6432 2 2 1 26 3365 3906 4133
6433 2 2 1 26 3221 4186 4017
6434 2 2 1 26 2899 3356 3886
6435 2 2 1 26 2926 4054 3842
6436 2 2 1 26 2834 3475 4581
6437 2 2 1 26 2836 3556 3638
6438 2 2 1 26 2954 3357 4867
6439 2 2 1 26 3247 4898 3381
6440 2 2 1 26 2915 3936 3360
6441 2 2 1 26 2728 3360 3936
6442 2 2 1 26 2784 4612 4151
6443 2 2 1 26 2722 4152 3757
6444 2 2 1 26 2606 3282 4406
6445 2 2 1 26 2772 4073 3753
6446 2 2 1 26 2654 3475 3733
6447 2 2 1 26 2879 3530 4208
6448 2 2 1 26 2992 3632 3483
6449 2 2 1 26 2971 3825 3388
6450 2 2 1 26 2795 3423 4685
6451 2 2 1 26 3155 4685 3423
6452 2 2 1 26 3076 4538 4458
6453 2 2 1 26 4591 3092 4464
6454 2 2 1 26 2734 3829 3339
6455 2 2 1 26 2652 4221 3420
6456 2 2 1 26 3956 4800 4387
6457 2 2 1 26 3219 4688 3905
6458 2 2 1 26 3337 4290 4514
6459 2 2 1 26 3338 4515 4291
6460 2 2 1 26 2886 4930 3444
6461 2 2 1 26 2653 3641 4716
6462 2 2 1 26 2755 4336 4902
6463 2 2 1 26 2943 3414 3955
6464 2 2 1 26 2784 4748 4612
6465 2 2 1 26 2972 3754 3807
6466 2 2 1 26 2779 3805 3402
6467 2 2 1 26 2824 3544 4044
6468 2 2 1 26 3021 3521 3663
6469 2 2 1 26 3022 3664 3522
6470 2 2 1 26 2887 3914 4809
6471 2 2 1 26 2935 4222 4014
6472 2 2 1 26 2917 4248 4557
6473 2 2 1 26 3375 4591 4464
6474 2 2 1 26 3208 3346 4821
6475 2 2 1 26 3173 4014 4222
6476 2 2 1 26 2911 3436 4958
6477 2 2 1 26 2959 4405 3327
6478 2 2 1 26 3012 4480 4224
6479 2 2 1 26 3013 4225 4481
6480 2 2 1 26 2644 3402 4679
6481 2 2 1 26 356 4556 3377
6482 2 2 1 26 2754 4173 4323
6483 2 2 1 26 3350 3729 4682
6484 2 2 1 26 2969 4434 3332
6485 2 2 1 26 2592 3613 3993
6486 2 2 1 26 3935 4485 4889
6487 2 2 1 26 261 3778 4252
6488 2 2 1 26 3042 3735 4223
6489 2 2 1 26 2627 4707 3342
6490 2 2 1 26 308 309 3554
6491 2 2 1 26 3048 4256 3453
6492 2 2 1 26 3047 3452 4257
6493 2 2 1 26 2967 3516 4519
6494 2 2 1 26 2855 4947 4362
6495 2 2 1 26 2954 4146 4592
6496 2 2 1 26 2618 4912 3521
6497 2 2 1 26 2614 3522 4913
6498 2 2 1 26 3041 4227 3736
6499 2 2 1 26 2710 3958 3512
6500 2 2 1 26 294 3929 3441
6501 2 2 1 26 10 3762 3390
6502 2 2 1 26 4 3391 3763
6503 2 2 1 26 2821 4930 3784
6504 2 2 1 26 2681 4167 3417
6505 2 2 1 26 2680 3416 4166
6506 2 2 1 26 2794 4500 3376
6507 2 2 1 26 3422 3568 4891
6508 2 2 1 26 2921 3982 3621
6509 2 2 1 26 2962 4386 3636
6510 2 2 1 26 3405 4834 3508
6511 2 2 1 26 2996 4017 4186
6512 2 2 1 26 2745 3446 3878
6513 2 2 1 26 3133 3638 4780
6514 2 2 1 26 315 3415 3920
6515 2 2 1 26 2706 3544 4080
6516 2 2 1 26 3167 4691 3502
6517 2 2 1 26 2894 3978 3722
6518 2 2 1 26 4950 3465 3467
6519 2 2 1 26 4951 3470 3468
6520 2 2 1 26 2669 3837 4537
6521 2 2 1 26 2793 3769 3438
6522 2 2 1 26 2940 3202 4137
6523 2 2 1 26 2942 4136 3203
6524 2 2 1 26 2675 3384 3864
6525 2 2 1 26 3377 4065 4121
6526 2 2 1 26 319 320 4043
6527 2 2 1 26 2589 3497 4233
6528 2 2 1 26 2590 4234 3498
6529 2 2 1 26 2949 4270 3262
6530 2 2 1 26 3231 4575 3930
6531 2 2 1 26 3545 4072 4757
6532 2 2 1 26 230 3253 4148
6533 2 2 1 26 2734 3339 3868
6534 2 2 1 26 2902 3341 4110
6535 2 2 1 26 3151 4756 3644
6536 2 2 1 26 3411 3784 4930
6537 2 2 1 26 2606 4573 3282
6538 2 2 1 26 3255 4665 3584
6539 2 2 1 26 3256 3585 4666
6540 2 2 1 26 2941 3648 3526
6541 2 2 1 26 3214 4163 3650
6542 2 2 1 26 3370 3876 4448
6543 2 2 1 26 2941 4456 4590
6544 2 2 1 26 2939 4589 4455
6545 2 2 1 26 3018 3756 4346
6546 2 2 1 26 3132 4679 3402
6547 2 2 1 26 2882 3520 4258
6548 2 2 1 26 2907 4528 3758
6549 2 2 1 26 3228 4618 3799
6550 2 2 1 26 2587 4768 3584
6551 2 2 1 26 2586 3585 4769
6552 2 2 1 26 321 3336 4155
6553 2 2 1 26 3453 3786 4533
6554 2 2 1 26 3452 4532 3785
6555 2 2 1 26 2856 4059 4878
6556 2 2 1 26 3031 4432 3508
6557 2 2 1 26 2817 3833 3410
6558 2 2 1 26 3039 4254 3420
6559 2 2 1 26 2662 3653 3400
6560 2 2 1 26 2664 3401 3654
6561 2 2 1 26 2663 3918 3536
6562 2 2 1 26 2946 4060 3810
6563 2 2 1 26 3351 4672 4895
6564 2 2 1 26 3032 3507 4433
6565 2 2 1 26 2604 3627 3745
6566 2 2 1 26 2935 4014 3220
6567 2 2 1 26 3165 4550 3528
6568 2 2 1 26 2595 4383 3986
6569 2 2 1 26 2844 4328 3495
6570 2 2 1 26 3210 4007 4426
6571 2 2 1 26 2599 4359 3916
6572 2 2 1 26 279 3430 3919
6573 2 2 1 26 4837 2640 4458
6574 2 2 1 26 2927 3361 4252
6575 2 2 1 26 2940 3524 4559
6576 2 2 1 26 2942 4560 3525
6577 2 2 1 26 2822 3528 4550
6578 2 2 1 26 2894 3722 3345
6579 2 2 1 26 242 4915 3764
6580 2 2 1 26 3350 4894 3729
6581 2 2 1 26 2588 3637 4198
6582 2 2 1 26 2932 3919 3430
6583 2 2 1 26 2903 3527 4616
6584 2 2 1 26 2591 3992 3631
6585 2 2 1 26 2864 3879 4901
6586 2 2 1 26 2863 4900 3880
6587 2 2 1 26 2996 3251 4017
6588 2 2 1 26 3303 4915 4019
6589 2 2 1 26 2675 4827 3559
6590 2 2 1 26 2845 3578 4872
6591 2 2 1 26 3265 4904 3923
6592 2 2 1 26 40 4183 4400
6593 2 2 1 26 3227 3800 4646
6594 2 2 1 26 2850 3450 3781
6595 2 2 1 26 2738 3127 4208
6596 2 2 1 26 2844 3495 4188
6597 2 2 1 26 3215 4843 3672
6598 2 2 1 26 2940 3606 3821
6599 2 2 1 26 2942 3822 3607
6600 2 2 1 26 3625 4410 3857
6601 2 2 1 26 3010 4191 4062
6602 2 2 1 26 3011 4063 4192
6603 2 2 1 26 127 4299 3746
6604 2 2 1 26 2919 4934 4414
6605 2 2 1 26 2882 4568 3797
6606 2 2 1 26 2948 3441 3929
6607 2 2 1 26 331 3347 4708
6608 2 2 1 26 2607 3838 3557
6609 2 2 1 26 47 4409 4189
6610 2 2 1 26 2997 3369 4205
6611 2 2 1 26 2968 3557 3838
6612 2 2 1 26 2811 3918 3975
6613 2 2 1 26 2597 4704 4116
6614 2 2 1 26 2662 3890 3382
6615 2 2 1 26 2664 3383 3891
6616 2 2 1 26 41 4758 3657
6617 2 2 1 26 2598 3859 4869
6618 2 2 1 26 2975 4444 4099
6619 2 2 1 26 2996 4008 3251
6620 2 2 1 26 3016 4049 4508
6621 2 2 1 26 3094 3863 3922
6622 2 2 1 26 2924 3922 3863
6623 2 2 1 26 2828 3583 4399
6624 2 2 1 26 3034 4046 3596
6625 2 2 1 26 2715 3445 3921
6626 2 2 1 26 2861 4024 3703
6627 2 2 1 26 3071 3449 4308
6628 2 2 1 26 2749 4308 3449
6629 2 2 1 26 3483 4190 4415
6630 2 2 1 26 2918 3415 3853
6631 2 2 1 26 2720 3596 4046
6632 2 2 1 26 3081 3353 4525
6633 2 2 1 26 3052 4822 3356
6634 2 2 1 26 2717 3974 3709
6635 2 2 1 26 2772 4892 4202
6636 2 2 1 26 2879 3665 4431
6637 2 2 1 26 3263 4104 3433
6638 2 2 1 26 2939 3524 3821
6639 2 2 1 26 2941 3822 3525
6640 2 2 1 26 3088 4361 3589
6641 2 2 1 26 2955 3994 3218
6642 2 2 1 26 2986 4006 3744
6643 2 2 1 26 2838 3630 3950
6644 2 2 1 26 2952 3921 3445
6645 2 2 1 26 2723 3604 3814
6646 2 2 1 26 2985 3743 4013
6647 2 2 1 26 3438 4837 4458
6648 2 2 1 26 3551 4550 4033
6649 2 2 1 26 2830 4416 4807
6650 2 2 1 26 2831 4808 4417
6651 2 2 1 26 3064 4045 4324
6652 2 2 1 26 50 4177 3406
6653 2 2 1 26 37 3407 4176
6654 2 2 1 26 2949 3262 3958
6655 2 2 1 26 2899 3540 3873
6656 2 2 1 26 3109 3862 4354
6657 2 2 1 26 2887 3487 4594
6658 2 2 1 26 2946 3953 4060
6659 2 2 1 26 3326 4508 4049
6660 2 2 1 26 2895 3560 4001
6661 2 2 1 26 2931 3858 4651
6662 2 2 1 26 3321 4140 3473
6663 2 2 1 26 3291 4141 3612
6664 2 2 1 26 2878 4609 3384
6665 2 2 1 26 3110 4377 3605
6666 2 2 1 26 341 342 3719
6667 2 2 1 26 2841 3388 4629
6668 2 2 1 26 3042 3547 3735
6669 2 2 1 26 3041 3736 3548
6670 2 2 1 26 3164 4619 3385
6671 2 2 1 26 62 63 3624
6672 2 2 1 26 3014 3770 3816
6673 2 2 1 26 2919 3816 3770
6674 2 2 1 26 3135 3715 3788
6675 2 2 1 26 3425 3507 4835
6676 2 2 1 26 3040 3354 4098
6677 2 2 1 26 126 127 3746
6678 2 2 1 26 139 140 3747
6679 2 2 1 26 2989 4135 4390
6680 2 2 1 26 3123 3736 4289
6681 2 2 1 26 3122 4288 3735
6682 2 2 1 26 2786 3509 4281
6683 2 2 1 26 2655 3615 4967
6684 2 2 1 26 2916 3991 3510
6685 2 2 1 26 299 3356 4822
6686 2 2 1 26 2877 3976 3502
6687 2 2 1 26 3121 4656 3484
6688 2 2 1 26 3065 3842 3659
6689 2 2 1 26 3235 3419 4198
6690 2 2 1 26 2668 3937 3539
6691 2 2 1 26 3015 4275 3387
6692 2 2 1 26 3076 4458 3374
6693 2 2 1 26 3062 3966 3749
6694 2 2 1 26 2981 3749 3966
6695 2 2 1 26 2595 4044 4383
6696 2 2 1 26 2895 3445 4271
6697 2 2 1 26 2904 3998 3645
6698 2 2 1 26 317 3481 4357
6699 2 2 1 26 2959 3754 4953
6700 2 2 1 26 2974 3627 3701
6701 2 2 1 26 3131 3374 4856
6702 2 2 1 26 333 334 4260
6703 2 2 1 26 60 61 3625
6704 2 2 1 26 2748 4128 3656
6705 2 2 1 26 3067 3875 3926
6706 2 2 1 26 2892 3681 3618
6707 2 2 1 26 3693 4263 4031
6708 2 2 1 26 2604 3701 3627
6709 2 2 1 26 3225 3947 3845
6710 2 2 1 26 3023 4430 3431
6711 2 2 1 26 2954 4592 3357
6712 2 2 1 26 2913 3382 3890
6713 2 2 1 26 2914 3891 3383
6714 2 2 1 26 2948 3840 3441
6715 2 2 1 26 2885 4401 3409
6716 2 2 1 26 2916 3510 3772
6717 2 2 1 26 2958 3771 4004
6718 2 2 1 26 2824 4958 4911
6719 2 2 1 26 361 362 3581
6720 2 2 1 26 3124 3599 4838
6721 2 2 1 26 3064 3916 4617
6722 2 2 1 26 3097 4089 3619
6723 2 2 1 26 3182 3298 4968
6724 2 2 1 26 2851 3765 4687
6725 2 2 1 26 2689 3433 4104
6726 2 2 1 26 2752 4288 4623
6727 2 2 1 26 252 4205 3369
6728 2 2 1 26 3260 4306 3533
6729 2 2 1 26 2974 3701 3728
6730 2 2 1 26 3175 4247 4363
6731 2 2 1 26 2937 3728 3701
6732 2 2 1 26 3957 4706 4674
6733 2 2 1 26 2661 3823 3535
6734 2 2 1 26 241 242 3764
6735 2 2 1 26 3005 4551 3604
6736 2 2 1 26 2887 4300 3487
6737 2 2 1 26 3282 4111 4406
6738 2 2 1 26 2918 3920 3415
6739 2 2 1 26 2613 3575 3825
6740 2 2 1 26 3366 4878 4059
6741 2 2 1 26 133 4498 3482
6742 2 2 1 26 3255 3584 4768
6743 2 2 1 26 3256 4769 3585
6744 2 2 1 26 3254 3393 4772
6745 2 2 1 26 3157 4667 4739
6746 2 2 1 26 3089 3620 4351
6747 2 2 1 26 2665 4140 3321
6748 2 2 1 26 3079 3430 4310
6749 2 2 1 26 3343 3645 4795
6750 2 2 1 26 280 4310 3430
6751 2 2 1 26 299 300 3886
6752 2 2 1 26 2921 3621 3745
6753 2 2 1 26 4787 2659 4067
6754 2 2 1 26 3095 3957 4204
6755 2 2 1 26 2929 4209 3397
6756 2 2 1 26 2653 4255 3641
6757 2 2 1 26 3103 3980 3506
6758 2 2 1 26 2910 4139 3446
6759 2 2 1 26 2971 3540 3932
6760 2 2 1 26 2848 3683 3684
6761 2 2 1 26 2847 3686 3685
6762 2 2 1 26 2735 3793 3995
6763 2 2 1 26 2736 3996 3794
6764 2 2 1 26 2720 4363 3677
6765 2 2 1 26 3615 4479 4967
6766 2 2 1 26 4592 4146 4863
6767 2 2 1 26 2825 3579 4053
6768 2 2 1 26 3263 4647 4071
6769 2 2 1 26 2859 3509 3590
6770 2 2 1 26 2751 4576 4289
6771 2 2 1 26 2677 3832 3416
6772 2 2 1 26 2678 3417 3831
6773 2 2 1 26 3155 3423 4766
6774 2 2 1 26 3096 3335 4483
6775 2 2 1 26 2650 4150 3961
6776 2 2 1 26 2732 3957 4674
6777 2 2 1 26 2793 4538 3587
6778 2 2 1 26 3197 4326 3634
6779 2 2 1 26 246 3386 4037
6780 2 2 1 26 2919 3770 4934
6781 2 2 1 26 2929 3397 4634
6782 2 2 1 26 2661 3875 3748
6783 2 2 1 26 2653 3640 4255
6784 2 2 1 26 355 3377 4121
6785 2 2 1 26 20 350 4185
6786 2 2 1 26 325 4265 3496
6787 2 2 1 26 2882 4258 4568
6788 2 2 1 26 3041 3993 3613
6789 2 2 1 26 60 3625 3857
6790 2 2 1 26 2994 3469 3468
6791 2 2 1 26 3046 3367 4241
6792 2 2 1 26 3284 4739 4667
6793 2 2 1 26 3436 4911 4958
6794 2 2 1 26 2854 3705 3753
6795 2 2 1 26 2793 3587 4429
6796 2 2 1 26 3254 3553 4345
6797 2 2 1 26 2993 3465 3466
6798 2 2 1 26 3007 3983 4078
6799 2 2 1 26 3008 4079 3984
6800 2 2 1 26 2910 3446 4106
6801 2 2 1 26 12 3857 4243
6802 2 2 1 26 2690 3370 4193
6803 2 2 1 26 2824 3488 4958
6804 2 2 1 26 3179 4845 3702
6805 2 2 1 26 20 4185 349
6806 2 2 1 26 3004 4145 4262
6807 2 2 1 26 2845 3484 4656
6808 2 2 1 26 2820 3806 3682
6809 2 2 1 26 2623 3137 4503
6810 2 2 1 26 2622 4502 3139
6811 2 2 1 26 2615 3847 3738
6812 2 2 1 26 270 4069 3387
6813 2 2 1 26 3171 4735 3306
6814 2 2 1 26 3172 3307 4736
6815 2 2 1 26 3865 4747 4486
6816 2 2 1 26 3103 4097 3980
6817 2 2 1 26 2623 4819 3137
6818 2 2 1 26 2622 3139 4820
6819 2 2 1 26 2888 3774 4400
6820 2 2 1 26 2990 3835 4469
6821 2 2 1 26 2991 4470 3836
6822 2 2 1 26 3303 3764 4915
6823 2 2 1 26 2994 3468 3470
6824 2 2 1 26 2993 3467 3465
6825 2 2 1 26 3126 4060 3953
6826 2 2 1 26 3257 4469 3835
6827 2 2 1 26 3258 3836 4470
6828 2 2 1 26 2790 4448 3375
6829 2 2 1 26 2971 3817 3503
6830 2 2 1 26 2868 3535 3823
6831 2 2 1 26 2832 4829 3561
6832 2 2 1 26 3340 3514 4777
6833 2 2 1 26 2804 4549 3990
6834 2 2 1 26 2889 4409 3773
6835 2 2 1 26 2781 4692 3897
6836 2 2 1 26 2862 3448 4163
6837 2 2 1 26 2665 3729 4894
6838 2 2 1 26 3253 4061 4767
6839 2 2 1 26 3037 3841 3837
6840 2 2 1 26 2920 3837 3841
6841 2 2 1 26 2982 3789 3716
6842 2 2 1 26 3158 4651 3534
6843 2 2 1 26 2616 4838 3599
6844 2 2 1 26 3262 3562 4509
6845 2 2 1 26 3323 4731 3945
6846 2 2 1 26 52 3811 3460
6847 2 2 1 26 35 3459 3812
6848 2 2 1 26 139 3747 4380
6849 2 2 1 26 2939 3647 4589
6850 2 2 1 26 2941 4590 3648
6851 2 2 1 26 3015 3387 4069
6852 2 2 1 26 2731 3976 3577
6853 2 2 1 26 2929 4634 3413
6854 2 2 1 26 3077 4357 3481
6855 2 2 1 26 2630 4058 3824
6856 2 2 1 26 2952 3435 3921
6857 2 2 1 26 3362 4400 4183
6858 2 2 1 26 2933 4783 3673
6859 2 2 1 26 2934 3674 4782
6860 2 2 1 26 2865 3750 3874
6861 2 2 1 26 2878 3480 3851
6862 2 2 1 26 2728 3948 3946
6863 2 2 1 26 3109 3946 3948
6864 2 2 1 26 3037 3837 3796
6865 2 2 1 26 2669 3796 3837
6866 2 2 1 26 3385 4942 3892
6867 2 2 1 26 2957 4022 3329
6868 2 2 1 26 3497 4011 4233
6869 2 2 1 26 3498 4234 4012
6870 2 2 1 26 3165 4023 4033
6871 2 2 1 26 3080 4033 4023
6872 2 2 1 26 2877 3577 3976
6873 2 2 1 26 2909 4485 3935
6874 2 2 1 26 2709 4018 3911
6875 2 2 1 26 2930 3447 3899
6876 2 2 1 26 3359 4350 4463
6877 2 2 1 26 64 65 3665
6878 2 2 1 26 2971 3388 4714
6879 2 2 1 26 2635 3793 3287
6880 2 2 1 26 2636 3288 3794
6881 2 2 1 26 2807 3973 3428
6882 2 2 1 26 3444 4930 4688
6883 2 2 1 26 3015 3803 4193
6884 2 2 1 26 3042 3631 3992
6885 2 2 1 26 2804 3990 4555
6886 2 2 1 26 2803 3490 3852
6887 2 2 1 26 235 3337 4338
6888 2 2 1 26 338 4337 3338
6889 2 2 1 26 2904 3454 3877
6890 2 2 1 26 2650 3428 4653
6891 2 2 1 26 2834 3182 4421
6892 2 2 1 26 2864 4662 3478
6893 2 2 1 26 2863 3476 4661
6894 2 2 1 26 2740 3413 4634
6895 2 2 1 26 2645 3524 4455
6896 2 2 1 26 2646 4456 3525
6897 2 2 1 26 2604 3745 3621
6898 2 2 1 26 2620 4848 3392
6899 2 2 1 26 3078 4311 3441
6900 2 2 1 26 3451 3902 4839
6901 2 2 1 26 3154 3421 4431
6902 2 2 1 26 293 3441 4311
6903 2 2 1 26 2904 4497 3454
6904 2 2 1 26 3227 4245 3800
6905 2 2 1 26 3228 3799 4246
6906 2 2 1 26 2642 3471 3801
6907 2 2 1 26 3371 4189 4409
6908 2 2 1 26 3014 3711 3770
6909 2 2 1 26 2670 3770 3711
6910 2 2 1 26 2750 4767 4061
6911 2 2 1 26 3017 4463 4350
6912 2 2 1 26 2838 4540 3730
6913 2 2 1 26 3050 3496 4265
6914 2 2 1 26 2595 4074 3488
6915 2 2 1 26 3490 4595 4575
6916 2 2 1 26 3028 3363 4883
6917 2 2 1 26 2628 4123 3835
6918 2 2 1 26 2729 3534 4651
6919 2 2 1 26 2912 3464 4565
6920 2 2 1 26 3043 4489 3578
6921 2 2 1 26 3057 3866 3284
6922 2 2 1 26 2690 3803 3555
6923 2 2 1 26 2663 3705 3918
6924 2 2 1 26 2762 3521 4011
6925 2 2 1 26 2763 4012 3522
6926 2 2 1 26 3370 4448 4275
6927 2 2 1 26 3039 3420 4815
6928 2 2 1 26 2947 3610 4451
6929 2 2 1 26 2915 4267 4229
6930 2 2 1 26 2872 3829 3267
6931 2 2 1 26 2771 3650 4349
6932 2 2 1 26 2811 3536 3918
6933 2 2 1 26 3132 3805 4762
6934 2 2 1 26 2860 4524 3751
6935 2 2 1 26 2861 3752 4523
6936 2 2 1 26 3051 3439 3961
6937 2 2 1 26 2969 3632 3881
6938 2 2 1 26 2881 3589 3997
6939 2 2 1 26 3102 3443 4620
6940 2 2 1 26 3036 3967 3549
6941 2 2 1 26 3058 3764 4648
6942 2 2 1 26 2933 4084 4332
6943 2 2 1 26 2810 3875 3535
6944 2 2 1 26 3257 4161 3616
6945 2 2 1 26 3258 3617 4162
6946 2 2 1 26 44 4119 3330
6947 2 2 1 26 2783 3431 4430
6948 2 2 1 26 2998 3979 3437
6949 2 2 1 26 3265 3472 4036
6950 2 2 1 26 41 42 4758
6951 2 2 1 26 267 3997 3589
6952 2 2 1 26 2620 3392 4362
6953 2 2 1 26 2818 3616 4161
6954 2 2 1 26 2819 4162 3617
6955 2 2 1 26 2808 3965 3443
6956 2 2 1 26 3428 4792 4653
6957 2 2 1 26 2707 3755 3690
6958 2 2 1 26 2975 4638 3397
6959 2 2 1 26 2585 3335 4909
6960 2 2 1 26 3081 3755 4068
6961 2 2 1 26 2625 3429 4355
6962 2 2 1 26 2821 4688 4930
6963 2 2 1 26 3962 4957 4721
6964 2 2 1 26 3095 3813 3957
6965 2 2 1 26 2790 4275 4448
6966 2 2 1 26 2684 3738 3737
6967 2 2 1 26 3213 4869 4028
6968 2 2 1 26 3066 4305 3409
6969 2 2 1 26 3229 3601 4894
6970 2 2 1 26 3230 4895 3602
6971 2 2 1 26 3206 4584 4478
6972 2 2 1 26 2643 3490 4575
6973 2 2 1 26 2976 3551 3963
6974 2 2 1 26 2716 3963 3551
6975 2 2 1 26 8 3889 3492
6976 2 2 1 26 6 3493 3888
6977 2 2 1 26 2917 3723 3440
6978 2 2 1 26 3113 4425 4943
6979 2 2 1 26 2683 3739 3740
6980 2 2 1 26 2938 3697 3696
6981 2 2 1 26 2799 3574 3839
6982 2 2 1 26 2964 3721 3741
6983 2 2 1 26 2970 3741 3721
6984 2 2 1 26 2878 3851 4520
6985 2 2 1 26 2989 3697 3775
6986 2 2 1 26 3529 4270 4420
6987 2 2 1 26 3187 4590 4456
6988 2 2 1 26 3186 4455 4589
6989 2 2 1 26 3003 4155 4268
6990 2 2 1 26 3604 4551 3867
6991 2 2 1 26 3336 4268 4155
6992 2 2 1 26 3219 4791 3985
6993 2 2 1 26 2838 3950 4540
6994 2 2 1 26 2738 4208 3530
6995 2 2 1 26 3365 4466 3906
6996 2 2 1 26 2665 4894 3601
6997 2 2 1 26 2666 3602 4895
6998 2 2 1 26 2788 3264 3945
6999 2 2 1 26 3024 4343 4249
7000 2 2 1 26 2820 3434 4324
7001 2 2 1 26 3058 4648 4219
7002 2 2 1 26 2967 4684 3516
7003 2 2 1 26 2841 3413 4530
7004 2 2 1 26 3260 4964 3395
7005 2 2 1 26 2888 4400 4923
7006 2 2 1 26 2928 3870 3619
7007 2 2 1 26 3294 4146 4540
7008 2 2 1 26 2695 4314 3634
7009 2 2 1 26 3115 4653 4792
7010 2 2 1 26 2737 4379 4028
7011 2 2 1 26 2 4050 2984
7012 2 2 1 26 291 292 3786
7013 2 2 1 26 281 282 3785
7014 2 2 1 26 2787 4034 4907
7015 2 2 1 26 3266 4025 4237
7016 2 2 1 26 2932 3884 3677
7017 2 2 1 26 12 2983 4051
7018 2 2 1 26 3057 3868 4036
7019 2 2 1 26 2802 3389 4149
7020 2 2 1 26 2651 3339 3856
7021 2 2 1 26 2945 3810 4080
7022 2 2 1 26 2949 4420 4270
7023 2 2 1 26 3137 3732 4503
7024 2 2 1 26 3139 4502 3731
7025 2 2 1 26 2893 3865 4486
7026 2 2 1 26 2984 4050 3469
7027 2 2 1 26 2672 4613 3547
7028 2 2 1 26 2673 3548 4614
7029 2 2 1 26 2676 4168 3568
7030 2 2 1 26 3143 4255 4228
7031 2 2 1 26 269 270 4753
7032 2 2 1 26 2983 3466 4051
7033 2 2 1 26 2992 3881 3632
7034 2 2 1 26 2613 4066 4588
7035 2 2 1 26 2626 4583 4258
7036 2 2 1 26 3444 4688 3573
7037 2 2 1 26 2793 4429 3458
7038 2 2 1 26 2598 4052 3639
7039 2 2 1 26 2644 3898 4175
7040 2 2 1 26 2889 4939 4409
7041 2 2 1 26 2982 4649 3435
7042 2 2 1 26 3170 4175 3898
7043 2 2 1 26 3111 3746 4299
7044 2 2 1 26 3185 4693 4064
7045 2 2 1 26 2980 4081 3482
7046 2 2 1 26 2591 3395 4612
7047 2 2 1 26 2849 3482 4081
7048 2 2 1 26 251 252 4412
7049 2 2 1 26 3266 3603 4692
7050 2 2 1 26 2712 3873 3540
7051 2 2 1 26 2825 4053 3588
7052 2 2 1 26 3005 3588 4053
7053 2 2 1 26 2810 3926 3875
7054 2 2 1 26 3348 4435 2619
7055 2 2 1 26 2915 3623 4267
7056 2 2 1 26 2603 3409 4401
7057 2 2 1 26 2938 3775 3697
7058 2 2 1 26 3078 3840 4571
7059 2 2 1 26 2787 3433 4268
7060 2 2 1 26 2592 4597 3393
7061 2 2 1 26 128 129 3695
7062 2 2 1 26 3709 3974 4914
7063 2 2 1 26 3677 4363 4833
7064 2 2 1 26 134 135 3855
7065 2 2 1 26 3121 3484 3861
7066 2 2 1 26 2701 4633 3860
7067 2 2 1 26 2811 3975 3317
7068 2 2 1 26 2618 3521 4544
7069 2 2 1 26 2614 4545 3522
7070 2 2 1 26 10 11 3762
7071 2 2 1 26 3 4 3763
7072 2 2 1 26 3072 4113 3462
7073 2 2 1 26 2789 4406 4111
7074 2 2 1 26 2742 3734 4346
7075 2 2 1 26 2676 3447 4450
7076 2 2 1 26 3229 4894 3350
7077 2 2 1 26 3230 3351 4895
7078 2 2 1 26 2832 4158 3289
7079 2 2 1 26 2719 3815 3869
7080 2 2 1 26 2703 4248 3440
7081 2 2 1 26 2869 4626 4473
7082 2 2 1 26 3135 4586 4740
7083 2 2 1 26 2587 3405 4496
7084 2 2 1 26 3135 4740 4016
7085 2 2 1 26 2897 3995 3776
7086 2 2 1 26 2896 3777 3996
7087 2 2 1 26 2907 3814 3604
7088 2 2 1 26 3127 3624 4208
7089 2 2 1 26 2679 3964 4890
7090 2 2 1 26 2850 4420 3450
7091 2 2 1 26 2810 3316 3926
7092 2 2 1 26 2690 3555 3942
7093 2 2 1 26 2788 4065 3264
7094 2 2 1 26 3682 3806 4838
7095 2 2 1 26 3087 3406 4177
7096 2 2 1 26 3086 4176 3407
7097 2 2 1 26 2596 3446 4139
7098 2 2 1 26 2945 3622 3810
7099 2 2 1 26 2756 3567 4407
7100 2 2 1 26 3297 4407 3567
7101 2 2 1 26 2702 3612 3981
7102 2 2 1 26 352 353 3765
7103 2 2 1 26 2934 3418 4507
7104 2 2 1 26 3070 3514 4356
7105 2 2 1 26 2807 4356 3514
7106 2 2 1 26 3295 4348 4064
7107 2 2 1 26 2930 3892 4942
7108 2 2 1 26 3143 3641 4255
7109 2 2 1 26 2718 4064 4348
7110 2 2 1 26 2620 3608 4096
7111 2 2 1 26 3013 3752 3703
7112 2 2 1 26 324 3496 3959
7113 2 2 1 26 2829 3286 4949
7114 2 2 1 26 2869 4473 3536
7115 2 2 1 26 3216 4587 3990
7116 2 2 1 26 2976 4513 4611
7117 2 2 1 26 2905 3826 3319
7118 2 2 1 26 2906 3320 3827
7119 2 2 1 26 2782 4642 3424
7120 2 2 1 26 3223 4153 4471
7121 2 2 1 26 3224 4472 4154
7122 2 2 1 26 2859 4230 3509
7123 2 2 1 26 2865 4118 3353
7124 2 2 1 26 2788 3945 4731
7125 2 2 1 26 2959 3807 3754
7126 2 2 1 26 346 4217 3322
7127 2 2 1 26 2719 4671 3484
7128 2 2 1 26 2745 4106 3446
7129 2 2 1 26 2915 3819 3623
7130 2 2 1 26 3072 4151 4668
7131 2 2 1 26 3547 4613 3735
7132 2 2 1 26 3548 3736 4614
7133 2 2 1 26 364 365 3914
7134 2 2 1 26 2675 3864 4001
7135 2 2 1 26 2 3872 4897
7136 2 2 1 26 2634 3344 4491
7137 2 2 1 26 2584 4898 3537
7138 2 2 1 26 2947 4720 3960
7139 2 2 1 26 249 250 3818
7140 2 2 1 26 2962 4307 4187
7141 2 2 1 26 2939 4455 3524
7142 2 2 1 26 2941 3525 4456
7143 2 2 1 26 3082 3358 4206
7144 2 2 1 26 2629 3766 4266
7145 2 2 1 26 2796 3729 4424
7146 2 2 1 26 2837 3629 3398
7147 2 2 1 26 2838 3399 3630
7148 2 2 1 26 2703 3781 3450
7149 2 2 1 26 2794 3376 4454
7150 2 2 1 26 2936 4886 4839
7151 2 2 1 26 2868 3760 3535
7152 2 2 1 26 2869 3536 3761
7153 2 2 1 26 2988 3824 3636
7154 2 2 1 26 2586 4578 3425
7155 2 2 1 26 2585 3529 4483
7156 2 2 1 26 3521 4912 3663
7157 2 2 1 26 3522 3664 4913
7158 2 2 1 26 2744 3436 4650
7159 2 2 1 26 3021 4373 4233
7160 2 2 1 26 3022 4234 4374
7161 2 2 1 26 259 3541 4375
7162 2 2 1 26 2630 3821 3606
7163 2 2 1 26 2631 3607 3822
7164 2 2 1 26 2957 4202 4705
7165 2 2 1 26 3165 3528 4615
7166 2 2 1 26 3167 3502 3976
7167 2 2 1 26 3486 3610 4903
7168 2 2 1 26 3310 3571 3999
7169 2 2 1 26 2854 4073 3329
7170 2 2 1 26 2902 3642 4871
7171 2 2 1 26 2686 4489 3432
7172 2 2 1 26 2950 4180 3808
7173 2 2 1 26 2951 3809 4181
7174 2 2 1 26 2714 4637 3899
7175 2 2 1 26 308 3554 4126
7176 2 2 1 26 256 4615 3528
7177 2 2 1 26 2960 3533 4306
7178 2 2 1 26 2913 4471 4153
7179 2 2 1 26 2914 4154 4472
7180 2 2 1 26 3116 4378 4935
7181 2 2 1 26 2953 4345 3553
7182 2 2 1 26 133 3482 4852
7183 2 2 1 26 3259 3451 4839
7184 2 2 1 26 2687 3696 3697
7185 2 2 1 26 2761 3990 4587
7186 2 2 1 26 2916 3772 4931
7187 2 2 1 26 3352 3916 4359
7188 2 2 1 26 2613 3517 4506
7189 2 2 1 26 2740 3506 3980
7190 2 2 1 26 3232 4761 4148
7191 2 2 1 26 2858 3738 3847
7192 2 2 1 26 2795 4317 3423
7193 2 2 1 26 2584 3373 4329
7194 2 2 1 26 3153 4518 4143
7195 2 2 1 26 2667 3599 4114
7196 2 2 1 26 2641 3651 4451
7197 2 2 1 26 2936 3789 4886
7198 2 2 1 26 2637 4071 4647
7199 2 2 1 26 29 3476 3880
7200 2 2 1 26 58 3879 3478
7201 2 2 1 26 3268 4173 4778
7202 2 2 1 26 3239 3897 4692
7203 2 2 1 26 229 4148 4761
7204 2 2 1 26 54 3456 3889
7205 2 2 1 26 33 3888 3457
7206 2 2 1 26 2925 3640 4387
7207 2 2 1 26 3190 4110 3679
7208 2 2 1 26 3343 4795 4826
7209 2 2 1 26 3621 3982 4287
7210 2 2 1 26 2826 3486 4903
7211 2 2 1 26 3204 3579 4793
7212 2 2 1 26 2825 4793 3579
7213 2 2 1 26 3228 3497 4524
7214 2 2 1 26 3227 4523 3498
7215 2 2 1 26 2926 3942 3555
7216 2 2 1 26 3899 4637 4541
7217 2 2 1 26 3024 3980 4097
7218 2 2 1 26 2685 3907 3622
7219 2 2 1 26 2926 3550 4694
7220 2 2 1 26 2875 3788 3715
7221 2 2 1 26 2762 4011 3497
7222 2 2 1 26 2763 3498 4012
7223 2 2 1 26 2739 3495 4920
7224 2 2 1 26 3772 4203 4931
7225 2 2 1 26 32 3457 3895
7226 2 2 1 26 55 3893 3456
7227 2 2 1 26 25 26 3759
7228 2 2 1 26 3102 4645 3443
7229 2 2 1 26 3269 3717 4081
7230 2 2 1 26 2781 3897 4675
7231 2 2 1 26 49 3406 3773
7232 2 2 1 26 38 3774 3407
7233 2 2 1 26 2838 4896 3276
7234 2 2 1 26 3136 3473 4140
7235 2 2 1 26 2936 3716 3789
7236 2 2 1 26 2882 4487 3711
7237 2 2 1 26 2598 3639 4040
7238 2 2 1 26 3000 4040 3639
7239 2 2 1 26 3367 4907 4034
7240 2 2 1 26 3656 4128 4862
7241 2 2 1 26 2862 4030 3418
7242 2 2 1 26 3355 4611 4513
7243 2 2 1 26 3332 4434 3644
7244 2 2 1 26 3308 4606 3798
7245 2 2 1 26 3039 3226 4254
7246 2 2 1 26 2858 3872 2984
7247 2 2 1 26 2907 3604 3867
7248 2 2 1 26 3771 4600 4004
7249 2 2 1 26 2946 3635 3953
7250 2 2 1 26 2901 3725 4120
7251 2 2 1 26 2834 4421 3733
7252 2 2 1 26 2741 4057 3609
7253 2 2 1 26 2973 3681 4127
7254 2 2 1 26 3002 3609 4057
7255 2 2 1 26 3085 4482 4823
7256 2 2 1 26 2909 3935 3933
7257 2 2 1 26 2716 3680 4752
7258 2 2 1 26 2626 3882 4583
7259 2 2 1 26 3094 4837 3438
7260 2 2 1 26 3198 3933 3935
7261 2 2 1 26 2801 3999 3571
7262 2 2 1 26 3237 3620 4760
7263 2 2 1 26 2690 3942 3989
7264 2 2 1 26 2721 4342 3619
7265 2 2 1 26 2868 3504 4932
7266 2 2 1 26 2869 4933 3505
7267 2 2 1 26 3040 4562 3458
7268 2 2 1 26 2696 3707 3817
7269 2 2 1 26 3097 3619 4342
7270 2 2 1 26 3006 3655 4415
7271 2 2 1 26 3382 3673 4783
7272 2 2 1 26 3383 4782 3674
7273 2 2 1 26 3085 4823 3854
7274 2 2 1 26 3544 4622 4080
7275 2 2 1 26 31 3895 3477
7276 2 2 1 26 56 3479 3893
7277 2 2 1 26 3144 3733 4421
7278 2 2 1 26 3117 4142 3866
7279 2 2 1 26 3034 3596 4161
7280 2 2 1 26 3035 4162 3597
7281 2 2 1 26 2818 4161 3596
7282 2 2 1 26 2819 3597 4162
7283 2 2 1 26 2695 3802 4314
7284 2 2 1 26 2820 3787 3420
7285 2 2 1 26 3168 4889 4485
7286 2 2 1 26 3191 3451 4695
7287 2 2 1 26 2701 3550 3951
7288 2 2 1 26 3650 4670 4349
7289 2 2 1 26 5 3477 3894
7290 2 2 1 26 9 3896 3479
7291 2 2 1 26 30 3894 3476
7292 2 2 1 26 57 3478 3896
7293 2 2 1 26 2625 4355 3463
7294 2 2 1 26 3097 4906 3852
7295 2 2 1 26 3619 4089 4754
7296 2 2 1 26 3249 4865 4231
7297 2 2 1 26 2721 3619 3870
7298 2 2 1 26 2938 3724 3775
7299 2 2 1 26 3270 4928 4807
7300 2 2 1 26 3272 4808 4929
7301 2 2 1 26 3099 4544 4775
7302 2 2 1 26 3100 4776 4545
7303 2 2 1 26 2793 3438 4538
7304 2 2 1 26 2974 4676 3447
7305 2 2 1 26 2826 4170 3565
7306 2 2 1 26 3332 4890 3964
7307 2 2 1 26 3345 4536 3923
7308 2 2 1 26 2589 4233 4238
7309 2 2 1 26 2590 4239 4234
7310 2 2 1 26 2953 3613 4345
7311 2 2 1 26 3110 3605 4085
7312 2 2 1 26 2892 4085 3605
7313 2 2 1 26 2879 4431 3421
7314 2 2 1 26 2612 3659 3842
7315 2 2 1 26 2928 3766 3870
7316 2 2 1 26 2954 4540 4146
7317 2 2 1 26 2980 3482 4498
7318 2 2 1 26 2870 3333 3843
7319 2 2 1 26 2871 3844 3334
7320 2 2 1 26 2769 3508 4432
7321 2 2 1 26 287 4461 3670
7322 2 2 1 26 286 3671 4462
7323 2 2 1 26 2770 4433 3507
7324 2 2 1 26 3135 3788 4585
7325 2 2 1 26 2971 3932 3817
7326 2 2 1 26 3038 3869 3815
7327 2 2 1 26 3731 2681 4319
7328 2 2 1 26 3732 4318 2680
7329 2 2 1 26 2642 4398 3950
7330 2 2 1 26 2702 4564 3439
7331 2 2 1 26 2661 4853 3823
7332 2 2 1 26 2979 3977 3815
7333 2 2 1 26 3067 3926 3405
7334 2 2 1 26 3005 3713 4551
7335 2 2 1 26 2951 4788 3670
7336 2 2 1 26 2950 3671 4789
7337 2 2 1 26 2724 3437 4325
7338 2 2 1 26 2908 4158 3523
7339 2 2 1 26 2808 3443 4527
7340 2 2 1 26 2929 3552 4209
7341 2 2 1 26 3089 4760 3620
7342 2 2 1 26 2823 4698 3590
7343 2 2 1 26 2615 4002 3847
7344 2 2 1 26 267 268 3997
7345 2 2 1 26 312 3514 4253
7346 2 2 1 26 3093 3381 4329
7347 2 2 1 26 2727 3845 3947
7348 2 2 1 26 133 134 4498
7349 2 2 1 26 3358 4392 3856
7350 2 2 1 26 2777 3910 4372
7351 2 2 1 26 2616 3682 4838
7352 2 2 1 26 2674 4209 3552
7353 2 2 1 26 2902 4733 3642
7354 2 2 1 26 2897 3460 3811
7355 2 2 1 26 2896 3812 3459
7356 2 2 1 26 2716 3726 3963
7357 2 2 1 26 2894 4581 4773
7358 2 2 1 26 2715 3716 4315
7359 2 2 1 26 2627 3545 4707
7360 2 2 1 26 3373 4307 4424
7361 2 2 1 26 2825 4521 3481
7362 2 2 1 26 3077 3481 4521
7363 2 2 1 26 3016 4927 3515
7364 2 2 1 26 2882 3797 4487
7365 2 2 1 26 257 258 4023
7366 2 2 1 26 3009 3839 3574
7367 2 2 1 26 344 345 3828
7368 2 2 1 26 2674 4090 4209
7369 2 2 1 26 354 3372 4687
7370 2 2 1 26 3340 4940 3920
7371 2 2 1 26 3357 4024 4870
7372 2 2 1 26 3035 3870 3766
7373 2 2 1 26 3126 4120 4531
7374 2 2 1 26 3380 4531 4120
7375 2 2 1 26 2715 4271 3445
7376 2 2 1 26 3057 4036 4844
7377 2 2 1 26 224 3455 4840
7378 2 2 1 26 2668 3539 4312
7379 2 2 1 26 2807 3439 4356
7380 2 2 1 26 2661 3949 4853
7381 2 2 1 26 46 4189 3565
7382 2 2 1 26 3614 4317 4717
7383 2 2 1 26 2920 4785 4537
7384 2 2 1 26 1 3820 66
7385 2 2 1 26 3660 4787 4067
7386 2 2 1 26 3030 3949 4372
7387 2 2 1 26 2661 3748 4543
7388 2 2 1 26 3214 4716 3494
7389 2 2 1 26 2960 4306 3631
7390 2 2 1 26 2874 4066 3503
7391 2 2 1 26 2923 3595 4284
7392 2 2 1 26 2922 4283 3594
7393 2 2 1 26 306 4658 3510
7394 2 2 1 26 3246 3662 4336
7395 2 2 1 26 3074 3918 3705
7396 2 2 1 26 357 358 4539
7397 2 2 1 26 3047 4601 3452
7398 2 2 1 26 3048 3453 4602
7399 2 2 1 26 2920 4052 4785
7400 2 2 1 26 3112 4380 3747
7401 2 2 1 26 2601 3799 4618
7402 2 2 1 26 303 3458 4562
7403 2 2 1 26 2647 4654 3591
7404 2 2 1 26 2648 3592 4655
7405 2 2 1 26 2613 4506 3575
7406 2 2 1 26 2632 4943 3424
7407 2 2 1 26 4922 2681 3731
7408 2 2 1 26 4921 3732 2680
7409 2 2 1 26 2946 3622 3907
7410 2 2 1 26 2978 4643 3582
7411 2 2 1 26 2859 4698 3546
7412 2 2 1 26 2962 3636 3824
7413 2 2 1 26 2966 3832 3683
7414 2 2 1 26 2965 3685 3831
7415 2 2 1 26 2837 3275 4765
7416 2 2 1 26 2999 4865 4032
7417 2 2 1 26 3075 4399 4501
7418 2 2 1 26 2585 4270 3529
7419 2 2 1 26 3223 4749 4153
7420 2 2 1 26 3224 4154 4751
7421 2 2 1 26 312 4777 3514
7422 2 2 1 26 3703 4024 4627
7423 2 2 1 26 2930 4450 3447
7424 2 2 1 26 3109 4354 3946
7425 2 2 1 26 3361 3541 4664
7426 2 2 1 26 2755 3246 4336
7427 2 2 1 26 2711 4313 3526
7428 2 2 1 26 3027 3539 3937
7429 2 2 1 26 2820 3420 3806
7430 2 2 1 26 2675 4001 3560
7431 2 2 1 26 3062 3449 4452
7432 2 2 1 26 2588 4861 3637
7433 2 2 1 26 2950 4789 3746
7434 2 2 1 26 2951 3747 4788
7435 2 2 1 26 2668 4786 3364
7436 2 2 1 26 2729 4184 3534
7437 2 2 1 26 2619 3740 4803
7438 2 2 1 26 3038 4128 4174
7439 2 2 1 26 3333 4233 4373
7440 2 2 1 26 3334 4374 4234
7441 2 2 1 26 3098 4575 4595
7442 2 2 1 26 3161 4413 4005
7443 2 2 1 26 3071 4710 3449
7444 2 2 1 26 3276 4635 3984
7445 2 2 1 26 3275 3983 4636
7446 2 2 1 26 2970 3721 4836
7447 2 2 1 26 2872 3267 3857
7448 2 2 1 26 3531 3629 4781
7449 2 2 1 26 3045 4242 4171
7450 2 2 1 26 4410 2872 3857
7451 2 2 1 26 318 4164 3481
7452 2 2 1 26 3065 3989 3942
7453 2 2 1 26 3176 4390 4135
7454 2 2 1 26 3023 4130 3511
7455 2 2 1 26 3063 4044 3544
7456 2 2 1 26 3098 4048 3930
7457 2 2 1 26 3324 3458 4566
7458 2 2 1 26 2935 3911 4732
7459 2 2 1 26 314 315 3920
7460 2 2 1 26 2957 3329 4202
7461 2 2 1 26 2733 3940 4343
7462 2 2 1 26 3116 4935 4041
7463 2 2 1 26 2862 3626 4030
7464 2 2 1 26 3030 3910 4032
7465 2 2 1 26 288 3564 4461
7466 2 2 1 26 285 4462 3563
7467 2 2 1 26 2975 4099 3506
7468 2 2 1 26 3100 4284 3595
7469 2 2 1 26 3099 3594 4283
7470 2 2 1 26 2585 4483 3335
7471 2 2 1 26 2609 3389 4327
7472 2 2 1 26 2989 4390 3697
7473 2 2 1 26 59 3390 3879
7474 2 2 1 26 28 3880 3391
7475 2 2 1 26 2818 3452 4601
7476 2 2 1 26 2819 4602 3453
7477 2 2 1 26 3017 3567 4569
7478 2 2 1 26 3008 3984 4635
7479 2 2 1 26 3007 4636 3983
7480 2 2 1 26 303 4566 3458
7481 2 2 1 26 2979 3913 3977
7482 2 2 1 26 2720 3677 3884
7483 2 2 1 26 2608 4865 3598
7484 2 2 1 26 44 3330 4858
7485 2 2 1 26 2976 3963 4848
7486 2 2 1 26 3392 4848 3963
7487 2 2 1 26 2975 3506 4638
7488 2 2 1 26 2830 4124 3547
7489 2 2 1 26 2831 3548 4125
7490 2 2 1 26 3142 4325 4302
7491 2 2 1 26 2604 4632 3570
7492 2 2 1 26 2751 4227 3885
7493 2 2 1 26 3183 4386 4187
7494 2 2 1 26 2717 3618 3974
7495 2 2 1 26 2973 3974 3618
7496 2 2 1 26 3183 4557 4248
7497 2 2 1 26 2760 3655 4212
7498 2 2 1 26 2685 3622 4631
7499 2 2 1 26 2712 4714 4048
7500 2 2 1 26 3388 4048 4714
7501 2 2 1 26 3034 4123 4046
7502 2 2 1 26 2672 3426 4796
7503 2 2 1 26 2673 4797 3427
7504 2 2 1 26 3175 4046 4123
7505 2 2 1 26 48 49 3773
7506 2 2 1 26 38 39 3774
7507 2 2 1 26 2695 3634 4326
7508 2 2 1 26 2833 3517 4887
7509 2 2 1 26 2686 3578 4489
7510 2 2 1 26 2688 3775 3724
7511 2 2 1 26 3211 4249 4343
7512 2 2 1 26 2619 4435 3485
7513 2 2 1 26 253 254 3924
7514 2 2 1 26 3074 3425 3975
7515 2 2 1 26 3047 4257 3563
7516 2 2 1 26 3048 3564 4256
7517 2 2 1 26 2602 4646 3800
7518 2 2 1 26 3052 3543 4220
7519 2 2 1 26 3136 4332 4084
7520 2 2 1 26 297 4220 3543
7521 2 2 1 26 2955 4787 3660
7522 2 2 1 26 2960 3549 4092
7523 2 2 1 26 2692 4200 4553
7524 2 2 1 26 2693 4552 4201
7525 2 2 1 26 3040 3458 4429
7526 2 2 1 26 284 3563 4257
7527 2 2 1 26 289 4256 3564
7528 2 2 1 26 3049 4179 3519
7529 2 2 1 26 276 3519 4179
7530 2 2 1 26 2728 3946 3816
7531 2 2 1 26 3014 3816 3946
7532 2 2 1 26 2858 4100 3872
7533 2 2 1 26 2689 4104 3741
7534 2 2 1 26 3038 4174 3869
7535 2 2 1 26 322 323 4610
7536 2 2 1 26 3387 4275 4908
7537 2 2 1 26 3217 3911 4018
7538 2 2 1 26 2750 3649 4767
7539 2 2 1 26 3185 4178 4071
7540 2 2 1 26 327 328 3905
7541 2 2 1 26 2969 3964 3516
7542 2 2 1 26 2952 4609 3593
7543 2 2 1 26 3596 4572 4532
7544 2 2 1 26 3597 4533 4571
7545 2 2 1 26 2856 4122 3515
7546 2 2 1 26 2971 4714 3540
7547 2 2 1 26 2706 4384 3544
7548 2 2 1 26 3063 3544 4384
7549 2 2 1 26 2977 3985 4708
7550 2 2 1 26 2647 4701 4654
7551 2 2 1 26 2648 4655 4702
7552 2 2 1 26 3038 3527 4128
7553 2 2 1 26 2956 3661 4743
7554 2 2 1 26 2667 4114 3212
7555 2 2 1 26 2950 3563 4462
7556 2 2 1 26 2951 4461 3564
7557 2 2 1 26 2626 4354 3862
7558 2 2 1 26 24 4103 3538
7559 2 2 1 26 2794 4454 3694
7560 2 2 1 26 2775 4290 3426
7561 2 2 1 26 2776 3427 4291
7562 2 2 1 26 287 288 4461
7563 2 2 1 26 285 286 4462
7564 2 2 1 26 2858 3737 3738
7565 2 2 1 26 2620 3953 3635
7566 2 2 1 26 2595 4948 4074
7567 2 2 1 26 2712 3586 4468
7568 2 2 1 26 2677 3683 3832
7569 2 2 1 26 2678 3831 3685
7570 2 2 1 26 2715 4315 4391
7571 2 2 1 26 2656 4804 4108
7572 2 2 1 26 2714 3728 4292
7573 2 2 1 26 3082 4904 4392
7574 2 2 1 26 2693 3827 4365
7575 2 2 1 26 2692 4364 3826
7576 2 2 1 26 233 234 3912
7577 2 2 1 26 3000 3639 3987
7578 2 2 1 26 3179 3643 4845
7579 2 2 1 26 2703 3450 4211
7580 2 2 1 26 2732 4204 3957
7581 2 2 1 26 3086 3407 3970
7582 2 2 1 26 3087 3971 3406
7583 2 2 1 26 2713 3487 4300
7584 2 2 1 26 2809 3567 4350
7585 2 2 1 26 2857 3740 3739
7586 2 2 1 26 2654 3509 4230
7587 2 2 1 26 2901 4096 3608
7588 2 2 1 26 2709 4264 3474
7589 2 2 1 26 3373 4187 4307
7590 2 2 1 26 2842 4806 3860
7591 2 2 1 26 3192 4477 4236
7592 2 2 1 26 3311 3860 4806
7593 2 2 1 26 2869 3505 4149
7594 2 2 1 26 2700 4381 3629
7595 2 2 1 26 2699 3630 4382
7596 2 2 1 26 3083 4724 3591
7597 2 2 1 26 3084 3592 4725
7598 2 2 1 26 3240 4908 3830
7599 2 2 1 26 3194 4124 4928
7600 2 2 1 26 3195 4929 4125
7601 2 2 1 26 2898 4322 3429
7602 2 2 1 26 2901 4120 4096
7603 2 2 1 26 2933 3673 4084
7604 2 2 1 26 2761 3581 4719
7605 2 2 1 26 23 3538 4194
7606 2 2 1 26 2964 4071 4178
7607 2 2 1 26 2825 3481 4793
7608 2 2 1 26 3210 3967 4488
7609 2 2 1 26 2958 4004 4003
7610 2 2 1 26 3128 4003 4004
7611 2 2 1 26 2718 4348 3600
7612 2 2 1 26 339 340 3915
7613 2 2 1 26 2803 4595 3490
7614 2 2 1 26 2718 3721 4178
7615 2 2 1 26 2639 4236 4477
7616 2 2 1 26 334 335 4006
7617 2 2 1 26 3067 3748 3875
7618 2 2 1 26 2970 4072 3713
7619 2 2 1 26 3306 4735 3591
7620 2 2 1 26 3307 3592 4736
7621 2 2 1 26 2935 4732 4222
7622 2 2 1 26 3191 4695 4482
7623 2 2 1 26 3006 3690 3755
7624 2 2 1 26 2610 3645 3998
7625 2 2 1 26 2858 3847 4100
7626 2 2 1 26 238 239 4013
7627 2 2 1 26 2688 4092 3549
7628 2 2 1 26 2936 4839 3902
7629 2 2 1 26 4424 4307 2796
7630 2 2 1 26 2629 4266 4766
7631 2 2 1 26 3106 3594 4503
7632 2 2 1 26 3105 4502 3595
7633 2 2 1 26 3068 4363 4247
7634 2 2 1 26 3246 4729 4897
7635 2 2 1 26 3274 4828 4232
7636 2 2 1 26 2703 4211 3636
7637 2 2 1 26 3033 4317 3614
7638 2 2 1 26 2981 3966 4326
7639 2 2 1 26 2940 4137 3584
7640 2 2 1 26 2942 3585 4136
7641 2 2 1 26 2735 4062 4191
7642 2 2 1 26 2736 4192 4063
7643 2 2 1 26 272 4606 4339
7644 2 2 1 26 2795 4717 4317
7645 2 2 1 26 2668 3364 4859
7646 2 2 1 26 3181 4451 3651
7647 2 2 1 26 2837 4765 3642
7648 2 2 1 26 2755 4082 3246
7649 2 2 1 26 2961 3568 4168
7650 2 2 1 26 2752 3909 4223
7651 2 2 1 26 2822 4843 3528
7652 2 2 1 26 320 321 4155
7653 2 2 1 26 3375 4464 3830
7654 2 2 1 26 36 4176 3459
7655 2 2 1 26 51 3460 4177
7656 2 2 1 26 3125 4621 3396
7657 2 2 1 26 3246 4897 3662
7658 2 2 1 26 2843 4415 3655
7659 2 2 1 26 2890 3676 4491
7660 2 2 1 26 229 230 4148
7661 2 2 1 26 2956 4005 4413
7662 2 2 1 26 2741 3609 4095
7663 2 2 1 26 2976 4611 3551
7664 2 2 1 26 2687 4554 3696
7665 2 2 1 26 2892 4874 3681
7666 2 2 1 26 3069 4280 3908
7667 2 2 1 26 2801 3571 4474
7668 2 2 1 26 2904 3877 3742
7669 2 2 1 26 2913 4153 3462
7670 2 2 1 26 2914 3463 4154
7671 2 2 1 26 2985 3768 4038
7672 2 2 1 26 2986 4039 3767
7673 2 2 1 26 3125 3396 4893
7674 2 2 1 26 2615 3738 3500
7675 2 2 1 26 3395 4668 4151
7676 2 2 1 26 2836 4107 3556
7677 2 2 1 26 3119 4199 4422
7678 2 2 1 26 2619 3499 3740
7679 2 2 1 26 2584 4329 4898
7680 2 2 1 26 3323 3945 4262
7681 2 2 1 26 3075 3510 4658
7682 2 2 1 26 52 53 3811
7683 2 2 1 26 34 35 3812
7684 2 2 1 26 3103 3506 4759
7685 2 2 1 26 2830 3547 4416
7686 2 2 1 26 2831 4417 3548
7687 2 2 1 26 3070 4253 3514
7688 2 2 1 26 2620 4096 3953
7689 2 2 1 26 2963 3534 4184
7690 2 2 1 26 3073 4453 4147
7691 2 2 1 26 2740 4638 3506
7692 2 2 1 26 3296 3954 4168
7693 2 2 1 26 2649 3708 3979
7694 2 2 1 26 2787 4814 4034
7695 2 2 1 26 323 324 3959
7696 2 2 1 26 3095 4204 3615
7697 2 2 1 26 2894 3489 4581
7698 2 2 1 26 2686 4872 3578
7699 2 2 1 26 2612 4054 3611
7700 2 2 1 26 2657 4818 3542
7701 2 2 1 26 3175 4363 4046
7702 2 2 1 26 2638 3603 4091
7703 2 2 1 26 3007 4078 4854
7704 2 2 1 26 3008 4855 4079
7705 2 2 1 26 2828 4141 3583
7706 2 2 1 26 2995 3583 4141
7707 2 2 1 26 53 3492 3811
7708 2 2 1 26 34 3812 3493
7709 2 2 1 26 2645 4559 3524
7710 2 2 1 26 2646 3525 4560
7711 2 2 1 26 3062 3749 4107
7712 2 2 1 26 3516 3964 4519
7713 2 2 1 26 3294 3950 4398
7714 2 2 1 26 2870 4589 4402
7715 2 2 1 26 2871 4403 4590
7716 2 2 1 26 2656 4188 3495
7717 2 2 1 26 2615 4547 4447
7718 2 2 1 26 2856 3515 4927
7719 2 2 1 26 3298 4938 3489
7720 2 2 1 26 3108 4369 3874
7721 2 2 1 26 3028 4398 3801
7722 2 2 1 26 2977 4182 3573
7723 2 2 1 26 2625 4030 3626
7724 2 2 1 26 2738 4226 4410
7725 2 2 1 26 2600 4000 3938
7726 2 2 1 26 128 3695 4299
7727 2 2 1 26 39 40 4400
7728 2 2 1 26 2877 3706 4397
7729 2 2 1 26 3112 4397 3706
7730 2 2 1 26 2626 4258 3520
7731 2 2 1 26 2837 3651 4781
7732 2 2 1 26 2773 3265 4536
7733 2 2 1 26 47 48 4409
7734 2 2 1 26 3177 4304 4794
7735 2 2 1 26 3101 3858 3859
7736 2 2 1 26 2931 3859 3858
7737 2 2 1 26 3000 3871 3900
7738 2 2 1 26 2665 3601 4332
7739 2 2 1 26 2600 3938 3574
7740 2 2 1 26 2953 3553 4042
7741 2 2 1 26 2696 3932 3779
7742 2 2 1 26 2843 3483 4415
7743 2 2 1 26 258 259 4375
7744 2 2 1 26 3482 3714 4852
7745 2 2 1 26 3328 4826 4910
7746 2 2 1 26 2641 3531 4781
7747 2 2 1 26 2607 3593 4936
7748 2 2 1 26 4873 4232 2730
7749 2 2 1 26 2966 3683 4640
7750 2 2 1 26 2965 4641 3685
7751 2 2 1 26 3576 4232 4873
7752 2 2 1 26 3073 4355 3429
7753 2 2 1 26 3247 3537 4898
7754 2 2 1 26 2782 4488 3967
7755 2 2 1 26 2970 4884 3741
7756 2 2 1 26 2801 3591 4724
7757 2 2 1 26 2802 4725 3592
7758 2 2 1 26 3231 3930 4530
7759 2 2 1 26 2818 3596 4532
7760 2 2 1 26 2819 4533 3597
7761 2 2 1 26 2841 4530 3930
7762 2 2 1 26 3094 3769 4931
7763 2 2 1 26 3108 3874 3750
7764 2 2 1 26 2613 4588 3517
7765 2 2 1 26 2621 4422 3515
7766 2 2 1 26 2861 4870 4024
7767 2 2 1 26 2637 4647 4210
7768 2 2 1 26 3032 3928 4201
7769 2 2 1 26 3031 4200 3927
7770 2 2 1 26 3191 4482 4102
7771 2 2 1 26 2967 4312 3539
7772 2 2 1 26 3328 4910 3722
7773 2 2 1 26 3064 4324 3434
7774 2 2 1 26 2656 4108 4041
7775 2 2 1 26 2935 4699 3883
7776 2 2 1 26 2929 4506 3517
7777 2 2 1 26 2911 4958 4074
7778 2 2 1 26 3488 4074 4958
7779 2 2 1 26 3232 4767 3649
7780 2 2 1 26 3043 3565 4170
7781 2 2 1 26 2626 3520 4354
7782 2 2 1 26 3327 4405 3702
7783 2 2 1 26 2603 4616 3527
7784 2 2 1 26 2890 4491 3718
7785 2 2 1 26 2847 4192 3686
7786 2 2 1 26 2848 3684 4191
7787 2 2 1 26 2972 3742 3877
7788 2 2 1 26 2891 3662 3872
7789 2 2 1 26 2948 4906 3840
7790 2 2 1 26 2844 3501 4744
7791 2 2 1 26 2920 3639 4052
7792 2 2 1 26 2940 3584 4459
7793 2 2 1 26 2942 4460 3585
7794 2 2 1 26 3948 4860 4794
7795 2 2 1 26 301 4098 4847
7796 2 2 1 26 2960 4092 3533
7797 2 2 1 26 2910 4699 4139
7798 2 2 1 26 3211 4089 4249
7799 2 2 1 26 2643 4249 4089
7800 2 2 1 26 2689 3579 4132
7801 2 2 1 26 3199 4675 3897
7802 2 2 1 26 2892 3618 4085
7803 2 2 1 26 3384 4609 3864
7804 2 2 1 26 310 311 3972
7805 2 2 1 26 2844 4188 3396
7806 2 2 1 26 3132 4095 4679
7807 2 2 1 26 3049 3519 4440
7808 2 2 1 26 3368 4679 4095
7809 2 2 1 26 2757 4916 3558
7810 2 2 1 26 2835 3558 4917
7811 2 2 1 26 2709 3742 4018
7812 2 2 1 26 2935 3883 3911
7813 2 2 1 26 3076 3587 4538
7814 2 2 1 26 1 3501 4966
7815 2 2 1 26 2635 3287 4722
7816 2 2 1 26 2636 4723 3288
7817 2 2 1 26 278 279 3919
7818 2 2 1 26 8 54 3889
7819 2 2 1 26 6 3888 33
7820 2 2 1 26 2950 4462 3671
7821 2 2 1 26 2951 3670 4461
7822 2 2 1 26 2696 3817 3932
7823 2 2 1 26 2910 4106 4715
7824 2 2 1 26 63 3925 3624
7825 2 2 1 26 3364 4786 3734
7826 2 2 1 26 3241 3912 4512
7827 2 2 1 26 3124 4114 3599
7828 2 2 1 26 3359 4074 4948
7829 2 2 1 26 259 4664 3541
7830 2 2 1 26 3354 3886 4847
7831 2 2 1 26 3079 4572 3884
7832 2 2 1 26 2620 3635 4848
7833 2 2 1 26 363 4358 4790
7834 2 2 1 26 255 3528 4582
7835 2 2 1 26 55 56 3893
7836 2 2 1 26 31 32 3895
7837 2 2 1 26 2933 4332 3601
7838 2 2 1 26 2859 3590 4698
7839 2 2 1 26 2622 3595 4502
7840 2 2 1 26 2623 4503 3594
7841 2 2 1 26 2972 4018 3742
7842 2 2 1 26 294 295 3929
7843 2 2 1 26 2908 4027 4100
7844 2 2 1 26 5 3894 30
7845 2 2 1 26 9 57 3896
7846 2 2 1 26 3009 4321 3839
7847 2 2 1 26 2957 4705 4056
7848 2 2 1 26 3218 4083 4787
7849 2 2 1 26 2712 3540 4714
7850 2 2 1 26 4805 4322 2898
7851 2 2 1 26 3126 4096 4120
7852 2 2 1 26 3210 4488 4007
7853 2 2 1 26 2868 4932 3760
7854 2 2 1 26 2869 3761 4933
7855 2 2 1 26 3142 4122 4878
7856 2 2 1 26 2688 3724 4411
7857 2 2 1 26 2710 3795 3958
7858 2 2 1 26 2660 4743 3661
7859 2 2 1 26 2790 4908 4275
7860 2 2 1 26 2714 4292 3955
7861 2 2 1 26 3075 4501 3772
7862 2 2 1 26 2602 4635 4896
7863 2 2 1 26 363 364 4358
7864 2 2 1 26 2682 3573 4182
7865 2 2 1 26 3079 4532 4572
7866 2 2 1 26 3078 4571 4533
7867 2 2 1 26 3216 3990 4549
7868 2 2 1 26 2927 4252 3778
7869 2 2 1 26 2714 4676 3728
7870 2 2 1 26 2808 4703 3541
7871 2 2 1 26 3234 4504 3915
7872 2 2 1 26 2949 3958 3795
7873 2 2 1 26 3042 4416 3547
7874 2 2 1 26 3041 3548 4417
7875 2 2 1 26 2981 4213 3623
7876 2 2 1 26 254 255 4582
7877 2 2 1 26 3398 3629 4381
7878 2 2 1 26 3399 4382 3630
7879 2 2 1 26 2758 4276 3943
7880 2 2 1 26 2759 3944 4277
7881 2 2 1 26 2939 4624 3403
7882 2 2 1 26 58 59 3879
7883 2 2 1 26 28 29 3880
7884 2 2 1 26 2998 3900 3871
7885 2 2 1 26 2794 3582 4643
7886 2 2 1 26 3142 4878 4295
7887 2 2 1 26 2804 4594 4493
7888 2 2 1 26 2835 3545 4757
7889 2 2 1 26 2813 4845 3643
7890 2 2 1 26 3080 4375 3541
7891 2 2 1 26 2924 3948 4794
7892 2 2 1 26 2680 4318 3416
7893 2 2 1 26 2681 3417 4319
7894 2 2 1 26 318 319 4164
7895 2 2 1 26 3021 4011 3521
7896 2 2 1 26 3022 3522 4012
7897 2 2 1 26 2843 4214 3483
7898 2 2 1 26 3333 4238 4233
7899 2 2 1 26 3334 4234 4239
7900 2 2 1 26 2992 3483 4214
7901 2 2 1 26 2612 3783 4882
7902 2 2 1 26 3085 4260 4778
7903 2 2 1 26 2707 4008 4068
7904 2 2 1 26 3055 3995 3793
7905 2 2 1 26 3056 3794 3996
7906 2 2 1 26 3243 4937 4376
7907 2 2 1 26 3231 4530 4331
7908 2 2 1 26 2709 3911 3883
7909 2 2 1 26 3346 4911 4404
7910 2 2 1 26 309 310 4529
7911 2 2 1 26 3080 3541 4703
7912 2 2 1 26 2794 3694 4145
7913 2 2 1 26 2647 3591 4735
7914 2 2 1 26 2648 4736 3592
7915 2 2 1 26 2823 4065 4556
7916 2 2 1 26 3053 4744 3848
7917 2 2 1 26 234 235 4338
7918 2 2 1 26 338 339 4337
7919 2 2 1 26 2958 4707 3545
7920 2 2 1 26 3179 4596 3643
7921 2 2 1 26 2917 3931 3723
7922 2 2 1 26 2798 4670 3650
7923 2 2 1 26 2954 4867 3730
7924 2 2 1 26 3052 4445 3543
7925 2 2 1 26 3475 4773 4581
7926 2 2 1 26 3051 3961 4150
7927 2 2 1 26 2859 3546 4539
7928 2 2 1 26 3348 4803 4101
7929 2 2 1 26 3487 4493 4594
7930 2 2 1 26 3118 4040 4195
7931 2 2 1 26 2944 3957 3813
7932 2 2 1 26 2624 4084 3673
7933 2 2 1 26 2937 3559 4827
7934 2 2 1 26 2824 4622 3544
7935 2 2 1 26 352 3765 4944
7936 2 2 1 26 320 4155 4043
7937 2 2 1 26 2685 4237 3672
7938 2 2 1 26 2828 3612 4141
7939 2 2 1 26 3023 3511 4430
7940 2 2 1 26 2784 4153 4749
7941 2 2 1 26 2785 4751 4154
7942 2 2 1 26 62 3624 4303
7943 2 2 1 26 3158 4352 4651
7944 2 2 1 26 2989 3775 4426
7945 2 2 1 26 2988 3636 4211
7946 2 2 1 26 2587 3584 4137
7947 2 2 1 26 2586 4136 3585
7948 2 2 1 26 2701 4694 3550
7949 2 2 1 26 3261 4891 3568
7950 2 2 1 26 3009 4587 4321
7951 2 2 1 26 2891 4100 4027
7952 2 2 1 26 3472 4844 4036
7953 2 2 1 26 3729 4918 4424
7954 2 2 1 26 2855 3726 4086
7955 2 2 1 26 3114 4086 3726
7956 2 2 1 26 2790 3830 4908
7957 2 2 1 26 3098 4595 3586
7958 2 2 1 26 64 3665 3925
7959 2 2 1 26 2890 3533 4411
7960 2 2 1 26 2803 3586 4595
7961 2 2 1 26 3131 4229 4267
7962 2 2 1 26 231 232 3952
7963 2 2 1 26 2634 4491 3676
7964 2 2 1 26 2672 4038 3768
7965 2 2 1 26 2673 3767 4039
7966 2 2 1 26 3308 4339 4606
7967 2 2 1 26 3354 4847 4098
7968 2 2 1 26 2754 4778 4173
7969 2 2 1 26 3229 4849 3601
7970 2 2 1 26 3230 3602 4850
7971 2 2 1 26 2722 3757 4196
7972 2 2 1 26 41 3657 4183
7973 2 2 1 26 3212 4009 4133
7974 2 2 1 26 2794 4145 3582
7975 2 2 1 26 2601 3642 4765
7976 2 2 1 26 3270 4278 4928
7977 2 2 1 26 3272 4929 4279
7978 2 2 1 26 2706 3810 4060
7979 2 2 1 26 63 64 3925
7980 2 2 1 26 2663 3536 4473
7981 2 2 1 26 2694 3646 4296
7982 2 2 1 26 3046 4296 3646
7983 2 2 1 26 2722 3987 3841
7984 2 2 1 26 2995 4393 3583
7985 2 2 1 26 329 330 3985
7986 2 2 1 26 2978 3461 4643
7987 2 2 1 26 2854 3753 4073
7988 2 2 1 26 2805 3653 4297
7989 2 2 1 26 2806 4298 3654
7990 2 2 1 26 2828 4399 3554
7991 2 2 1 26 2691 4242 3675
7992 2 2 1 26 2691 3580 4242
7993 2 2 1 26 3045 3675 4242
7994 2 2 1 26 61 4303 3625
7995 2 2 1 26 301 302 4098
7996 2 2 1 26 2592 4345 3613
7997 2 2 1 26 3364 4056 4705
7998 2 2 1 26 4926 3073 3429
7999 2 2 1 26 3443 3965 4620
8000 2 2 1 26 2723 3814 4764
8001 2 2 1 26 3093 4349 3381
8002 2 2 1 26 2987 3600 4348
8003 2 2 1 26 3069 4138 4280
8004 2 2 1 26 2865 4831 3719
8005 2 2 1 26 2667 4457 3599
8006 2 2 1 26 3725 4885 4120
8007 2 2 1 26 2883 3390 3762
8008 2 2 1 26 2884 3763 3391
8009 2 2 1 26 3017 4350 3567
8010 2 2 1 26 258 4375 4023
8011 2 2 1 26 3118 3849 4040
8012 2 2 1 26 2732 4585 3788
8013 2 2 1 26 2601 4765 4636
8014 2 2 1 26 3038 3815 3977
8015 2 2 1 26 3027 4169 3539
8016 2 2 1 26 3273 4750 4597
8017 2 2 1 26 3149 4813 4239
8018 2 2 1 26 3150 4238 4812
8019 2 2 1 26 3366 4494 4742
8020 2 2 1 26 3840 4906 4342
8021 2 2 1 26 3320 4365 3827
8022 2 2 1 26 3319 3826 4364
8023 2 2 1 26 44 45 4119
8024 2 2 1 26 309 4529 3554
8025 2 2 1 26 3221 4473 4626
8026 2 2 1 26 2748 3656 4863
8027 2 2 1 26 2808 4527 3680
8028 2 2 1 26 3114 3680 4527
8029 2 2 1 26 2952 3864 4609
8030 2 2 1 26 3000 3987 3871
8031 2 2 1 26 3202 3508 4834
8032 2 2 1 26 129 130 4644
8033 2 2 1 26 2848 4640 3683
8034 2 2 1 26 2847 3685 4641
8035 2 2 1 26 2838 3730 4896
8036 2 2 1 26 3212 4133 4902
8037 2 2 1 26 2690 4193 3803
8038 2 2 1 26 3073 3463 4355
8039 2 2 1 26 3203 4835 3507
8040 2 2 1 26 2670 3711 4487
8041 2 2 1 26 2925 4228 4255
8042 2 2 1 26 2591 3631 4306
8043 2 2 1 26 42 43 4117
8044 2 2 1 26 245 246 4037
8045 2 2 1 26 3136 4956 3473
8046 2 2 1 26 2710 4402 3647
8047 2 2 1 26 2711 3648 4403
8048 2 2 1 26 3249 3598 4865
8049 2 2 1 26 2659 3679 4067
8050 2 2 1 26 3136 4084 3956
8051 2 2 1 26 2880 4554 3553
8052 2 2 1 26 3144 4617 4281
8053 2 2 1 26 3381 4898 4329
8054 2 2 1 26 2704 4293 3782
8055 2 2 1 26 3088 3782 4293
8056 2 2 1 26 2627 3713 4072
8057 2 2 1 26 2809 4350 4389
8058 2 2 1 26 3359 4389 4350
8059 2 2 1 26 3393 4147 4453
8060 2 2 1 26 3009 3574 3938
8061 2 2 1 26 2852 3570 4351
8062 2 2 1 26 3217 4018 4282
8063 2 2 1 26 2903 4093 3656
8064 2 2 1 26 2979 3815 4663
8065 2 2 1 26 3141 4066 4446
8066 2 2 1 26 3612 4755 3981
8067 2 2 1 26 3226 4804 4466
8068 2 2 1 26 2792 3737 3790
8069 2 2 1 26 3083 3591 4654
8070 2 2 1 26 3084 4655 3592
8071 2 2 1 26 3033 3614 4335
8072 2 2 1 26 2655 4335 3614
8073 2 2 1 26 3176 4868 3511
8074 2 2 1 26 3161 3562 4909
8075 2 2 1 26 3147 4924 4087
8076 2 2 1 26 3148 4088 4925
8077 2 2 1 26 3096 4483 4941
8078 2 2 1 26 3114 4877 4086
8079 2 2 1 26 2999 4032 3910
8080 2 2 1 26 2988 3403 4659
8081 2 2 1 26 2792 4681 3737
8082 2 2 1 26 2791 3791 3739
8083 2 2 1 26 2791 3739 4680
8084 2 2 1 26 243 244 4019
8085 2 2 1 26 2849 4081 3717
8086 2 2 1 26 3023 3652 4576
8087 2 2 1 26 3418 4030 4507
8088 2 2 1 26 3193 4568 4258
8089 2 2 1 26 2978 4511 3434
8090 2 2 1 26 2962 3824 4058
8091 2 2 1 26 3091 3572 4628
8092 2 2 1 26 274 275 4439
8093 2 2 1 26 2800 4628 3572
8094 2 2 1 26 3125 4111 3542
8095 2 2 1 26 226 227 4159
8096 2 2 1 26 3108 4327 4475
8097 2 2 1 26 2688 3549 4492
8098 2 2 1 26 3107 4474 3571
8099 2 2 1 26 2800 3572 4440
8100 2 2 1 26 3049 4440 3572
8101 2 2 1 26 3006 4415 4190
8102 2 2 1 26 2988 4467 3795
8103 2 2 1 26 36 37 4176
8104 2 2 1 26 50 51 4177
8105 2 2 1 26 3060 3928 4433
8106 2 2 1 26 3059 4432 3927
8107 2 2 1 26 2619 4548 3499
8108 2 2 1 26 2615 3500 4547
8109 2 2 1 26 2726 3623 4213
8110 2 2 1 26 3054 4103 3759
8111 2 2 1 26 3145 4553 4200
8112 2 2 1 26 3146 4201 4552
8113 2 2 1 26 3040 4429 3587
8114 2 2 1 26 3259 4182 4015
8115 2 2 1 26 2641 4781 3651
8116 2 2 1 26 3276 4896 4635
8117 2 2 1 26 2718 4178 4064
8118 2 2 1 26 2885 3666 4083
8119 2 2 1 26 2704 4127 3681
8120 2 2 1 26 227 4596 4159
8121 2 2 1 26 2722 3871 3987
8122 2 2 1 26 2730 3904 4873
8123 2 2 1 26 3529 4941 4483
8124 2 2 1 26 3000 4195 4040
8125 2 2 1 26 2687 4042 4554
8126 2 2 1 26 2756 4569 3567
8127 2 2 1 26 2715 4649 3716
8128 2 2 1 26 2731 4961 3976
8129 2 2 1 26 2895 4198 3637
8130 2 2 1 26 3271 4612 4748
8131 2 2 1 26 3029 3580 4408
8132 2 2 1 26 2837 4781 3629
8133 2 2 1 26 2597 4604 4022
8134 2 2 1 26 3114 4579 4877
8135 2 2 1 26 2741 3933 4499
8136 2 2 1 26 3130 4315 3902
8137 2 2 1 26 3198 4499 3933
8138 2 2 1 26 311 312 4253
8139 2 2 1 26 2602 4896 3730
8140 2 2 1 26 3049 3572 4510
8141 2 2 1 26 2608 3598 4697
8142 2 2 1 26 2691 4408 3580
8143 2 2 1 26 2997 4205 3924
8144 2 2 1 26 3010 3492 3889
8145 2 2 1 26 3011 3888 3493
8146 2 2 1 26 3091 4633 3572
8147 2 2 1 26 3036 4623 3658
8148 2 2 1 26 330 331 4708
8149 2 2 1 26 3291 3882 4673
8150 2 2 1 26 2603 3977 3913
8151 2 2 1 26 2933 3601 4297
8152 2 2 1 26 2934 4298 3602
8153 2 2 1 26 3554 4399 4126
8154 2 2 1 26 271 272 4339
8155 2 2 1 26 65 4442 3665
8156 2 2 1 26 2979 4094 4301
8157 2 2 1 26 3018 4500 3461
8158 2 2 1 26 2936 3902 4315
8159 2 2 1 26 3151 4138 4129
8160 2 2 1 26 3082 4392 3358
8161 2 2 1 26 2714 3899 4676
8162 2 2 1 26 346 347 4217
8163 2 2 1 26 3219 3573 4688
8164 2 2 1 26 270 271 4069
8165 2 2 1 26 3147 4514 4924
8166 2 2 1 26 3148 4925 4515
8167 2 2 1 26 306 307 4658
8168 2 2 1 26 3046 4241 4296
8169 2 2 1 26 2841 4629 3575
8170 2 2 1 26 2705 3583 4393
8171 2 2 1 26 43 3727 4117
8172 2 2 1 26 2663 4473 4017
8173 2 2 1 26 2731 3577 4584
8174 2 2 1 26 3275 4636 4765
8175 2 2 1 26 134 3855 4498
8176 2 2 1 26 2609 4327 3750
8177 2 2 1 26 132 3714 4607
8178 2 2 1 26 3120 3938 4000
8179 2 2 1 26 2726 4267 3623
8180 2 2 1 26 2900 4387 3640
8181 2 2 1 26 3044 3526 4313
8182 2 2 1 26 3027 4316 3690
8183 2 2 1 26 3266 4959 3603
8184 2 2 1 26 2803 4445 3586
8185 2 2 1 26 3052 3586 4445
8186 2 2 1 26 2854 4962 3705
8187 2 2 1 26 312 313 4777
8188 2 2 1 26 2891 4027 4902
8189 2 2 1 26 2692 4553 3969
8190 2 2 1 26 2693 3968 4552
8191 2 2 1 26 3089 3621 4287
8192 2 2 1 26 3222 4743 4093
8193 2 2 1 26 3069 4129 4138
8194 2 2 1 26 2653 4285 3491
8195 2 2 1 26 2697 3698 4469
8196 2 2 1 26 2698 4470 3699
8197 2 2 1 26 3420 3787 4815
8198 2 2 1 26 298 299 4822
8199 2 2 1 26 24 25 4103
8200 2 2 1 26 3040 3587 4436
8201 2 2 1 26 2964 3741 4104
8202 2 2 1 26 3681 4874 4293
8203 2 2 1 26 358 3903 4539
8204 2 2 1 26 2832 3523 4158
8205 2 2 1 26 3118 4742 4494
8206 2 2 1 26 3119 4486 4747
8207 2 2 1 26 2738 3856 4226
8208 2 2 1 26 3041 3613 4227
8209 2 2 1 26 125 4789 3671
8210 2 2 1 26 141 3670 4788
8211 2 2 1 26 3101 3849 4690
8212 2 2 1 26 3169 4555 3990
8213 2 2 1 26 3179 4159 4596
8214 2 2 1 26 2660 3703 4627
8215 2 2 1 26 2850 3529 4420
8216 2 2 1 26 3052 4468 3586
8217 2 2 1 26 3055 3776 3995
8218 2 2 1 26 3056 3996 3777
8219 2 2 1 26 2705 4501 3583
8220 2 2 1 26 2822 4550 4611
8221 2 2 1 26 3551 4611 4550
8222 2 2 1 26 3061 4010 4346
8223 2 2 1 26 3133 4660 4477
8224 2 2 1 26 3259 4886 4182
8225 2 2 1 26 2722 4196 3871
8226 2 2 1 26 2598 4040 3849
8227 2 2 1 26 2747 3874 4369
8228 2 2 1 26 2901 3608 4737
8229 2 2 1 26 3268 4778 4260
8230 2 2 1 26 3188 4465 3408
8231 2 2 1 26 2743 4864 3666
8232 2 2 1 26 2842 4946 3609
8233 2 2 1 26 2789 4935 4378
8234 2 2 1 26 2832 3561 4608
8235 2 2 1 26 3120 4000 4721
8236 2 2 1 26 3165 4033 4550
8237 2 2 1 26 2990 4376 3835
8238 2 2 1 26 2705 4203 3772
8239 2 2 1 26 3065 3988 3989
8240 2 2 1 26 3001 3989 3988
8241 2 2 1 26 2931 4352 4028
8242 2 2 1 26 3178 4028 4352
8243 2 2 1 26 40 41 4183
8244 2 2 1 26 3012 3751 4216
8245 2 2 1 26 3013 4215 3752
8246 2 2 1 26 336 4157 3744
8247 2 2 1 26 237 3743 4156
8248 2 2 1 26 2703 3636 4386
8249 2 2 1 26 2825 3588 4521
8250 2 2 1 26 3073 4630 3463
8251 2 2 1 26 2723 4522 3588
8252 2 2 1 26 3072 3462 4639
8253 2 2 1 26 3042 4223 3631
8254 2 2 1 26 3076 4851 3587
8255 2 2 1 26 3435 4649 3921
8256 2 2 1 26 3205 4863 3656
8257 2 2 1 26 46 47 4189
8258 2 2 1 26 7 44 4858
8259 2 2 1 26 2693 4201 3928
8260 2 2 1 26 2692 3927 4200
8261 2 2 1 26 3678 4322 4805
8262 2 2 1 26 25 3759 4103
8263 2 2 1 26 3025 4156 3743
8264 2 2 1 26 3026 3744 4157
8265 2 2 1 26 3012 3660 4067
8266 2 2 1 26 3001 3988 4419
8267 2 2 1 26 2725 4049 4199
8268 2 2 1 26 3169 4790 4358
8269 2 2 1 26 3292 3634 4314
8270 2 2 1 26 2953 4042 4130
8271 2 2 1 26 2629 4478 3836
8272 2 2 1 26 3001 4419 4236
8273 2 2 1 26 3236 4034 4814
8274 2 2 1 26 3079 4310 3785
8275 2 2 1 26 3078 3786 4311
8276 2 2 1 26 2651 3856 4392
8277 2 2 1 26 281 3785 4310
8278 2 2 1 26 292 4311 3786
8279 2 2 1 26 252 253 4205
8280 2 2 1 26 2612 3842 4054
8281 2 2 1 26 2922 3668 4076
8282 2 2 1 26 2923 4077 3667
8283 2 2 1 26 2912 4314 3802
8284 2 2 1 26 2706 4080 3810
8285 2 2 1 26 265 4361 3704
8286 2 2 1 26 3281 4914 3974
8287 2 2 1 26 3015 4069 4339
8288 2 2 1 26 2659 4787 4083
8289 2 2 1 26 3054 3759 4082
8290 2 2 1 26 2878 4520 3593
8291 2 2 1 26 2696 4436 4851
8292 2 2 1 26 2931 4028 4869
8293 2 2 1 26 2710 3512 4402
8294 2 2 1 26 2711 4403 3513
8295 2 2 1 26 3587 4851 4436
8296 2 2 1 26 3318 4196 3757
8297 2 2 1 26 2713 3702 4405
8298 2 2 1 26 3032 4201 4021
8299 2 2 1 26 3031 4020 4200
8300 2 2 1 26 2708 4360 4280
8301 2 2 1 26 2708 3644 4434
8302 2 2 1 26 336 337 4157
8303 2 2 1 26 236 237 4156
8304 2 2 1 26 3063 4384 4476
8305 2 2 1 26 3380 4476 4384
8306 2 2 1 26 3086 3459 4176
8307 2 2 1 26 3087 4177 3460
8308 2 2 1 26 3662 4897 3872
8309 2 2 1 26 2707 3690 4316
8310 2 2 1 26 2949 4467 4420
8311 2 2 1 26 3053 4194 3538
8312 2 2 1 26 2878 3593 4609
8313 2 2 1 26 3234 3719 4831
8314 2 2 1 26 2688 4411 4092
8315 2 2 1 26 2999 3910 4465
8316 2 2 1 26 2707 4316 3404
8317 2 2 1 26 2720 4572 3596
8318 2 2 1 26 2721 3597 4571
8319 2 2 1 26 2818 4601 3616
8320 2 2 1 26 2819 3617 4602
8321 2 2 1 26 2891 3872 4100
8322 2 2 1 26 3063 3628 4383
8323 2 2 1 26 3647 4402 4589
8324 2 2 1 26 3648 4590 4403
8325 2 2 1 26 2912 3802 4259
8326 2 2 1 26 3071 4259 3802
8327 2 2 1 26 3063 4476 3628
8328 2 2 1 26 2757 3628 4476
8329 2 2 1 26 2639 3876 4236
8330 2 2 1 26 2723 3853 4522
8331 2 2 1 26 2846 3897 4171
8332 2 2 1 26 3239 4171 3897
8333 2 2 1 26 2964 4178 3721
8334 2 2 1 26 3044 3723 4738
8335 2 2 1 26 2875 4479 3615
8336 2 2 1 26 3061 4346 3756
8337 2 2 1 26 3239 4692 3603
8338 2 2 1 26 3189 4830 3608
8339 2 2 1 26 3783 4259 4882
8340 2 2 1 26 245 4037 4718
8341 2 2 1 26 3054 4082 3906
8342 2 2 1 26 2641 4451 3610
8343 2 2 1 26 3004 3582 4145
8344 2 2 1 26 2842 3611 4806
8345 2 2 1 26 2980 4498 3855
8346 2 2 1 26 3339 4226 3856
8347 2 2 1 26 3120 4721 4567
8348 2 2 1 26 3071 4308 3659
8349 2 2 1 26 3243 4873 3904
8350 2 2 1 26 3024 4097 4343
8351 2 2 1 26 3082 4573 3923
8352 2 2 1 26 2850 3781 4269
8353 2 2 1 26 2599 4511 4165
8354 2 2 1 26 2737 4528 4003
8355 2 2 1 26 362 363 4790
8356 2 2 1 26 2845 4656 3727
8357 2 2 1 26 3134 4387 4800
8358 2 2 1 26 2757 3725 4916
8359 2 2 1 26 3209 4916 3725
8360 2 2 1 26 3635 4513 4848
8361 2 2 1 26 4848 4513 2976
8362 2 2 1 26 2604 3621 4632
8363 2 2 1 26 3267 4243 3857
8364 2 2 1 26 130 131 4112
8365 2 2 1 26 2903 4862 3527
8366 2 2 1 26 2854 3780 4962
8367 2 2 1 26 2828 4755 3612
8368 2 2 1 26 3089 4632 3621
8369 2 2 1 26 12 4243 2983
8370 2 2 1 26 2626 3862 4673
8371 2 2 1 26 357 4539 3546
8372 2 2 1 26 2724 4195 3900
8373 2 2 1 26 2608 4697 3571
8374 2 2 1 26 2928 3619 4754
8375 2 2 1 26 3047 3616 4601
8376 2 2 1 26 3048 4602 3617
8377 2 2 1 26 2655 4678 3615
8378 2 2 1 26 2655 3614 4678
8379 2 2 1 26 3095 3614 4717
8380 2 2 1 26 3095 3615 4678
8381 2 2 1 26 3095 4678 3614
8382 2 2 1 26 3420 4221 3806
8383 2 2 1 26 3432 4489 4170
8384 2 2 1 26 2654 4230 3962
8385 2 2 1 26 131 132 4607
8386 2 2 1 26 2816 3792 4134
8387 2 2 1 26 2767 4322 3678
8388 2 2 1 26 3151 4944 3765
8389 2 2 1 26 2605 4045 4131
8390 2 2 1 26 2631 4738 3723
8391 2 2 1 26 3201 3937 4859
8392 2 2 1 26 3261 4718 4037
8393 2 2 1 26 2945 4631 3622
8394 2 2 1 26 2830 4807 4928
8395 2 2 1 26 2831 4929 4808
8396 2 2 1 26 2701 4510 4633
8397 2 2 1 26 3267 3829 4101
8398 2 2 1 26 3066 4301 3669
8399 2 2 1 26 2634 4970 4347
8400 2 2 1 26 3010 3889 3456
8401 2 2 1 26 3011 3457 3888
8402 2 2 1 26 3012 4810 3751
8403 2 2 1 26 307 308 4126
8404 2 2 1 26 3096 4941 3692
8405 2 2 1 26 2626 4673 3882
8406 2 2 1 26 2904 3645 4497
8407 2 2 1 26 3103 4263 3693
8408 2 2 1 26 3345 3722 4910
8409 2 2 1 26 2624 3956 4084
8410 2 2 1 26 2860 3751 4810
8411 2 2 1 26 2705 3863 4203
8412 2 2 1 26 353 354 4687
8413 2 2 1 26 2937 4292 3728
8414 2 2 1 26 2704 3681 4293
8415 2 2 1 26 3572 4633 4510
8416 2 2 1 26 2816 4957 3792
8417 2 2 1 26 3295 4389 3986
8418 2 2 1 26 3049 4439 4179
8419 2 2 1 26 3157 4435 3348
8420 2 2 1 26 2768 4964 3718
8421 2 2 1 26 3111 4396 4180
8422 2 2 1 26 3112 4181 4397
8423 2 2 1 26 2943 3637 4861
8424 2 2 1 26 3362 4923 4400
8425 2 2 1 26 138 4380 3706
8426 2 2 1 26 2850 4941 3529
8427 2 2 1 26 2940 4459 3606
8428 2 2 1 26 2942 3607 4460
8429 2 2 1 26 3074 3705 4962
8430 2 2 1 26 2900 3473 4956
8431 2 2 1 26 3170 3677 4833
8432 2 2 1 26 2657 3542 4395
8433 2 2 1 26 3016 4508 3691
8434 2 2 1 26 3377 4556 4065
8435 2 2 1 26 2596 4261 4330
8436 2 2 1 26 2723 4764 3853
8437 2 2 1 26 3004 4165 3582
8438 2 2 1 26 3096 3692 4811
8439 2 2 1 26 2972 3807 4282
8440 2 2 1 26 2856 4927 3691
8441 2 2 1 26 3910 4969 4465
8442 2 2 1 26 3052 4220 4822
8443 2 2 1 26 2953 4130 3885
8444 2 2 1 26 26 4729 3759
8445 2 2 1 26 3037 4152 3841
8446 2 2 1 26 2722 3841 4152
8447 2 2 1 26 2618 3688 4912
8448 2 2 1 26 2614 4913 3689
8449 2 2 1 26 329 3985 4791
8450 2 2 1 26 2814 4459 3584
8451 2 2 1 26 2815 3585 4460
8452 2 2 1 26 2660 4093 4743
8453 2 2 1 26 3125 3542 4621
8454 2 2 1 26 2708 3881 4360
8455 2 2 1 26 2735 4191 3684
8456 2 2 1 26 2736 3686 4192
8457 2 2 1 26 2880 3696 4554
8458 2 2 1 26 3396 4188 4893
8459 2 2 1 26 3575 4629 3825
8460 2 2 1 26 2934 4507 3674
8461 2 2 1 26 3173 4543 4014
8462 2 2 1 26 3118 4690 3849
8463 2 2 1 26 2627 4551 3713
8464 2 2 1 26 3152 3792 4957
8465 2 2 1 26 2730 4828 3846
8466 2 2 1 26 2988 4211 4467
8467 2 2 1 26 2992 4214 4490
8468 2 2 1 26 3371 4409 4939
8469 2 2 1 26 2668 4859 3937
8470 2 2 1 26 302 303 4562
8471 2 2 1 26 2589 4216 3751
8472 2 2 1 26 2590 3752 4215
8473 2 2 1 26 2600 3978 4000
8474 2 2 1 26 2968 4881 3646
8475 2 2 1 26 2941 3526 4574
8476 2 2 1 26 2913 3890 4471
8477 2 2 1 26 2914 4472 3891
8478 2 2 1 26 2694 4296 3712
8479 2 2 1 26 2961 4168 3954
8480 2 2 1 26 3124 3806 4221
8481 2 2 1 26 2711 3513 4811
8482 2 2 1 26 3667 4077 4681
8483 2 2 1 26 3668 4680 4076
8484 2 2 1 26 3679 4110 4771
8485 2 2 1 26 3027 3690 4919
8486 2 2 1 26 2826 4903 4170
8487 2 2 1 26 3023 3885 4130
8488 2 2 1 26 2965 3894 3477
8489 2 2 1 26 2966 3479 3896
8490 2 2 1 26 244 4718 4019
8491 2 2 1 26 2965 3476 3894
8492 2 2 1 26 2966 3896 3478
8493 2 2 1 26 2967 3694 4454
8494 2 2 1 26 243 4019 4915
8495 2 2 1 26 3046 3646 4770
8496 2 2 1 26 2715 3921 4649
8497 2 2 1 26 366 4840 4809
8498 2 2 1 26 3053 4328 4744
8499 2 2 1 26 2908 4002 4158
8500 2 2 1 26 3071 3659 4882
8501 2 2 1 26 2890 4411 3724
8502 2 2 1 26 3447 4676 3899
8503 2 2 1 26 2870 3843 4589
8504 2 2 1 26 2871 4590 3844
8505 2 2 1 26 66 3820 4442
8506 2 2 1 26 22 4194 3848
8507 2 2 1 26 2918 4792 3973
8508 2 2 1 26 2996 3941 4068
8509 2 2 1 26 265 266 4361
8510 2 2 1 26 2955 3660 4224
8511 2 2 1 26 2956 4225 3661
8512 2 2 1 26 275 276 4179
8513 2 2 1 26 2936 4315 3716
8514 2 2 1 26 3335 4413 4909
8515 2 2 1 26 2928 4266 3766
8516 2 2 1 26 3570 4632 4351
8517 2 2 1 26 2909 4762 3805
8518 2 2 1 26 2697 3808 4180
8519 2 2 1 26 2698 4181 3809
8520 2 2 1 26 2612 4882 3659
8521 2 2 1 26 2860 4810 3679
8522 2 2 1 26 2829 3748 4734
8523 2 2 1 26 125 126 4789
8524 2 2 1 26 140 141 4788
8525 2 2 1 26 3190 3666 4864
8526 2 2 1 26 2621 4026 4570
8527 2 2 1 26 3638 4657 4780
8528 2 2 1 26 2725 4780 4657
8529 2 2 1 26 2756 4407 4035
8530 2 2 1 26 3174 4035 4407
8531 2 2 1 26 2732 3788 4204
8532 2 2 1 26 3088 3704 4361
8533 2 2 1 26 2829 4014 4543
8534 2 2 1 26 240 241 4741
8535 2 2 1 26 3008 4635 3800
8536 2 2 1 26 3007 3799 4636
8537 2 2 1 26 2695 4710 3802
8538 2 2 1 26 2835 4917 3771
8539 2 2 1 26 3209 3771 4917
8540 2 2 1 26 3081 4212 3755
8541 2 2 1 26 3285 4757 4072
8542 2 2 1 26 2876 3698 4396
8543 2 2 1 26 2877 4397 3699
8544 2 2 1 26 2985 4172 3768
8545 2 2 1 26 2986 3767 4173
8546 2 2 1 26 3714 4963 4607
8547 2 2 1 26 2735 3995 4062
8548 2 2 1 26 2736 4063 3996
8549 2 2 1 26 4963 3156 4607
8550 2 2 1 26 3107 4697 3598
8551 2 2 1 26 141 4955 3670
8552 2 2 1 26 125 3671 4954
8553 2 2 1 26 3108 3750 4327
8554 2 2 1 26 3284 3866 4142
8555 2 2 1 26 3209 3725 4320
8556 2 2 1 26 3028 4603 4398
8557 2 2 1 26 3009 3938 4294
8558 2 2 1 26 3112 3706 4380
8559 2 2 1 26 3200 3981 4755
8560 2 2 1 26 3450 4420 4467
8561 2 2 1 26 2903 3656 4862
8562 2 2 1 26 2744 3982 4404
8563 2 2 1 26 2623 3594 4333
8564 2 2 1 26 2622 4334 3595
8565 2 2 1 26 3153 4404 3982
8566 2 2 1 26 3000 3900 4195
8567 2 2 1 26 2832 4608 4010
8568 2 2 1 26 2910 4264 3883
8569 2 2 1 26 2742 4346 4010
8570 2 2 1 26 2693 4365 3968
8571 2 2 1 26 2692 3969 4364
8572 2 2 1 26 3141 4588 4066
8573 2 2 1 26 3326 4414 4934
8574 2 2 1 26 2731 4689 4047
8575 2 2 1 26 228 3643 4596
8576 2 2 1 26 3039 4388 4108
8577 2 2 1 26 2851 4756 3765
8578 2 2 1 26 3067 4734 3748
8579 2 2 1 26 3443 4645 4579
8580 2 2 1 26 2606 3923 4573
8581 2 2 1 26 2908 4100 3847
8582 2 2 1 26 3126 3953 4096
8583 2 2 1 26 3211 4754 4089
8584 2 2 1 26 2921 3675 4518
8585 2 2 1 26 3322 4490 4214
8586 2 2 1 26 287 3670 4955
8587 2 2 1 26 286 4954 3671
8588 2 2 1 26 3083 3504 4724
8589 2 2 1 26 3084 4725 3505
8590 2 2 1 26 2792 3790 2994
8591 2 2 1 26 2628 4016 4123
8592 2 2 1 26 3219 3905 4791
8593 2 2 1 26 2741 4499 4057
8594 2 2 1 26 2755 3906 4082
8595 2 2 1 26 2791 2993 3791
8596 2 2 1 26 3207 4057 4499
8597 2 2 1 26 3175 4123 4016
8598 2 2 1 26 2911 4463 3804
8599 2 2 1 26 3186 4589 3843
8600 2 2 1 26 3187 3844 4590
8601 2 2 1 26 328 4791 3905
8602 2 2 1 26 3028 3869 4174
8603 2 2 1 26 3333 4373 3843
8604 2 2 1 26 3334 3844 4374
8605 2 2 1 26 297 298 4220
8606 2 2 1 26 2780 3396 4621
8607 2 2 1 26 2726 4446 3700
8608 2 2 1 26 3232 3643 4761
8609 2 2 1 26 2912 4259 3783
8610 2 2 1 26 3059 4115 4330
8611 2 2 1 26 2705 3772 4501
8612 2 2 1 26 3117 4106 4142
8613 2 2 1 26 3144 4281 3733
8614 2 2 1 26 2667 3523 4457
8615 2 2 1 26 2672 3768 4613
8616 2 2 1 26 2673 4614 3767
8617 2 2 1 26 2972 4282 4018
8618 2 2 1 26 3050 4625 3712
8619 2 2 1 26 2860 3679 4771
8620 2 2 1 26 2925 4255 3640
8621 2 2 1 26 2625 3674 4507
8622 2 2 1 26 2585 4909 3562
8623 2 2 1 26 2990 4469 3698
8624 2 2 1 26 2991 3699 4470
8625 2 2 1 26 3215 3672 4841
8626 2 2 1 26 2780 4818 3421
8627 2 2 1 26 3054 3538 4103
8628 2 2 1 26 2788 4731 4121
8629 2 2 1 26 3017 4605 3804
8630 2 2 1 26 2898 3641 4805
8631 2 2 1 26 3262 4309 3958
8632 2 2 1 26 3310 4853 4558
8633 2 2 1 26 3455 4809 4840
8634 2 2 1 26 2996 4186 3941
8635 2 2 1 26 3024 4331 3980
8636 2 2 1 26 2670 3691 4508
8637 2 2 1 26 3143 4347 3678
8638 2 2 1 26 3036 4642 3967
8639 2 2 1 26 247 248 4235
8640 2 2 1 26 3281 4713 4302
8641 2 2 1 26 132 4852 3714
8642 2 2 1 26 2654 4669 3475
8643 2 2 1 26 2649 4579 4645
8644 2 2 1 26 2996 4068 4008
8645 2 2 1 26 3080 4703 3680
8646 2 2 1 26 2669 4320 3796
8647 2 2 1 26 2967 3539 4684
8648 2 2 1 26 2635 3983 4824
8649 2 2 1 26 2636 4825 3984
8650 2 2 1 26 3091 4577 3860
8651 2 2 1 26 3006 4190 3690
8652 2 2 1 26 2915 4229 3936
8653 2 2 1 26 3177 3936 4229
8654 2 2 1 26 2765 4224 4480
8655 2 2 1 26 2766 4481 4225
8656 2 2 1 26 3012 4216 4480
8657 2 2 1 26 3013 4481 4215
8658 2 2 1 26 2704 3782 4427
8659 2 2 1 26 3055 4599 4381
8660 2 2 1 26 3056 4382 4598
8661 2 2 1 26 22 23 4194
8662 2 2 1 26 3212 4114 4009
8663 2 2 1 26 289 290 4256
8664 2 2 1 26 283 284 4257
8665 2 2 1 26 2649 4645 3708
8666 2 2 1 26 3102 3708 4645
8667 2 2 1 26 3164 4105 4219
8668 2 2 1 26 2745 4142 4106
8669 2 2 1 26 3139 3731 4319
8670 2 2 1 26 3137 4318 3732
8671 2 2 1 26 3251 4008 4197
8672 2 2 1 26 2977 4015 4182
8673 2 2 1 26 2615 4447 4002
8674 2 2 1 26 303 304 4566
8675 2 2 1 26 3040 4098 4562
8676 2 2 1 26 2927 3778 4593
8677 2 2 1 26 3110 4593 3778
8678 2 2 1 26 3320 4447 4547
8679 2 2 1 26 3199 3818 4875
8680 2 2 1 26 250 4875 3818
8681 2 2 1 26 2638 4143 4876
8682 2 2 1 26 2744 4650 4760
8683 2 2 1 26 3432 4170 4903
8684 2 2 1 26 2808 3680 4703
8685 2 2 1 26 3153 4495 4404
8686 2 2 1 26 3346 4404 4495
8687 2 2 1 26 2611 4282 3807
8688 2 2 1 26 138 139 4380
8689 2 2 1 26 325 326 4265
8690 2 2 1 26 3214 3650 4285
8691 2 2 1 26 3044 4738 3526
8692 2 2 1 26 135 4691 3855
8693 2 2 1 26 3114 4752 3680
8694 2 2 1 26 3134 4113 4144
8695 2 2 1 26 3223 4654 4701
8696 2 2 1 26 3224 4702 4655
8697 2 2 1 26 2897 4062 3995
8698 2 2 1 26 2896 3996 4063
8699 2 2 1 26 3167 3855 4691
8700 2 2 1 26 2665 4332 4140
8701 2 2 1 26 2713 4405 3887
8702 2 2 1 26 351 352 4944
8703 2 2 1 26 61 62 4303
8704 2 2 1 26 3116 4108 4388
8705 2 2 1 26 314 3920 4940
8706 2 2 1 26 3033 4335 4689
8707 2 2 1 26 3094 4203 3863
8708 2 2 1 26 2998 3871 4196
8709 2 2 1 26 3113 4637 4425
8710 2 2 1 26 259 260 4664
8711 2 2 1 26 3016 3691 4927
8712 2 2 1 26 2917 4557 4505
8713 2 2 1 26 129 4644 3695
8714 2 2 1 26 2629 4832 3766
8715 2 2 1 26 3107 4368 4474
8716 2 2 1 26 3108 4475 4369
8717 2 2 1 26 2850 4269 3692
8718 2 2 1 26 228 4761 3643
8719 2 2 1 26 2753 4105 4286
8720 2 2 1 26 3243 3904 4937
8721 2 2 1 26 3143 3678 4805
8722 2 2 1 26 2875 4937 3904
8723 2 2 1 26 3245 4776 4334
8724 2 2 1 26 3244 4333 4775
8725 2 2 1 26 2594 4385 3934
8726 2 2 1 26 2748 4174 4128
8727 2 2 1 26 3107 3571 4697
8728 2 2 1 26 3101 4690 4449
8729 2 2 1 26 2729 4580 4184
8730 2 2 1 26 3221 4017 4473
8731 2 2 1 26 3253 4767 4148
8732 2 2 1 26 3414 4425 4637
8733 2 2 1 26 3593 4520 4936
8734 2 2 1 26 3057 4844 3866
8735 2 2 1 26 2745 3878 4535
8736 2 2 1 26 3076 3707 4851
8737 2 2 1 26 227 228 4596
8738 2 2 1 26 2753 4709 4105
8739 2 2 1 26 2668 4312 4786
8740 2 2 1 26 2729 3858 4423
8741 2 2 1 26 3101 4423 3858
8742 2 2 1 26 127 128 4299
8743 2 2 1 26 2967 4454 4312
8744 2 2 1 26 2588 4135 4007
8745 2 2 1 26 3088 4874 3704
8746 2 2 1 26 3123 3767 4614
8747 2 2 1 26 3122 4613 3768
8748 2 2 1 26 3380 4885 4476
8749 2 2 1 26 2829 4543 3748
8750 2 2 1 26 2644 4344 3898
8751 2 2 1 26 3260 3718 4964
8752 2 2 1 26 3091 3898 4344
8753 2 2 1 26 3145 3943 4276
8754 2 2 1 26 3146 4277 3944
8755 2 2 1 26 3323 4262 4890
8756 2 2 1 26 2858 2984 3737
8757 2 2 1 26 3306 4474 4368
8758 2 2 1 26 3307 4369 4475
8759 2 2 1 26 262 4377 3778
8760 2 2 1 26 2967 4519 3694
8761 2 2 1 26 280 281 4310
8762 2 2 1 26 292 293 4311
8763 2 2 1 26 2989 4007 4135
8764 2 2 1 26 3028 4883 3869
8765 2 2 1 26 2694 3712 4625
8766 2 2 1 26 3110 3778 4377
8767 2 2 1 26 3157 3485 4435
8768 2 2 1 26 2725 4657 4049
8769 2 2 1 26 2731 4218 4689
8770 2 2 1 26 2632 3892 4943
8771 2 2 1 26 2766 4240 4816
8772 2 2 1 26 2737 4003 4379
8773 2 2 1 26 3128 4379 4003
8774 2 2 1 26 3164 4286 4105
8775 2 2 1 26 2621 4570 4422
8776 2 2 1 26 2892 3704 4874
8777 2 2 1 26 3157 3348 4667
8778 2 2 1 26 2857 3739 2983
8779 2 2 1 26 3058 4741 3764
8780 2 2 1 26 3727 4656 4117
8781 2 2 1 26 2901 4737 3796
8782 2 2 1 26 2711 3692 4313
8783 2 2 1 26 3061 3599 4457
8784 2 2 1 26 365 366 4809
8785 2 2 1 26 2744 4287 3982
8786 2 2 1 26 2853 3709 4914
8787 2 2 1 26 2910 3883 4699
8788 2 2 1 26 3359 4463 4074
8789 2 2 1 26 3208 4080 4622
8790 2 2 1 26 3130 4391 4315
8791 2 2 1 26 2704 4427 3834
8792 2 2 1 26 2696 4851 3707
8793 2 2 1 26 2635 4722 3983
8794 2 2 1 26 2636 3984 4723
8795 2 2 1 26 3001 4236 3876
8796 2 2 1 26 3023 4576 3885
8797 2 2 1 26 3142 4713 4122
8798 2 2 1 26 3196 3908 4280
8799 2 2 1 26 3344 3718 4491
8800 2 2 1 26 2982 3716 4649
8801 2 2 1 26 2849 3717 4965
8802 2 2 1 26 2875 3715 4937
8803 2 2 1 26 3249 4231 4061
8804 2 2 1 26 2941 4574 3822
8805 2 2 1 26 3019 3663 4912
8806 2 2 1 26 3020 4913 3664
8807 2 2 1 26 2687 3697 4390
8808 2 2 1 26 2696 3779 4436
8809 2 2 1 26 3304 4549 4493
8810 2 2 1 26 2644 4679 4344
8811 2 2 1 26 3368 4344 4679
8812 2 2 1 26 3059 4711 4432
8813 2 2 1 26 3120 4294 3938
8814 2 2 1 26 3050 3784 4625
8815 2 2 1 26 3205 3656 4728
8816 2 2 1 26 316 317 4357
8817 2 2 1 26 2949 3795 4467
8818 2 2 1 26 2655 4967 3717
8819 2 2 1 26 2939 3821 4624
8820 2 2 1 26 2652 4009 4221
8821 2 2 1 26 3184 4479 3904
8822 2 2 1 26 2849 4963 3714
8823 2 2 1 26 253 3924 4205
8824 2 2 1 26 2656 3495 4804
8825 2 2 1 26 3004 4262 3945
8826 2 2 1 26 2875 3904 4479
8827 2 2 1 26 3179 4366 4159
8828 2 2 1 26 2651 4904 4036
8829 2 2 1 26 3286 4330 4261
8830 2 2 1 26 3376 4786 4312
8831 2 2 1 26 3075 4126 4399
8832 2 2 1 26 262 263 4377
8833 2 2 1 26 2737 3758 4528
8834 2 2 1 26 3063 4383 4044
8835 2 2 1 26 3114 3726 4752
8836 2 2 1 26 2716 4752 3726
8837 2 2 1 26 2718 4836 3721
8838 2 2 1 26 3370 4275 4193
8839 2 2 1 26 2708 4434 3881
8840 2 2 1 26 2627 3867 4551
8841 2 2 1 26 3366 4742 4295
8842 2 2 1 26 2724 4295 4742
8843 2 2 1 26 3286 4261 4949
8844 2 2 1 26 228 229 4761
8845 2 2 1 26 3151 3765 4756
8846 2 2 1 26 2851 3644 4756
8847 2 2 1 26 2974 3728 4676
8848 2 2 1 26 3069 3908 4696
8849 2 2 1 26 2997 3924 4841
8850 2 2 1 26 3215 4841 3924
8851 2 2 1 26 2994 3790 3469
8852 2 2 1 26 2850 3692 4941
8853 2 2 1 26 3309 4966 3501
8854 2 2 1 26 2867 4241 4034
8855 2 2 1 26 3367 4034 4241
8856 2 2 1 26 2993 3466 3791
8857 2 2 1 26 3193 4258 4583
8858 2 2 1 26 3003 4043 4155
8859 2 2 1 26 3166 4353 3838
8860 2 2 1 26 2865 3874 4831
8861 2 2 1 26 3375 4448 3876
8862 2 2 1 26 2765 4509 4224
8863 2 2 1 26 2601 4871 3642
8864 2 2 1 26 2757 4885 3725
8865 2 2 1 26 2629 3836 4832
8866 2 2 1 26 2721 3840 4342
8867 2 2 1 26 3294 4398 4603
8868 2 2 1 26 2594 3819 4385
8869 2 2 1 26 2928 3940 4266
8870 2 2 1 26 2832 4905 3523
8871 2 2 1 26 2717 3939 4746
8872 2 2 1 26 2596 4330 4115
8873 2 2 1 26 3080 4023 4375
8874 2 2 1 26 2711 4811 3692
8875 2 2 1 26 3012 4067 4810
8876 2 2 1 26 2969 3881 4434
8877 2 2 1 26 3185 4064 4178
8878 2 2 1 26 273 3798 4606
8879 2 2 1 26 3092 4427 4464
8880 2 2 1 26 2731 4047 4961
8881 2 2 1 26 3144 4045 4617
8882 2 2 1 26 2921 4518 3982
8883 2 2 1 26 2628 3835 4376
8884 2 2 1 26 3153 3982 4518
8885 2 2 1 26 3145 4200 4020
8886 2 2 1 26 3146 4021 4201
8887 2 2 1 26 2682 4182 4886
8888 2 2 1 26 132 133 4852
8889 2 2 1 26 272 273 4606
8890 2 2 1 26 3116 4041 4108
8891 2 2 1 26 2872 4410 4226
8892 2 2 1 26 17 224 4840
8893 2 2 1 26 3127 4303 3624
8894 2 2 1 26 3036 3909 4623
8895 2 2 1 26 2919 4414 3934
8896 2 2 1 26 3104 3934 4414
8897 2 2 1 26 3143 4805 3641
8898 2 2 1 26 2748 4146 4603
8899 2 2 1 26 2689 3741 4884
8900 2 2 1 26 2679 3694 4519
8901 2 2 1 26 3265 4036 4904
8902 2 2 1 26 3329 4022 4604
8903 2 2 1 26 3167 4677 3855
8904 2 2 1 26 126 3746 4789
8905 2 2 1 26 140 4788 3747
8906 2 2 1 26 2725 4199 4747
8907 2 2 1 26 2980 3855 4677
8908 2 2 1 26 3071 3802 4710
8909 2 2 1 26 362 4790 3581
8910 2 2 1 26 65 66 4442
8911 2 2 1 26 2816 4721 4957
8912 2 2 1 26 2772 4197 4892
8913 2 2 1 26 3029 4408 3833
8914 2 2 1 26 3017 3804 4463
8915 2 2 1 26 2791 4680 3668
8916 2 2 1 26 2792 3667 4681
8917 2 2 1 26 2758 3843 4373
8918 2 2 1 26 2759 4374 3844
8919 2 2 1 26 2721 4571 3840
8920 2 2 1 26 3060 4433 4726
8921 2 2 1 26 332 333 4763
8922 2 2 1 26 3246 4082 3759
8923 2 2 1 26 3245 3800 4245
8924 2 2 1 26 3244 4246 3799
8925 2 2 1 26 3349 4347 4970
8926 2 2 1 26 17 4840 366
8927 2 2 1 26 2918 4534 4792
8928 2 2 1 26 3079 3785 4532
8929 2 2 1 26 3078 4533 3786
8930 2 2 1 26 3279 4487 3797
8931 2 2 1 26 3180 4159 4366
8932 2 2 1 26 3282 4395 4111
8933 2 2 1 26 3134 4144 4109
8934 2 2 1 26 3127 3625 4303
8935 2 2 1 26 2642 3801 4398
8936 2 2 1 26 2908 3847 4002
8937 2 2 1 26 225 226 4846
8938 2 2 1 26 2979 4301 3913
8939 2 2 1 26 3209 4600 3771
8940 2 2 1 26 3303 4648 3764
8941 2 2 1 26 3154 4442 3820
8942 2 2 1 26 2757 4476 4885
8943 2 2 1 26 3269 4689 4335
8944 2 2 1 26 2959 3887 4405
8945 2 2 1 26 3090 4000 3978
8946 2 2 1 26 3505 4725 4149
8947 2 2 1 26 3155 4266 3940
8948 2 2 1 26 3072 4144 4113
8949 2 2 1 26 3092 3834 4427
8950 2 2 1 26 3061 4457 4905
8951 2 2 1 26 3019 4912 3688
8952 2 2 1 26 3020 3689 4913
8953 2 2 1 26 2750 4061 4231
8954 2 2 1 26 3366 4059 4494
8955 2 2 1 26 2855 3757 4947
8956 2 2 1 26 2823 4556 4698
8957 2 2 1 26 2631 3822 4574
8958 2 2 1 26 2630 4624 3821
8959 2 2 1 26 3403 4624 4659
8960 2 2 1 26 3070 3972 4253
8961 2 2 1 26 311 4253 3972
8962 2 2 1 26 3099 4333 3594
8963 2 2 1 26 3100 3595 4334
8964 2 2 1 26 3066 3913 4301
8965 2 2 1 26 2816 4134 4567
8966 2 2 1 26 3113 3892 4541
8967 2 2 1 26 3168 4674 4706
8968 2 2 1 26 3523 4905 4457
8969 2 2 1 26 3085 3854 4763
8970 2 2 1 26 3372 4121 4731
8971 2 2 1 26 3692 4269 4313
8972 2 2 1 26 2706 4060 4531
8973 2 2 1 26 3181 3651 4733
8974 2 2 1 26 2609 3941 4186
8975 2 2 1 26 3398 4381 4599
8976 2 2 1 26 3399 4598 4382
8977 2 2 1 26 2881 3830 4464
8978 2 2 1 26 2930 4541 3892
8979 2 2 1 26 241 3764 4741
8980 2 2 1 26 3310 3823 4853
8981 2 2 1 26 3129 4608 3561
8982 2 2 1 26 3259 4839 4886
8983 2 2 1 26 3121 3657 4758
8984 2 2 1 26 3138 3983 4722
8985 2 2 1 26 3140 4723 3984
8986 2 2 1 26 3062 4452 3966
8987 2 2 1 26 2669 4004 4600
8988 2 2 1 26 2842 3860 4577
8989 2 2 1 26 3156 3846 4828
8990 2 2 1 26 3157 4535 3485
8991 2 2 1 26 2991 3836 4478
8992 2 2 1 26 3164 4219 4619
8993 2 2 1 26 3099 4775 4333
8994 2 2 1 26 3100 4334 4776
8995 2 2 1 26 3016 4199 4049
8996 2 2 1 26 3357 4592 4024
8997 2 2 1 26 3053 3538 4273
8998 2 2 1 26 300 4847 3886
8999 2 2 1 26 3035 3766 4832
9000 2 2 1 26 3290 3955 4292
9001 2 2 1 26 3081 4068 3941
9002 2 2 1 26 3124 4838 3806
9003 2 2 1 26 3382 4783 3653
9004 2 2 1 26 3383 3654 4782
9005 2 2 1 26 2688 4426 3775
9006 2 2 1 26 3672 4237 4841
9007 2 2 1 26 2820 4324 3787
9008 2 2 1 26 3054 4273 3538
9009 2 2 1 26 304 305 4952
9010 2 2 1 26 2997 4237 4025
9011 2 2 1 26 2916 4931 3769
9012 2 2 1 26 2893 3850 4660
9013 2 2 1 26 2629 4866 4478
9014 2 2 1 26 3154 3665 4442
9015 2 2 1 26 2671 3804 4605
9016 2 2 1 26 2672 4796 4038
9017 2 2 1 26 2673 4039 4797
9018 2 2 1 26 2954 3730 4540
9019 2 2 1 26 348 349 4696
9020 2 2 1 26 3853 4764 4534
9021 2 2 1 26 3513 4240 4811
9022 2 2 1 26 2670 4934 3770
9023 2 2 1 26 256 257 4615
9024 2 2 1 26 2786 4281 4617
9025 2 2 1 26 2719 4663 3815
9026 2 2 1 26 2965 3831 4661
9027 2 2 1 26 2966 4662 3832
9028 2 2 1 26 2893 4660 3865
9029 2 2 1 26 3196 4280 4360
9030 2 2 1 26 2992 4360 3881
9031 2 2 1 26 3207 4444 4090
9032 2 2 1 26 2975 4090 4444
9033 2 2 1 26 2605 4815 3787
9034 2 2 1 26 3053 3848 4194
9035 2 2 1 26 2593 4031 4263
9036 2 2 1 26 2832 4010 4905
9037 2 2 1 26 2920 4537 3837
9038 2 2 1 26 3537 4505 4557
9039 2 2 1 26 3129 3561 4704
9040 2 2 1 26 2596 4139 4261
9041 2 2 1 26 3131 4304 4229
9042 2 2 1 26 3177 4229 4304
9043 2 2 1 26 3090 3978 4773
9044 2 2 1 26 3095 4717 3813
9045 2 2 1 26 2911 4074 4463
9046 2 2 1 26 2754 4542 4102
9047 2 2 1 26 3289 4158 4002
9048 2 2 1 26 3083 4471 3890
9049 2 2 1 26 3084 3891 4472
9050 2 2 1 26 2778 4482 4695
9051 2 2 1 26 3191 4102 4542
9052 2 2 1 26 3388 3825 4629
9053 2 2 1 26 2695 4326 3966
9054 2 2 1 26 2988 4659 3824
9055 2 2 1 26 2657 4395 4206
9056 2 2 1 26 2804 4493 4549
9057 2 2 1 26 3066 3960 4305
9058 2 2 1 26 2712 4468 3873
9059 2 2 1 26 2857 2983 4243
9060 2 2 1 26 2765 4817 4309
9061 2 2 1 26 135 136 4691
9062 2 2 1 26 2839 4364 3969
9063 2 2 1 26 2840 3968 4365
9064 2 2 1 26 3037 3796 4737
9065 2 2 1 26 2744 4760 4287
9066 2 2 1 26 3155 3940 4686
9067 2 2 1 26 3091 3860 4633
9068 2 2 1 26 18 4954 286
9069 2 2 1 26 19 287 4955
9070 2 2 1 26 3193 4184 4580
9071 2 2 1 26 3117 4715 4106
9072 2 2 1 26 2733 4686 3940
9073 2 2 1 26 3348 4101 4667
9074 2 2 1 26 3286 4711 4330
9075 2 2 1 26 2654 3962 4669
9076 2 2 1 26 3118 4494 4690
9077 2 2 1 26 240 4741 4160
9078 2 2 1 26 3122 3735 4613
9079 2 2 1 26 3123 4614 3736
9080 2 2 1 26 244 245 4718
9081 2 2 1 26 2686 4094 4872
9082 2 2 1 26 3070 4564 3981
9083 2 2 1 26 250 251 4875
9084 2 2 1 26 3355 4513 3907
9085 2 2 1 26 3165 4615 4023
9086 2 2 1 26 257 4023 4615
9087 2 2 1 26 3329 4073 4202
9088 2 2 1 26 2813 3702 4845
9089 2 2 1 26 2740 3980 4331
9090 2 2 1 26 3294 4540 3950
9091 2 2 1 26 2602 3800 4635
9092 2 2 1 26 2601 4636 3799
9093 2 2 1 26 2918 3853 4534
9094 2 2 1 26 2682 4886 3789
9095 2 2 1 26 2795 3813 4717
9096 2 2 1 26 2605 4131 4244
9097 2 2 1 26 3330 3727 4858
9098 2 2 1 26 3147 4512 3912
9099 2 2 1 26 3513 4816 4240
9100 2 2 1 26 3373 4424 4329
9101 2 2 1 26 19 4955 141
9102 2 2 1 26 18 125 4954
9103 2 2 1 26 3181 4733 4055
9104 2 2 1 26 3986 4389 4948
9105 2 2 1 26 3148 3915 4504
9106 2 2 1 26 3058 4219 4105
9107 2 2 1 26 328 329 4791
9108 2 2 1 26 2962 4058 4307
9109 2 2 1 26 2639 3850 4591
9110 2 2 1 26 2748 4603 4174
9111 2 2 1 26 2743 4305 3960
9112 2 2 1 26 3115 4764 3814
9113 2 2 1 26 2623 4078 4819
9114 2 2 1 26 2622 4820 4079
9115 2 2 1 26 2658 4953 3754
9116 2 2 1 26 3152 3962 4230
9117 2 2 1 26 300 301 4847
9118 2 2 1 26 3141 4546 4272
9119 2 2 1 26 2602 3730 4867
9120 2 2 1 26 2679 4519 3964
9121 2 2 1 26 3092 4591 3850
9122 2 2 1 26 242 243 4915
9123 2 2 1 26 3124 4221 4009
9124 2 2 1 26 2839 3499 4548
9125 2 2 1 26 2840 4547 3500
9126 2 2 1 26 2630 4659 4624
9127 2 2 1 26 3030 4558 4853
9128 2 2 1 26 3154 4431 3665
9129 2 2 1 26 313 314 4940
9130 2 2 1 26 3679 4810 4067
9131 2 2 1 26 2891 4336 3662
9132 2 2 1 26 3205 4592 4863
9133 2 2 1 26 3549 3967 4492
9134 2 2 1 26 3353 4118 4525
9135 2 2 1 26 3090 4773 4669
9136 2 2 1 26 2720 3884 4572
9137 2 2 1 26 3216 4321 4587
9138 2 2 1 26 3174 4407 4563
9139 2 2 1 26 3297 4563 4407
9140 2 2 1 26 2924 4526 3948
9141 2 2 1 26 3109 3948 4526
9142 2 2 1 26 2625 4507 4030
9143 2 2 1 26 3321 4918 3729
9144 2 2 1 26 3238 4567 4134
9145 2 2 1 26 3192 4274 4477
9146 2 2 1 26 2849 4965 3846
9147 2 2 1 26 3144 4131 4045
9148 2 2 1 26 3075 4658 4126
9149 2 2 1 26 3184 3846 4965
9150 2 2 1 26 3141 4446 4546
9151 2 2 1 26 3169 4358 4555
9152 2 2 1 26 3304 4493 3887
9153 2 2 1 26 3405 3926 4496
9154 2 2 1 26 3185 4071 4652
9155 2 2 1 26 2637 4652 4071
9156 2 2 1 26 2859 4539 3903
9157 2 2 1 26 2593 4759 4099
9158 2 2 1 26 2756 4035 4353
9159 2 2 1 26 2767 4926 4322
9160 2 2 1 26 3031 3927 4432
9161 2 2 1 26 3032 4433 3928
9162 2 2 1 26 3173 4372 3949
9163 2 2 1 26 2930 3899 4541
9164 2 2 1 26 2701 3951 4510
9165 2 2 1 26 2729 4651 3858
9166 2 2 1 26 39 4400 3774
9167 2 2 1 26 3376 4312 4454
9168 2 2 1 26 2963 4583 3882
9169 2 2 1 26 26 27 4729
9170 2 2 1 26 2708 4280 4138
9171 2 2 1 26 2751 3885 4576
9172 2 2 1 26 2902 4055 4733
9173 2 2 1 26 3202 4834 4137
9174 2 2 1 26 48 3773 4409
9175 2 2 1 26 3203 4136 4835
9176 2 2 1 26 2863 4661 3831
9177 2 2 1 26 2864 3832 4662
9178 2 2 1 26 3246 3759 4729
9179 2 2 1 26 3090 4669 3962
9180 2 2 1 26 3182 4244 4131
9181 2 2 1 26 2937 4827 4292
9182 2 2 1 26 3133 3865 4660
9183 2 2 1 26 353 4687 3765
9184 2 2 1 26 2995 4673 3862
9185 2 2 1 26 4047 4677 4961
9186 2 2 1 26 3162 4443 4542
9187 2 2 1 26 2695 3966 4452
9188 2 2 1 26 2749 4419 3988
9189 2 2 1 26 2607 4936 3838
9190 2 2 1 26 3166 3838 4936
9191 2 2 1 26 3069 4696 4185
9192 2 2 1 26 3177 4794 4860
9193 2 2 1 26 3220 4139 4699
9194 2 2 1 26 3464 4842 4565
9195 2 2 1 26 2674 4565 4842
9196 2 2 1 26 3214 4285 4716
9197 2 2 1 26 2709 3883 4264
9198 2 2 1 26 3553 4554 4042
9199 2 2 1 26 1 4966 3820
9200 2 2 1 26 2725 4747 3865
9201 2 2 1 26 2966 4640 3479
9202 2 2 1 26 2965 3477 4641
9203 2 2 1 26 3210 4492 3967
9204 2 2 1 26 3133 4780 3865
9205 2 2 1 26 2725 3865 4780
9206 2 2 1 26 3091 4344 4577
9207 2 2 1 26 2719 3869 4883
9208 2 2 1 26 2635 4824 4599
9209 2 2 1 26 2636 4598 4825
9210 2 2 1 26 3603 4959 4091
9211 2 2 1 26 3072 4668 4144
9212 2 2 1 26 2945 4091 4959
9213 2 2 1 26 351 4944 4129
9214 2 2 1 26 3127 4410 3625
9215 2 2 1 26 3085 4778 4102
9216 2 2 1 26 3484 4671 3861
9217 2 2 1 26 3126 4531 4060
9218 2 2 1 26 271 4339 4069
9219 2 2 1 26 3248 4423 4449
9220 2 2 1 26 3101 4449 4423
9221 2 2 1 26 2720 4046 4363
9222 2 2 1 26 2857 4803 3740
9223 2 2 1 26 2679 4890 4262
9224 2 2 1 26 3363 3861 4671
9225 2 2 1 26 3091 4628 3898
9226 2 2 1 26 3192 4236 4419
9227 2 2 1 26 2965 4661 3476
9228 2 2 1 26 2966 3478 4662
9229 2 2 1 26 2894 4773 3978
9230 2 2 1 26 2 4897 27
9231 2 2 1 26 3275 4824 3983
9232 2 2 1 26 3276 3984 4825
9233 2 2 1 26 2638 4091 4821
9234 2 2 1 26 3158 4150 4428
9235 2 2 1 26 2650 4428 4150
9236 2 2 1 26 2589 4238 4216
9237 2 2 1 26 2590 4215 4239
9238 2 2 1 26 332 4763 3854
9239 2 2 1 26 3094 3922 4837
9240 2 2 1 26 2734 4101 3829
9241 2 2 1 26 2740 4634 4638
9242 2 2 1 26 2761 4294 4418
9243 2 2 1 26 3397 4638 4634
9244 2 2 1 26 3030 4032 4558
9245 2 2 1 26 3233 4555 4358
9246 2 2 1 26 2647 4340 4278
9247 2 2 1 26 2648 4279 4341
9248 2 2 1 26 3389 4626 4149
9249 2 2 1 26 3609 4946 4095
9250 2 2 1 26 3220 4014 4949
9251 2 2 1 26 3270 4701 4278
9252 2 2 1 26 3272 4279 4702
9253 2 2 1 26 2768 4109 4144
9254 2 2 1 26 2927 3939 4620
9255 2 2 1 26 2802 4149 4725
9256 2 2 1 26 2653 4716 4285
9257 2 2 1 26 3098 3930 4575
9258 2 2 1 26 2883 4901 3390
9259 2 2 1 26 2884 3391 4900
9260 2 2 1 26 2787 4268 4814
9261 2 2 1 26 3336 4814 4268
9262 2 2 1 26 3116 4244 4378
9263 2 2 1 26 2752 4623 3909
9264 2 2 1 26 3347 3854 4823
9265 2 2 1 26 2773 4910 4826
9266 2 2 1 26 2849 3846 4963
9267 2 2 1 26 2656 4041 4893
9268 2 2 1 26 2597 4022 4704
9269 2 2 1 26 3123 4289 4323
9270 2 2 1 26 2917 4505 3931
9271 2 2 1 26 3156 4963 3846
9272 2 2 1 26 3398 4599 4824
9273 2 2 1 26 3399 4825 4598
9274 2 2 1 26 3542 4111 4395
9275 2 2 1 26 3177 4860 3936
9276 2 2 1 26 2728 3936 4860
9277 2 2 1 26 2733 4343 4097
9278 2 2 1 26 2695 4452 4710
9279 2 2 1 26 2931 4869 3859
9280 2 2 1 26 2927 4593 3939
9281 2 2 1 26 2948 3852 4906
9282 2 2 1 26 2869 4149 4626
9283 2 2 1 26 2829 4949 4014
9284 2 2 1 26 3425 4578 3975
9285 2 2 1 26 3546 4698 4556
9286 2 2 1 26 3495 4328 4920
9287 2 2 1 26 2760 4525 4118
9288 2 2 1 26 3116 4388 4244
9289 2 2 1 26 2927 4620 3965
9290 2 2 1 26 3020 4552 3968
9291 2 2 1 26 3019 3969 4553
9292 2 2 1 26 3150 4812 4817
9293 2 2 1 26 3149 4816 4813
9294 2 2 1 26 3130 4484 4391
9295 2 2 1 26 3102 4620 3939
9296 2 2 1 26 2830 4928 4124
9297 2 2 1 26 2831 4125 4929
9298 2 2 1 26 3015 4193 4275
9299 2 2 1 26 3170 4833 4175
9300 2 2 1 26 3235 4391 4484
9301 2 2 1 26 3533 4092 4411
9302 2 2 1 26 3061 4905 4010
9303 2 2 1 26 3068 4833 4363
9304 2 2 1 26 2597 4561 4604
9305 2 2 1 26 3044 4313 4269
9306 2 2 1 26 3136 3956 4956
9307 2 2 1 26 3290 4292 4827
9308 2 2 1 26 3481 4164 4793
9309 2 2 1 26 2765 4309 4509
9310 2 2 1 26 2702 3981 4564
9311 2 2 1 26 3042 3992 4416
9312 2 2 1 26 3041 4417 3993
9313 2 2 1 26 3138 4819 4078
9314 2 2 1 26 3140 4079 4820
9315 2 2 1 26 3404 4892 4197
9316 2 2 1 26 2593 4263 4759
9317 2 2 1 26 2647 4278 4701
9318 2 2 1 26 2648 4702 4279
9319 2 2 1 26 3154 3820 4730
9320 2 2 1 26 2684 4681 4077
9321 2 2 1 26 2683 4076 4680
9322 2 2 1 26 2617 4169 4919
9323 2 2 1 26 2724 4742 4195
9324 2 2 1 26 3055 3793 4599
9325 2 2 1 26 3056 4598 3794
9326 2 2 1 26 2630 3824 4659
9327 2 2 1 26 2774 4219 4648
9328 2 2 1 26 2777 4969 3910
9329 2 2 1 26 305 3991 4952
9330 2 2 1 26 3174 4881 4035
9331 2 2 1 26 3074 4962 3780
9332 2 2 1 26 3512 4309 4817
9333 2 2 1 26 2963 4184 4583
9334 2 2 1 26 3193 4583 4184
9335 2 2 1 26 3122 4367 4288
9336 2 2 1 26 3181 4055 4720
9337 2 2 1 26 3170 3898 4857
9338 2 2 1 26 3162 4542 4323
9339 2 2 1 26 2617 4919 4190
9340 2 2 1 26 3197 4546 4213
9341 2 2 1 26 2726 4213 4546
9342 2 2 1 26 3208 4821 4091
9343 2 2 1 26 3162 4323 4289
9344 2 2 1 26 2610 3866 4844
9345 2 2 1 26 2816 4567 4721
9346 2 2 1 26 3021 4233 4011
9347 2 2 1 26 3022 4012 4234
9348 2 2 1 26 3289 4002 4447
9349 2 2 1 26 3113 4943 3892
9350 2 2 1 26 2909 3933 4762
9351 2 2 1 26 3512 4817 4812
9352 2 2 1 26 3513 4813 4816
9353 2 2 1 26 2997 4841 4237
9354 2 2 1 26 3423 4712 4866
9355 2 2 1 26 2924 4794 3922
9356 2 2 1 26 2782 3967 4642
9357 2 2 1 26 3242 4570 4026
9358 2 2 1 26 2764 4494 4059
9359 2 2 1 26 2944 4706 3957
9360 2 2 1 26 3294 4603 4146
9361 2 2 1 26 3501 3848 4744
9362 2 2 1 26 2724 4325 4295
9363 2 2 1 26 3153 4143 4495
9364 2 2 1 26 2638 4495 4143
9365 2 2 1 26 2747 4088 4504
9366 2 2 1 26 2772 4202 4073
9367 2 2 1 26 3217 4732 3911
9368 2 2 1 26 2640 4837 3922
9369 2 2 1 26 2746 4512 4087
9370 2 2 1 26 3182 4131 4421
9371 2 2 1 26 3148 4515 4337
9372 2 2 1 26 3147 4338 4514
9373 2 2 1 26 2587 4137 4834
9374 2 2 1 26 3150 4480 4216
9375 2 2 1 26 3149 4215 4481
9376 2 2 1 26 2586 4835 4136
9377 2 2 1 26 2984 3790 3737
9378 2 2 1 26 3237 4760 4650
9379 2 2 1 26 2999 4700 4231
9380 2 2 1 26 3939 4593 4746
9381 2 2 1 26 3125 4893 4041
9382 2 2 1 26 3316 4496 3926
9383 2 2 1 26 3124 4009 4114
9384 2 2 1 26 2983 3739 3791
9385 2 2 1 26 3205 4024 4592
9386 2 2 1 26 2774 4619 4219
9387 2 2 1 26 3194 4278 4340
9388 2 2 1 26 3195 4341 4279
9389 2 2 1 26 2713 4300 4366
9390 2 2 1 26 3081 4525 4212
9391 2 2 1 26 3313 4674 4485
9392 2 2 1 26 330 4708 3985
9393 2 2 1 26 3168 4485 4674
9394 2 2 1 26 2734 4667 4101
9395 2 2 1 26 3450 4467 4211
9396 2 2 1 26 2842 4577 4946
9397 2 2 1 26 2798 4163 4779
9398 2 2 1 26 348 4696 3908
9399 2 2 1 26 3284 4142 4739
9400 2 2 1 26 2650 4653 4945
9401 2 2 1 26 2681 4922 4951
9402 2 2 1 26 2680 4950 4921
9403 2 2 1 26 225 4846 4070
9404 2 2 1 26 2743 3960 4720
9405 2 2 1 26 3073 4147 4630
9406 2 2 1 26 2593 3935 4889
9407 2 2 1 26 3163 4288 4367
9408 2 2 1 26 2933 4297 4783
9409 2 2 1 26 2934 4782 4298
9410 2 2 1 26 3265 3923 4536
9411 2 2 1 26 3178 4352 4428
9412 2 2 1 26 2944 4031 4706
9413 2 2 1 26 2728 4860 3948
9414 2 2 1 26 3168 4706 4031
9415 2 2 1 26 3142 4295 4325
9416 2 2 1 26 3317 3975 4578
9417 2 2 1 26 3072 4639 4151
9418 2 2 1 26 3155 4766 4266
9419 2 2 1 26 3205 4627 4024
9420 2 2 1 26 3175 4016 4740
9421 2 2 1 26 3428 3973 4792
9422 2 2 1 26 131 4607 4112
9423 2 2 1 26 3085 4102 4482
9424 2 2 1 26 3189 4362 4947
9425 2 2 1 26 3156 4112 4607
9426 2 2 1 26 2753 4286 4367
9427 2 2 1 26 3058 4160 4741
9428 2 2 1 26 3096 4811 4240
9429 2 2 1 26 2761 4719 3990
9430 2 2 1 26 2743 4720 4055
9431 2 2 1 26 3067 3917 4734
9432 2 2 1 26 3302 4604 4561
9433 2 2 1 26 3105 3731 4502
9434 2 2 1 26 3106 4503 3732
9435 2 2 1 26 3338 4337 4515
9436 2 2 1 26 3337 4514 4338
9437 2 2 1 26 3093 4329 4424
9438 2 2 1 26 3164 4441 4286
9439 2 2 1 26 3138 4722 4801
9440 2 2 1 26 3140 4802 4723
9441 2 2 1 26 3207 4090 4842
9442 2 2 1 26 2674 4842 4090
9443 2 2 1 26 3113 4541 4637
9444 2 2 1 26 3611 4054 4806
9445 2 2 1 26 2839 4548 4364
9446 2 2 1 26 2840 4365 4547
9447 2 2 1 26 3206 4866 4712
9448 2 2 1 26 275 4179 4439
9449 2 2 1 26 3070 4356 4564
9450 2 2 1 26 3183 4248 4386
9451 2 2 1 26 3129 4704 4022
9452 2 2 1 26 2703 4386 4248
9453 2 2 1 26 3368 4095 4946
9454 2 2 1 26 3171 4087 4924
9455 2 2 1 26 3172 4925 4088
9456 2 2 1 26 2900 4956 3956
9457 2 2 1 26 3125 4935 4111
9458 2 2 1 26 3309 4730 3820
9459 2 2 1 26 3148 4504 4088
9460 2 2 1 26 3235 4271 4391
9461 2 2 1 26 3163 4367 4286
9462 2 2 1 26 3045 4171 4876
9463 2 2 1 26 3239 4876 4171
9464 2 2 1 26 2780 4621 4818
9465 2 2 1 26 3033 4689 4218
9466 2 2 1 26 3147 4087 4512
9467 2 2 1 26 2745 4739 4142
9468 2 2 1 26 2608 4558 4032
9469 2 2 1 26 2684 3737 4681
9470 2 2 1 26 2715 4391 4271
9471 2 2 1 26 3085 4763 4260
9472 2 2 1 26 2683 4680 3739
9473 2 2 1 26 3381 4349 4670
9474 2 2 1 26 302 4562 4098
9475 2 2 1 26 2779 4740 4586
9476 2 2 1 26 2980 4677 4047
9477 2 2 1 26 2618 4283 4370
9478 2 2 1 26 2614 4371 4284
9479 2 2 1 26 3170 4857 4029
9480 2 2 1 26 2800 4029 4857
9481 2 2 1 26 3448 4779 4163
9482 2 2 1 26 3173 4222 4372
9483 2 2 1 26 3120 4418 4294
9484 2 2 1 26 3311 4806 4054
9485 2 2 1 26 27 4897 4729
9486 2 2 1 26 365 4809 3914
9487 2 2 1 26 3269 4047 4689
9488 2 2 1 26 3345 4910 4536
9489 2 2 1 26 2922 4076 4370
9490 2 2 1 26 2923 4371 4077
9491 2 2 1 26 3250 4160 4709
9492 2 2 1 26 2999 4465 4700
9493 2 2 1 26 3058 4709 4160
9494 2 2 1 26 3136 4140 4332
9495 2 2 1 26 3184 4967 4479
9496 2 2 1 26 3025 4038 4796
9497 2 2 1 26 3026 4797 4039
9498 2 2 1 26 3380 4120 4885
9499 2 2 1 26 2805 4798 4879
9500 2 2 1 26 2806 4880 4799
9501 2 2 1 26 3121 4117 4656
9502 2 2 1 26 3167 3976 4961
9503 2 2 1 26 3174 4563 4210
9504 2 2 1 26 2637 4210 4563
9505 2 2 1 26 3287 4801 4722
9506 2 2 1 26 3288 4723 4802
9507 2 2 1 26 2595 3986 4948
9508 2 2 1 26 3191 4542 4443
9509 2 2 1 26 3144 4421 4131
9510 2 2 1 26 3163 4286 4441
9511 2 2 1 26 3196 4490 4217
9512 2 2 1 26 3064 4617 4045
9513 2 2 1 26 2624 4113 4800
9514 2 2 1 26 2794 4643 4500
9515 2 2 1 26 2968 4035 4881
9516 2 2 1 26 3297 4693 4652
9517 2 2 1 26 3394 4945 4653
9518 2 2 1 26 3262 4509 4309
9519 2 2 1 26 3324 4952 3991
9520 2 2 1 26 3131 4856 4304
9521 2 2 1 26 3470 4951 4922
9522 2 2 1 26 3467 4921 4950
9523 2 2 1 26 3171 4340 4735
9524 2 2 1 26 3172 4736 4341
9525 2 2 1 26 3180 4846 4159
9526 2 2 1 26 3128 4537 4785
9527 2 2 1 26 3220 4261 4139
9528 2 2 1 26 3506 4099 4759
9529 2 2 1 26 3368 4946 4577
9530 2 2 1 26 3395 4964 4668
9531 2 2 1 26 3168 4031 4889
9532 2 2 1 26 2624 4800 3956
9533 2 2 1 26 2593 4889 4031
9534 2 2 1 26 3119 4570 4486
9535 2 2 1 26 3242 4486 4570
9536 2 2 1 26 3033 4218 4712
9537 2 2 1 26 3463 4630 4154
9538 2 2 1 26 3206 4712 4218
9539 2 2 1 26 333 4260 4763
9540 2 2 1 26 3099 4283 4544
9541 2 2 1 26 3100 4545 4284
9542 2 2 1 26 3322 4217 4490
9543 2 2 1 26 3213 4785 4052
9544 2 2 1 26 3110 4085 4746
9545 2 2 1 26 3121 4758 4117
9546 2 2 1 26 3125 4041 4935
9547 2 2 1 26 2635 4599 3793
9548 2 2 1 26 2636 3794 4598
9549 2 2 1 26 3462 4153 4639
9550 2 2 1 26 3135 4585 4586
9551 2 2 1 26 3588 4522 4521
9552 2 2 1 26 3077 4521 4522
9553 2 2 1 26 2732 4674 4585
9554 2 2 1 26 3313 4585 4674
9555 2 2 1 26 3313 4586 4585
9556 2 2 1 26 3209 4320 4600
9557 2 2 1 26 2669 4600 4320
9558 2 2 1 26 2805 4879 4437
9559 2 2 1 26 2806 4438 4880
9560 2 2 1 26 2922 4370 4283
9561 2 2 1 26 2923 4284 4371
9562 2 2 1 26 3157 4739 4535
9563 2 2 1 26 3083 4654 4471
9564 2 2 1 26 3084 4472 4655
9565 2 2 1 26 3474 4264 4715
9566 2 2 1 26 3180 4070 4846
9567 2 2 1 26 3158 4428 4352
9568 2 2 1 26 3133 4477 4274
9569 2 2 1 26 3475 4669 4773
9570 2 2 1 26 2884 4900 4167
9571 2 2 1 26 2883 4166 4901
9572 2 2 1 26 3282 4206 4395
9573 2 2 1 26 307 4126 4658
9574 2 2 1 26 2729 4423 4580
9575 2 2 1 26 3248 4580 4423
9576 2 2 1 26 2658 4321 4745
9577 2 2 1 26 3028 4174 4603
9578 2 2 1 26 3346 4495 4821
9579 2 2 1 26 2706 4531 4384
9580 2 2 1 26 3380 4384 4531
9581 2 2 1 26 2992 4490 4360
9582 2 2 1 26 3141 4272 4887
9583 2 2 1 26 3043 4170 4489
9584 2 2 1 26 3060 4726 4561
9585 2 2 1 26 3060 4561 4116
9586 2 2 1 26 3138 4801 4250
9587 2 2 1 26 3140 4251 4802
9588 2 2 1 26 3071 4882 4259
9589 2 2 1 26 3058 4105 4709
9590 2 2 1 26 3171 4516 4340
9591 2 2 1 26 3172 4341 4517
9592 2 2 1 26 3656 4093 4728
9593 2 2 1 26 2605 4244 4388
9594 2 2 1 26 3169 3990 4719
9595 2 2 1 26 2797 4672 4683
9596 2 2 1 26 2731 4584 4218
9597 2 2 1 26 3206 4218 4584
9598 2 2 1 26 42 4117 4758
9599 2 2 1 26 3119 4422 4570
9600 2 2 1 26 3185 4652 4693
9601 2 2 1 26 2853 4914 4302
9602 2 2 1 26 3281 4302 4914
9603 2 2 1 26 3009 4294 4587
9604 2 2 1 26 3180 4366 4300
9605 2 2 1 26 2677 4250 4801
9606 2 2 1 26 2678 4802 4251
9607 2 2 1 26 3232 4148 4767
9608 2 2 1 26 3245 4245 4776
9609 2 2 1 26 3244 4775 4246
9610 2 2 1 26 3393 4597 4147
9611 2 2 1 26 2754 4102 4778
9612 2 2 1 26 3198 4444 4499
9613 2 2 1 26 3207 4499 4444
9614 2 2 1 26 3118 4195 4742
9615 2 2 1 26 2608 4032 4865
9616 2 2 1 26 2750 4231 4700
9617 2 2 1 26 3197 4272 4546
9618 2 2 1 26 3194 4340 4516
9619 2 2 1 26 3195 4517 4341
9620 2 2 1 26 2767 4453 4926
9621 2 2 1 26 3395 4151 4612
9622 2 2 1 26 3526 4738 4574
9623 2 2 1 26 3539 4169 4684
9624 2 2 1 26 3512 4812 4402
9625 2 2 1 26 3513 4403 4813
9626 2 2 1 26 3182 4378 4244
9627 2 2 1 26 2587 4496 4768
9628 2 2 1 26 2777 4372 4222
9629 2 2 1 26 3094 4931 4203
9630 2 2 1 26 2603 4401 4616
9631 2 2 1 26 3196 4360 4490
9632 2 2 1 26 226 4159 4846
9633 2 2 1 26 3150 4216 4238
9634 2 2 1 26 3149 4239 4215
9635 2 2 1 26 3439 4564 4356
9636 2 2 1 26 3193 4580 4568
9637 2 2 1 26 3248 4568 4580
9638 2 2 1 26 3318 4086 4877
9639 2 2 1 26 2586 4769 4578
9640 2 2 1 26 2760 4212 4525
9641 2 2 1 26 2743 4055 4864
9642 2 2 1 26 2785 4630 4147
9643 2 2 1 26 3302 4561 4726
9644 2 2 1 26 3423 4317 4712
9645 2 2 1 26 349 4185 4696
9646 2 2 1 26 3255 4798 4665
9647 2 2 1 26 3256 4666 4799
9648 2 2 1 26 2726 4546 4446
9649 2 2 1 26 3020 4277 4552
9650 2 2 1 26 3019 4553 4276
9651 2 2 1 26 3690 4190 4919
9652 2 2 1 26 2784 4151 4639
9653 2 2 1 26 3134 4800 4113
9654 2 2 1 26 3037 4830 4152
9655 2 2 1 26 3189 4152 4830
9656 2 2 1 26 2773 4536 4910
9657 2 2 1 26 2754 4323 4542
9658 2 2 1 26 2775 4924 4514
9659 2 2 1 26 2776 4515 4925
9660 2 2 1 26 3166 4774 4353
9661 2 2 1 26 3090 4721 4000
9662 2 2 1 26 2856 4878 4122
9663 2 2 1 26 3223 4471 4654
9664 2 2 1 26 3224 4655 4472
9665 2 2 1 26 3169 4719 4790
9666 2 2 1 26 3363 4671 4883
9667 2 2 1 26 3059 4330 4711
9668 2 2 1 26 2804 4555 4594
9669 2 2 1 26 3341 4771 4110
9670 2 2 1 26 2688 4492 4426
9671 2 2 1 26 2910 4715 4264
9672 2 2 1 26 3443 4579 4527
9673 2 2 1 26 3236 4814 4610
9674 2 2 1 26 3336 4610 4814
9675 2 2 1 26 2768 4144 4668
9676 2 2 1 26 3368 4577 4344
9677 2 2 1 26 3252 4872 4094
9678 2 2 1 26 3088 4293 4874
9679 2 2 1 26 3030 4853 3949
9680 2 2 1 26 2623 4854 4078
9681 2 2 1 26 2622 4079 4855
9682 2 2 1 26 2719 4883 4671
9683 2 2 1 26 3046 4770 4210
9684 2 2 1 26 3151 4129 4944
9685 2 2 1 26 3175 4740 4247
9686 2 2 1 26 3204 4793 4164
9687 2 2 1 26 3119 4747 4199
9688 2 2 1 26 2761 4587 4294
9689 2 2 1 26 3341 4888 4771
9690 2 2 1 26 2597 4116 4561
9691 2 2 1 26 3045 4876 4143
9692 2 2 1 26 2883 4950 4166
9693 2 2 1 26 2884 4167 4951
9694 2 2 1 26 3155 4686 4685
9695 2 2 1 26 3199 4412 4675
9696 2 2 1 26 3369 4675 4412
9697 2 2 1 26 3378 4685 4686
9698 2 2 1 26 2785 4154 4630
9699 2 2 1 26 2805 4297 4849
9700 2 2 1 26 2806 4850 4298
9701 2 2 1 26 2784 4639 4153
9702 2 2 1 26 3141 4887 4588
9703 2 2 1 26 3171 4924 4516
9704 2 2 1 26 3172 4517 4925
9705 2 2 1 26 3174 4210 4770
9706 2 2 1 26 3216 4745 4321
9707 2 2 1 26 3089 4351 4632
9708 2 2 1 26 3068 4175 4833
9709 2 2 1 26 2631 4574 4738
9710 2 2 1 26 3581 4790 4719
9711 2 2 1 26 3145 4276 4553
9712 2 2 1 26 3146 4552 4277
9713 2 2 1 26 3527 4862 4128
9714 2 2 1 26 3182 4968 4378
9715 2 2 1 26 3309 3820 4966
9716 2 2 1 26 2779 4247 4740
9717 2 2 1 26 3511 4868 4430
9718 2 2 1 26 3321 4727 4918
9719 2 2 1 26 3120 4567 4418
9720 2 2 1 26 3319 4364 4548
9721 2 2 1 26 3320 4547 4365
9722 2 2 1 26 3229 4665 4798
9723 2 2 1 26 3230 4799 4666
9724 2 2 1 26 3351 4683 4672
9725 2 2 1 26 3423 4866 4766
9726 2 2 1 26 3461 4500 4643
9727 2 2 1 26 2629 4766 4866
9728 2 2 1 26 3393 4453 4772
9729 2 2 1 26 3027 4919 4169
9730 2 2 1 26 3097 4342 4906
9731 2 2 1 26 3210 4426 4492
9732 2 2 1 26 2656 4893 4188
9733 2 2 1 26 2647 4735 4340
9734 2 2 1 26 2648 4341 4736
9735 2 2 1 26 3206 4478 4866
9736 2 2 1 26 3367 4647 4907
9737 2 2 1 26 3263 4907 4647
9738 2 2 1 26 3300 3470 4922
9739 2 2 1 26 3299 4921 3467
9740 2 2 1 26 2660 4728 4093
9741 2 2 1 26 2864 4901 4166
9742 2 2 1 26 2863 4167 4900
9743 2 2 1 26 3142 4302 4713
9744 2 2 1 26 3326 4934 4508
9745 2 2 1 26 2670 4508 4934
9746 2 2 1 26 3025 4796 4290
9747 2 2 1 26 3026 4291 4797
9748 2 2 1 26 3297 4652 4563
9749 2 2 1 26 3103 4759 4263
9750 2 2 1 26 3138 4250 4819
9751 2 2 1 26 3140 4820 4251
9752 2 2 1 26 3228 4524 4888
9753 2 2 1 26 3033 4712 4317
9754 2 2 1 26 298 4822 4220
9755 2 2 1 26 3601 4849 4297
9756 2 2 1 26 3602 4298 4850
9757 2 2 1 26 3282 4573 4206
9758 2 2 1 26 3053 4920 4328
9759 2 2 1 26 2797 4784 4672
9760 2 2 1 26 3093 4727 4349
9761 2 2 1 26 3082 4206 4573
9762 2 2 1 26 2602 4867 4646
9763 2 2 1 26 3089 4287 4760
9764 2 2 1 26 3114 4527 4579
9765 2 2 1 26 3039 4815 4388
9766 2 2 1 26 3426 4290 4796
9767 2 2 1 26 3427 4797 4291
9768 2 2 1 26 2730 4232 4828
9769 2 2 1 26 3304 4745 4549
9770 2 2 1 26 2930 4942 4450
9771 2 2 1 26 3293 4569 4774
9772 2 2 1 26 2756 4774 4569
9773 2 2 1 26 2601 4618 4871
9774 2 2 1 26 3137 4819 4250
9775 2 2 1 26 3139 4251 4820
9776 2 2 1 26 3296 4450 4942
9777 2 2 1 26 2844 4744 4328
9778 2 2 1 26 2748 4863 4146
9779 2 2 1 26 3073 4926 4453
9780 2 2 1 26 3174 4770 4881
9781 2 2 1 26 2614 4284 4545
9782 2 2 1 26 2618 4544 4283
9783 2 2 1 26 3152 4957 3962
9784 2 2 1 26 3387 4908 4753
9785 2 2 1 26 3240 4753 4908
9786 2 2 1 26 3542 4818 4621
9787 2 2 1 26 3317 4578 4769
9788 2 2 1 26 3233 4594 4555
9789 2 2 1 26 2767 4394 4772
9790 2 2 1 26 3178 4428 4945
9791 2 2 1 26 2764 4449 4690
9792 2 2 1 26 2778 4823 4482
9793 2 2 1 26 2605 4388 4815
9794 2 2 1 26 2756 4353 4774
9795 2 2 1 26 251 4412 4875
9796 2 2 1 26 3213 4379 4785
9797 2 2 1 26 3128 4785 4379
9798 2 2 1 26 3408 4465 4969
9799 2 2 1 26 2623 4333 4854
9800 2 2 1 26 2622 4855 4334
9801 2 2 1 26 3227 4870 4523
9802 2 2 1 26 2789 4111 4935
9803 2 2 1 26 3449 4710 4452
9804 2 2 1 26 3255 4879 4798
9805 2 2 1 26 3256 4799 4880
9806 2 2 1 26 2833 4887 4272
9807 2 2 1 26 2764 4690 4494
9808 2 2 1 26 2637 4563 4652
9809 2 2 1 26 2650 4945 4428
9810 2 2 1 26 3225 4616 4401
9811 2 2 1 26 2640 4304 4856
9812 2 2 1 26 2739 4920 4273
9813 2 2 1 26 3366 4295 4878
9814 2 2 1 26 3324 4566 4952
9815 2 2 1 26 304 4952 4566
9816 2 2 1 26 2767 4772 4453
9817 2 2 1 26 2870 4402 4812
9818 2 2 1 26 2871 4813 4403
9819 2 2 1 26 3316 4768 4496
9820 2 2 1 26 3215 4582 4843
9821 2 2 1 26 3528 4843 4582
9822 2 2 1 26 3717 4967 4965
9823 2 2 1 26 2860 4771 4888
9824 2 2 1 26 3184 4965 4967
9825 2 2 1 26 2789 4968 4406
9826 2 2 1 26 3238 4418 4567
9827 2 2 1 26 3374 4458 4856
9828 2 2 1 26 2640 4856 4458
9829 2 2 1 26 3188 4700 4465
9830 2 2 1 26 3429 4322 4926
9831 2 2 1 26 2777 4222 4732
9832 2 2 1 26 2789 4378 4968
9833 2 2 1 26 3216 4549 4745
9834 2 2 1 26 3223 4701 4749
9835 2 2 1 26 3224 4751 4702
9836 2 2 1 26 3093 4918 4727
9837 2 2 1 26 2860 4888 4524
9838 2 2 1 26 2769 4432 4711
9839 2 2 1 26 2745 4535 4739
9840 2 2 1 26 3115 4534 4764
9841 2 2 1 26 3115 4792 4534
9842 2 2 1 26 3161 4909 4413
9843 2 2 1 26 3205 4728 4627
9844 2 2 1 26 3316 4437 4879
9845 2 2 1 26 3317 4880 4438
9846 2 2 1 26 3110 4746 4593
9847 2 2 1 26 3357 4646 4867
9848 2 2 1 26 3341 4871 4618
9849 2 2 1 26 3199 4875 4412
9850 2 2 1 26 2762 4246 4775
9851 2 2 1 26 2763 4776 4245
9852 2 2 1 26 2649 4877 4579
9853 2 2 1 26 3898 4628 4857
9854 2 2 1 26 3472 4795 4844
9855 2 2 1 26 2651 4392 4904
9856 2 2 1 26 2800 4857 4628
9857 2 2 1 26 2861 4523 4870
9858 2 2 1 26 2638 4821 4495
9859 2 2 1 26 3247 4899 4784
9860 2 2 1 26 2771 4349 4727
9861 2 2 1 26 3254 4772 4394
9862 2 2 1 26 3654 4298 4782
9863 2 2 1 26 3653 4783 4297
9864 2 2 1 26 3359 4948 4389
9865 2 2 1 26 3194 4928 4278
9866 2 2 1 26 3195 4279 4929
9867 2 2 1 26 2891 4902 4336
9868 2 2 1 26 3314 4672 4784
9869 2 2 1 26 2784 4749 4748
9870 2 2 1 26 2785 4750 4751
9871 2 2 1 26 3053 4273 4920
9872 2 2 1 26 2783 4430 4868
9873 2 2 1 26 3270 4749 4701
9874 2 2 1 26 3272 4702 4751
9875 2 2 1 26 3489 4938 4581
9876 2 2 1 26 3304 4953 4745
9877 2 2 1 26 3228 4888 4618
9878 2 2 1 26 3220 4949 4261
9879 2 2 1 26 3608 4830 4737
9880 2 2 1 26 3517 4588 4887
9881 2 2 1 26 3149 4481 4816
9882 2 2 1 26 3150 4817 4480
9883 2 2 1 26 3558 4916 4917
9884 2 2 1 26 3209 4917 4916
9885 2 2 1 26 3270 4807 4748
9886 2 2 1 26 3272 4750 4808
9887 2 2 1 26 3340 4777 4940
9888 2 2 1 26 313 4940 4777
9889 2 2 1 26 3166 4936 4520
9890 2 2 1 26 3341 4618 4888
9891 2 2 1 26 2984 3469 3790
9892 2 2 1 26 3357 4870 4646
9893 2 2 1 26 2658 4745 4953
9894 2 2 1 26 2983 3791 3466
9895 2 2 1 26 3159 4370 4076
9896 2 2 1 26 3160 4077 4371
9897 2 2 1 26 2660 4627 4728
9898 2 2 1 26 3364 4705 4859
9899 2 2 1 26 3314 4784 4899
9900 2 2 1 26 3037 4737 4830
9901 2 2 1 26 3271 4748 4807
9902 2 2 1 26 3273 4808 4750
9903 2 2 1 26 3255 4768 4879
9904 2 2 1 26 3256 4880 4769
9905 2 2 1 26 2770 4726 4433
9906 2 2 1 26 3227 4646 4870
9907 2 2 1 26 3270 4748 4749
9908 2 2 1 26 3272 4751 4750
9909 2 2 1 26 2610 4844 4795
9910 2 2 1 26 2766 4816 4481
9911 2 2 1 26 2765 4480 4817
9912 2 2 1 26 2775 4516 4924
9913 2 2 1 26 2776 4925 4517
9914 2 2 1 26 3266 4631 4959
9915 2 2 1 26 3229 4798 4849
9916 2 2 1 26 3230 4850 4799
9917 2 2 1 26 3167 4961 4677
9918 2 2 1 26 3093 4424 4918
9919 2 2 1 26 2945 4959 4631
9920 2 2 1 26 3646 4881 4770
9921 2 2 1 26 2768 4668 4964
9922 2 2 1 26 2834 4581 4938
9923 2 2 1 26 3314 4899 4779
9924 2 2 1 26 2805 4849 4798
9925 2 2 1 26 2806 4799 4850
9926 2 2 1 26 3298 4406 4968
9927 2 2 1 26 3316 4879 4768
9928 2 2 1 26 3317 4769 4880
9929 2 2 1 26 2681 4951 4167
9930 2 2 1 26 2680 4166 4950
9931 2 2 1 26 3201 4859 4705
9932 2 2 1 26 3244 4854 4333
9933 2 2 1 26 3245 4334 4855
9934 2 2 1 26 2798 4779 4899
9935 2 2 1 26 2 3 4050
9936 2 2 1 26 11 12 4051
9937 2 2 1 26 3 3468 3469
9938 2 2 1 26 3 3763 3468
9939 2 2 1 26 11 3466 3465
9940 2 2 1 26 11 3465 3762
$EndElements
